case_name,worker_count,well_count,worker_slot,axis_id,step_name,started_at,completed_at,step_seconds
ExampleColocalization,3,24,worker_0,W001,CorrectIlluminationCalculate,1777974662.8173995,1777974663.084138,0.2667384147644043
ExampleColocalization,3,24,worker_2,W003,CorrectIlluminationCalculate,1777974662.8690457,1777974663.138507,0.26946115493774414
ExampleColocalization,3,24,worker_1,W002,CorrectIlluminationCalculate,1777974662.8615823,1777974663.1390955,0.2775132656097412
ExampleColocalization,3,24,worker_0,W001,CorrectIlluminationCalculate,1777974663.0841813,1777974663.296066,0.2118847370147705
ExampleColocalization,3,24,worker_2,W003,CorrectIlluminationCalculate,1777974663.1385264,1777974663.3540792,0.21555280685424805
ExampleColocalization,3,24,worker_1,W002,CorrectIlluminationCalculate,1777974663.1391149,1777974663.3541896,0.21507477760314941
ExampleColocalization,3,24,worker_0,W001,Align,1777974663.2960854,1777974663.7338734,0.4377880096435547
ExampleColocalization,3,24,worker_1,W002,Align,1777974663.3542078,1777974663.8211298,0.4669220447540283
ExampleColocalization,3,24,worker_2,W003,Align,1777974663.3540976,1777974663.8247051,0.4706075191497803
ExampleColocalization,3,24,worker_0,W001,MeasureColocalization,1777974663.7338915,1777974664.109438,0.3755464553833008
ExampleColocalization,3,24,worker_2,W003,MeasureColocalization,1777974663.824723,1777974664.2008333,0.376110315322876
ExampleColocalization,3,24,worker_1,W002,MeasureColocalization,1777974663.82116,1777974664.207063,0.38590288162231445
ExampleColocalization,3,24,worker_0,W001,IdentifyPrimaryObjects,1777974664.1094625,1777974664.8330388,0.7235763072967529
ExampleColocalization,3,24,worker_2,W003,IdentifyPrimaryObjects,1777974664.200856,1777974664.8687267,0.6678707599639893
ExampleColocalization,3,24,worker_1,W002,IdentifyPrimaryObjects,1777974664.2070873,1777974664.904825,0.6977376937866211
ExampleColocalization,3,24,worker_2,W003,IdentifyPrimaryObjects,1777974664.8687506,1777974665.533885,0.6651344299316406
ExampleColocalization,3,24,worker_0,W001,IdentifyPrimaryObjects,1777974664.8330612,1777974665.5563982,0.723336935043335
ExampleColocalization,3,24,worker_1,W002,IdentifyPrimaryObjects,1777974664.9048457,1777974665.6007707,0.6959249973297119
ExampleColocalization,3,24,worker_2,W003,RelateObjects,1777974665.5339074,1777974665.6052663,0.07135891914367676
ExampleColocalization,3,24,worker_2,W003,ExpandOrShrinkObjects,1777974665.6052907,1777974665.62754,0.022249460220336914
ExampleColocalization,3,24,worker_0,W001,RelateObjects,1777974665.5564167,1777974665.6348605,0.07844376564025879
ExampleColocalization,3,24,worker_2,W003,ExpandOrShrinkObjects,1777974665.6275582,1777974665.6453722,0.017813920974731445
ExampleColocalization,3,24,worker_0,W001,ExpandOrShrinkObjects,1777974665.6348805,1777974665.6606402,0.02575969696044922
ExampleColocalization,3,24,worker_2,W003,ExpandOrShrinkObjects,1777974665.6453996,1777974665.6844225,0.03902292251586914
ExampleColocalization,3,24,worker_0,W001,ExpandOrShrinkObjects,1777974665.6606598,1777974665.6847188,0.024059057235717773
ExampleColocalization,3,24,worker_1,W002,RelateObjects,1777974665.6007957,1777974665.686883,0.08608722686767578
ExampleColocalization,3,24,worker_1,W002,ExpandOrShrinkObjects,1777974665.6869128,1777974665.713726,0.026813268661499023
ExampleColocalization,3,24,worker_0,W001,ExpandOrShrinkObjects,1777974665.6847358,1777974665.7245684,0.03983259201049805
ExampleColocalization,3,24,worker_2,W003,ExpandOrShrinkObjects,1777974665.6844404,1777974665.7248218,0.040381431579589844
ExampleColocalization,3,24,worker_1,W002,ExpandOrShrinkObjects,1777974665.7137494,1777974665.7427523,0.029002904891967773
ExampleColocalization,3,24,worker_0,W001,ExpandOrShrinkObjects,1777974665.724586,1777974665.7693622,0.044776201248168945
ExampleColocalization,3,24,worker_1,W002,ExpandOrShrinkObjects,1777974665.742777,1777974665.7823813,0.03960418701171875
ExampleColocalization,3,24,worker_2,W003,RelateObjects,1777974665.7248456,1777974665.8010058,0.07616019248962402
ExampleColocalization,3,24,worker_1,W002,ExpandOrShrinkObjects,1777974665.782405,1777974665.8206363,0.03823137283325195
ExampleColocalization,3,24,worker_0,W001,RelateObjects,1777974665.7693808,1777974665.8431108,0.0737299919128418
ExampleColocalization,3,24,worker_2,W003,ClassifyObjects,1777974665.801036,1777974665.865288,0.06425213813781738
ExampleColocalization,3,24,worker_1,W002,RelateObjects,1777974665.8206546,1777974665.884839,0.06418442726135254
ExampleColocalization,3,24,worker_0,W001,ClassifyObjects,1777974665.8431294,1777974665.9052992,0.062169790267944336
ExampleColocalization,3,24,worker_2,W003,FilterObjects,1777974665.8653126,1777974665.9499886,0.08467602729797363
ExampleColocalization,3,24,worker_1,W002,ClassifyObjects,1777974665.8848643,1777974665.950087,0.06522274017333984
ExampleColocalization,3,24,worker_2,W003,MaskObjects,1777974665.950013,1777974665.9893887,0.03937578201293945
ExampleColocalization,3,24,worker_0,W001,FilterObjects,1777974665.9053175,1777974665.999857,0.09453940391540527
ExampleColocalization,3,24,worker_2,W003,MeasureImageAreaOccupied,1777974665.9894104,1777974666.0218093,0.03239893913269043
ExampleColocalization,3,24,worker_0,W001,MaskObjects,1777974665.9998784,1777974666.0468235,0.04694509506225586
ExampleColocalization,3,24,worker_1,W002,FilterObjects,1777974665.950109,1777974666.0582602,0.10815119743347168
ExampleColocalization,3,24,worker_0,W001,MeasureImageAreaOccupied,1777974666.046843,1777974666.0801156,0.033272504806518555
ExampleColocalization,3,24,worker_1,W002,MaskObjects,1777974666.0582802,1777974666.10676,0.04847979545593262
ExampleColocalization,3,24,worker_1,W002,MeasureImageAreaOccupied,1777974666.1067781,1777974666.1297855,0.02300739288330078
ExampleColocalization,3,24,worker_2,W003,CalculateMath,1777974666.0218294,1777974666.14451,0.1226806640625
ExampleColocalization,3,24,worker_0,W001,CalculateMath,1777974666.0801334,1777974666.2013679,0.12123441696166992
ExampleColocalization,3,24,worker_1,W002,CalculateMath,1777974666.1298046,1777974666.253615,0.1238102912902832
ExampleColocalization,3,24,worker_2,W006,CorrectIlluminationCalculate,1777974666.1448169,1777974666.3052135,0.16039657592773438
ExampleColocalization,3,24,worker_0,W004,CorrectIlluminationCalculate,1777974666.2016776,1777974666.3714774,0.1697998046875
ExampleColocalization,3,24,worker_1,W005,CorrectIlluminationCalculate,1777974666.2538817,1777974666.4338377,0.17995595932006836
ExampleColocalization,3,24,worker_2,W006,CorrectIlluminationCalculate,1777974666.3052325,1777974666.4722283,0.16699576377868652
ExampleColocalization,3,24,worker_0,W004,CorrectIlluminationCalculate,1777974666.371495,1777974666.5466824,0.175187349319458
ExampleColocalization,3,24,worker_1,W005,CorrectIlluminationCalculate,1777974666.4338586,1777974666.6155717,0.18171310424804688
ExampleColocalization,3,24,worker_2,W006,Align,1777974666.4722486,1777974666.9382975,0.4660489559173584
ExampleColocalization,3,24,worker_0,W004,Align,1777974666.5467005,1777974666.9701548,0.42345428466796875
ExampleColocalization,3,24,worker_1,W005,Align,1777974666.6155992,1777974667.0475528,0.43195366859436035
ExampleColocalization,3,24,worker_2,W006,MeasureColocalization,1777974666.9383256,1777974667.2579744,0.31964874267578125
ExampleColocalization,3,24,worker_0,W004,MeasureColocalization,1777974666.9701743,1777974667.3347206,0.3645462989807129
ExampleColocalization,3,24,worker_1,W005,MeasureColocalization,1777974667.0475857,1777974667.4329278,0.3853421211242676
ExampleColocalization,3,24,worker_2,W006,IdentifyPrimaryObjects,1777974667.257992,1777974667.8596618,0.6016697883605957
ExampleColocalization,3,24,worker_0,W004,IdentifyPrimaryObjects,1777974667.3347404,1777974667.9836142,0.6488738059997559
ExampleColocalization,3,24,worker_1,W005,IdentifyPrimaryObjects,1777974667.4329522,1777974668.075306,0.6423537731170654
ExampleColocalization,3,24,worker_2,W006,IdentifyPrimaryObjects,1777974667.8596807,1777974668.48013,0.6204493045806885
ExampleColocalization,3,24,worker_2,W006,RelateObjects,1777974668.4801517,1777974668.541506,0.06135439872741699
ExampleColocalization,3,24,worker_2,W006,ExpandOrShrinkObjects,1777974668.5415232,1777974668.5636847,0.022161483764648438
ExampleColocalization,3,24,worker_2,W006,ExpandOrShrinkObjects,1777974668.563703,1777974668.5805066,0.016803503036499023
ExampleColocalization,3,24,worker_2,W006,ExpandOrShrinkObjects,1777974668.5805247,1777974668.615604,0.035079240798950195
ExampleColocalization,3,24,worker_2,W006,ExpandOrShrinkObjects,1777974668.615625,1777974668.64941,0.033785104751586914
ExampleColocalization,3,24,worker_0,W004,IdentifyPrimaryObjects,1777974667.9836338,1777974668.703618,0.7199842929840088
ExampleColocalization,3,24,worker_2,W006,RelateObjects,1777974668.6494312,1777974668.708081,0.05864977836608887
ExampleColocalization,3,24,worker_0,W004,RelateObjects,1777974668.7036378,1777974668.7624323,0.058794498443603516
ExampleColocalization,3,24,worker_2,W006,ClassifyObjects,1777974668.7081008,1777974668.766168,0.05806732177734375
ExampleColocalization,3,24,worker_1,W005,IdentifyPrimaryObjects,1777974668.07533,1777974668.7738528,0.6985228061676025
ExampleColocalization,3,24,worker_0,W004,ExpandOrShrinkObjects,1777974668.7624516,1777974668.7852383,0.022786617279052734
ExampleColocalization,3,24,worker_0,W004,ExpandOrShrinkObjects,1777974668.7852557,1777974668.8096933,0.024437665939331055
ExampleColocalization,3,24,worker_0,W004,ExpandOrShrinkObjects,1777974668.8097112,1777974668.8410816,0.03137040138244629
ExampleColocalization,3,24,worker_2,W006,FilterObjects,1777974668.7661865,1777974668.8468432,0.08065676689147949
ExampleColocalization,3,24,worker_1,W005,RelateObjects,1777974668.7738824,1777974668.847063,0.0731806755065918
ExampleColocalization,3,24,worker_1,W005,ExpandOrShrinkObjects,1777974668.847093,1777974668.8758018,0.028708696365356445
ExampleColocalization,3,24,worker_0,W004,ExpandOrShrinkObjects,1777974668.841103,1777974668.8814535,0.04035043716430664
ExampleColocalization,3,24,worker_2,W006,MaskObjects,1777974668.8468642,1777974668.895902,0.04903769493103027
ExampleColocalization,3,24,worker_1,W005,ExpandOrShrinkObjects,1777974668.8758256,1777974668.902667,0.026841402053833008
ExampleColocalization,3,24,worker_2,W006,MeasureImageAreaOccupied,1777974668.8959246,1777974668.9306266,0.03470206260681152
ExampleColocalization,3,24,worker_1,W005,ExpandOrShrinkObjects,1777974668.9026968,1777974668.944449,0.04175209999084473
ExampleColocalization,3,24,worker_0,W004,RelateObjects,1777974668.881471,1777974668.960739,0.07926797866821289
ExampleColocalization,3,24,worker_1,W005,ExpandOrShrinkObjects,1777974668.944466,1777974668.9814773,0.037011146545410156
ExampleColocalization,3,24,worker_0,W004,ClassifyObjects,1777974668.960762,1777974669.0329788,0.07221674919128418
ExampleColocalization,3,24,worker_1,W005,RelateObjects,1777974668.9815044,1777974669.0503967,0.06889224052429199
ExampleColocalization,3,24,worker_2,W006,CalculateMath,1777974668.9306464,1777974669.0637758,0.13312935829162598
ExampleColocalization,3,24,worker_1,W005,ClassifyObjects,1777974669.0504203,1777974669.113527,0.06310677528381348
ExampleColocalization,3,24,worker_0,W004,FilterObjects,1777974669.0329967,1777974669.1235087,0.09051203727722168
ExampleColocalization,3,24,worker_0,W004,MaskObjects,1777974669.1235328,1777974669.1644058,0.040873050689697266
ExampleColocalization,3,24,worker_1,W005,FilterObjects,1777974669.1135466,1777974669.2040622,0.0905156135559082
ExampleColocalization,3,24,worker_0,W004,MeasureImageAreaOccupied,1777974669.1644235,1777974669.2105632,0.04613971710205078
ExampleColocalization,3,24,worker_1,W005,MaskObjects,1777974669.2040813,1777974669.2527921,0.04871082305908203
ExampleColocalization,3,24,worker_2,W009,CorrectIlluminationCalculate,1777974669.06399,1777974669.2524343,0.1884441375732422
ExampleColocalization,3,24,worker_1,W005,MeasureImageAreaOccupied,1777974669.2528093,1777974669.277539,0.02472972869873047
ExampleColocalization,3,24,worker_0,W004,CalculateMath,1777974669.2105882,1777974669.3467088,0.13612055778503418
ExampleColocalization,3,24,worker_1,W005,CalculateMath,1777974669.2775588,1777974669.402494,0.12493515014648438
ExampleColocalization,3,24,worker_2,W009,CorrectIlluminationCalculate,1777974669.252452,1777974669.4117513,0.15929937362670898
ExampleColocalization,3,24,worker_0,W007,CorrectIlluminationCalculate,1777974669.34696,1777974669.5229425,0.17598247528076172
ExampleColocalization,3,24,worker_1,W008,CorrectIlluminationCalculate,1777974669.402718,1777974669.5815637,0.17884564399719238
ExampleColocalization,3,24,worker_0,W007,CorrectIlluminationCalculate,1777974669.5229633,1777974669.691873,0.16890978813171387
ExampleColocalization,3,24,worker_1,W008,CorrectIlluminationCalculate,1777974669.58158,1777974669.7520304,0.17045044898986816
ExampleColocalization,3,24,worker_2,W009,Align,1777974669.4117687,1777974669.8395915,0.4278228282928467
ExampleColocalization,3,24,worker_2,W009,MeasureColocalization,1777974669.8396108,1777974670.1230283,0.2834174633026123
ExampleColocalization,3,24,worker_0,W007,Align,1777974669.6918926,1777974670.1504598,0.45856714248657227
ExampleColocalization,3,24,worker_1,W008,Align,1777974669.7520475,1777974670.2188008,0.4667532444000244
ExampleColocalization,3,24,worker_0,W007,MeasureColocalization,1777974670.1504772,1777974670.4974518,0.34697461128234863
ExampleColocalization,3,24,worker_1,W008,MeasureColocalization,1777974670.2188225,1777974670.5630295,0.3442070484161377
ExampleColocalization,3,24,worker_2,W009,IdentifyPrimaryObjects,1777974670.1230462,1777974670.7588432,0.6357970237731934
ExampleColocalization,3,24,worker_0,W007,IdentifyPrimaryObjects,1777974670.497474,1777974671.1404934,0.643019437789917
ExampleColocalization,3,24,worker_1,W008,IdentifyPrimaryObjects,1777974670.5630474,1777974671.20672,0.6436727046966553
ExampleColocalization,3,24,worker_2,W009,IdentifyPrimaryObjects,1777974670.7588627,1777974671.4406466,0.68178391456604
ExampleColocalization,3,24,worker_2,W009,RelateObjects,1777974671.4406722,1777974671.5108175,0.0701453685760498
ExampleColocalization,3,24,worker_2,W009,ExpandOrShrinkObjects,1777974671.5108352,1777974671.5320268,0.02119159698486328
ExampleColocalization,3,24,worker_2,W009,ExpandOrShrinkObjects,1777974671.5320442,1777974671.5596995,0.027655363082885742
ExampleColocalization,3,24,worker_2,W009,ExpandOrShrinkObjects,1777974671.5597177,1777974671.5975733,0.03785562515258789
ExampleColocalization,3,24,worker_2,W009,ExpandOrShrinkObjects,1777974671.5975916,1777974671.634704,0.03711247444152832
ExampleColocalization,3,24,worker_2,W009,RelateObjects,1777974671.6347225,1777974671.7143407,0.07961821556091309
ExampleColocalization,3,24,worker_2,W009,ClassifyObjects,1777974671.7143636,1777974671.7867172,0.07235360145568848
ExampleColocalization,3,24,worker_0,W007,IdentifyPrimaryObjects,1777974671.140516,1777974671.7988927,0.6583766937255859
ExampleColocalization,3,24,worker_0,W007,RelateObjects,1777974671.79891,1777974671.8552544,0.05634450912475586
ExampleColocalization,3,24,worker_1,W008,IdentifyPrimaryObjects,1777974671.2067425,1777974671.8739216,0.6671791076660156
ExampleColocalization,3,24,worker_2,W009,FilterObjects,1777974671.7867343,1777974671.87974,0.09300565719604492
ExampleColocalization,3,24,worker_0,W007,ExpandOrShrinkObjects,1777974671.855273,1777974671.8800886,0.02481555938720703
ExampleColocalization,3,24,worker_0,W007,ExpandOrShrinkObjects,1777974671.880107,1777974671.9038484,0.023741483688354492
ExampleColocalization,3,24,worker_2,W009,MaskObjects,1777974671.8797593,1777974671.92859,0.04883074760437012
ExampleColocalization,3,24,worker_0,W007,ExpandOrShrinkObjects,1777974671.903872,1777974671.934426,0.03055405616760254
ExampleColocalization,3,24,worker_1,W008,RelateObjects,1777974671.873946,1777974671.9389484,0.06500244140625
ExampleColocalization,3,24,worker_1,W008,ExpandOrShrinkObjects,1777974671.938973,1777974671.9652252,0.026252269744873047
ExampleColocalization,3,24,worker_2,W009,MeasureImageAreaOccupied,1777974671.9286087,1777974671.9662297,0.03762102127075195
ExampleColocalization,3,24,worker_0,W007,ExpandOrShrinkObjects,1777974671.934445,1777974671.974005,0.03956007957458496
ExampleColocalization,3,24,worker_1,W008,ExpandOrShrinkObjects,1777974671.9652452,1777974671.9892962,0.02405095100402832
ExampleColocalization,3,24,worker_1,W008,ExpandOrShrinkObjects,1777974671.989314,1777974672.018836,0.029521942138671875
ExampleColocalization,3,24,worker_0,W007,RelateObjects,1777974671.9740295,1777974672.0399325,0.0659029483795166
ExampleColocalization,3,24,worker_1,W008,ExpandOrShrinkObjects,1777974672.0188565,1777974672.049962,0.031105518341064453
ExampleColocalization,3,24,worker_1,W008,RelateObjects,1777974672.0499794,1777974672.099436,0.04945659637451172
ExampleColocalization,3,24,worker_0,W007,ClassifyObjects,1777974672.039954,1777974672.0993898,0.05943584442138672
ExampleColocalization,3,24,worker_2,W009,CalculateMath,1777974671.9662478,1777974672.0983613,0.13211345672607422
ExampleColocalization,3,24,worker_1,W008,ClassifyObjects,1777974672.0994537,1777974672.1561952,0.05674147605895996
ExampleColocalization,3,24,worker_0,W007,FilterObjects,1777974672.0994115,1777974672.1783097,0.07889819145202637
ExampleColocalization,3,24,worker_0,W007,MaskObjects,1777974672.1783354,1777974672.2216327,0.04329729080200195
ExampleColocalization,3,24,worker_1,W008,FilterObjects,1777974672.1562123,1777974672.2414799,0.08526754379272461
ExampleColocalization,3,24,worker_0,W007,MeasureImageAreaOccupied,1777974672.2216516,1777974672.2674468,0.04579520225524902
ExampleColocalization,3,24,worker_2,W012,CorrectIlluminationCalculate,1777974672.098608,1777974672.2840345,0.1854264736175537
ExampleColocalization,3,24,worker_1,W008,MaskObjects,1777974672.2415009,1777974672.2925744,0.051073551177978516
ExampleColocalization,3,24,worker_1,W008,MeasureImageAreaOccupied,1777974672.2925925,1777974672.3214862,0.028893709182739258
ExampleColocalization,3,24,worker_0,W007,CalculateMath,1777974672.2674687,1777974672.3949053,0.12743663787841797
ExampleColocalization,3,24,worker_2,W012,CorrectIlluminationCalculate,1777974672.2840512,1777974672.440955,0.15690374374389648
ExampleColocalization,3,24,worker_1,W008,CalculateMath,1777974672.321508,1777974672.443927,0.12241911888122559
ExampleColocalization,3,24,worker_0,W010,CorrectIlluminationCalculate,1777974672.3951714,1777974672.5718477,0.17667627334594727
ExampleColocalization,3,24,worker_1,W011,CorrectIlluminationCalculate,1777974672.4441833,1777974672.633732,0.18954873085021973
ExampleColocalization,3,24,worker_0,W010,CorrectIlluminationCalculate,1777974672.5718703,1777974672.7353973,0.1635270118713379
ExampleColocalization,3,24,worker_1,W011,CorrectIlluminationCalculate,1777974672.6337562,1777974672.8132737,0.17951750755310059
ExampleColocalization,3,24,worker_2,W012,Align,1777974672.4409733,1777974672.8828795,0.441906213760376
ExampleColocalization,3,24,worker_0,W010,Align,1777974672.7354176,1777974673.1712182,0.43580055236816406
ExampleColocalization,3,24,worker_2,W012,MeasureColocalization,1777974672.8829033,1777974673.1860197,0.3031163215637207
ExampleColocalization,3,24,worker_1,W011,Align,1777974672.813291,1777974673.2848413,0.47155022621154785
ExampleColocalization,3,24,worker_0,W010,MeasureColocalization,1777974673.1712437,1777974673.5185902,0.34734654426574707
ExampleColocalization,3,24,worker_1,W011,MeasureColocalization,1777974673.2848606,1777974673.6278427,0.34298205375671387
ExampleColocalization,3,24,worker_2,W012,IdentifyPrimaryObjects,1777974673.1860387,1777974673.8585389,0.6725001335144043
ExampleColocalization,3,24,worker_0,W010,IdentifyPrimaryObjects,1777974673.5186214,1777974674.1749372,0.656315803527832
ExampleColocalization,3,24,worker_1,W011,IdentifyPrimaryObjects,1777974673.6278603,1777974674.280474,0.652613639831543
ExampleColocalization,3,24,worker_2,W012,IdentifyPrimaryObjects,1777974673.8585572,1777974674.535433,0.6768758296966553
ExampleColocalization,3,24,worker_2,W012,RelateObjects,1777974674.5354505,1777974674.6071415,0.07169103622436523
ExampleColocalization,3,24,worker_2,W012,ExpandOrShrinkObjects,1777974674.6071694,1777974674.6270607,0.01989126205444336
ExampleColocalization,3,24,worker_2,W012,ExpandOrShrinkObjects,1777974674.6270778,1777974674.6485422,0.02146434783935547
ExampleColocalization,3,24,worker_2,W012,ExpandOrShrinkObjects,1777974674.6485853,1777974674.6935344,0.04494905471801758
ExampleColocalization,3,24,worker_2,W012,ExpandOrShrinkObjects,1777974674.6935544,1777974674.732661,0.03910660743713379
ExampleColocalization,3,24,worker_2,W012,RelateObjects,1777974674.7326813,1777974674.799053,0.06637167930603027
ExampleColocalization,3,24,worker_0,W010,IdentifyPrimaryObjects,1777974674.1749606,1777974674.824288,0.649327278137207
ExampleColocalization,3,24,worker_2,W012,ClassifyObjects,1777974674.7990713,1777974674.8637002,0.06462883949279785
ExampleColocalization,3,24,worker_0,W010,RelateObjects,1777974674.824311,1777974674.8889337,0.06462264060974121
ExampleColocalization,3,24,worker_0,W010,ExpandOrShrinkObjects,1777974674.8889544,1777974674.9145648,0.02561044692993164
ExampleColocalization,3,24,worker_0,W010,ExpandOrShrinkObjects,1777974674.9145858,1777974674.937137,0.02255105972290039
ExampleColocalization,3,24,worker_1,W011,IdentifyPrimaryObjects,1777974674.2804968,1777974674.9432979,0.6628010272979736
ExampleColocalization,3,24,worker_2,W012,FilterObjects,1777974674.8637216,1777974674.9570513,0.09332966804504395
ExampleColocalization,3,24,worker_0,W010,ExpandOrShrinkObjects,1777974674.937159,1777974674.973033,0.0358738899230957
ExampleColocalization,3,24,worker_2,W012,MaskObjects,1777974674.95707,1777974675.009844,0.05277395248413086
ExampleColocalization,3,24,worker_0,W010,ExpandOrShrinkObjects,1777974674.973055,1777974675.0111327,0.03807783126831055
ExampleColocalization,3,24,worker_1,W011,RelateObjects,1777974674.9433162,1777974675.018257,0.07494068145751953
ExampleColocalization,3,24,worker_1,W011,ExpandOrShrinkObjects,1777974675.0182848,1777974675.0463414,0.028056621551513672
ExampleColocalization,3,24,worker_2,W012,MeasureImageAreaOccupied,1777974675.009867,1777974675.0656493,0.055782318115234375
ExampleColocalization,3,24,worker_1,W011,ExpandOrShrinkObjects,1777974675.0463734,1777974675.0726063,0.02623295783996582
ExampleColocalization,3,24,worker_0,W010,RelateObjects,1777974675.0111582,1777974675.0910723,0.07991409301757812
ExampleColocalization,3,24,worker_1,W011,ExpandOrShrinkObjects,1777974675.0726266,1777974675.1021893,0.029562711715698242
ExampleColocalization,3,24,worker_1,W011,ExpandOrShrinkObjects,1777974675.1022265,1777974675.1395352,0.037308692932128906
ExampleColocalization,3,24,worker_0,W010,ClassifyObjects,1777974675.0910919,1777974675.1616168,0.07052493095397949
ExampleColocalization,3,24,worker_1,W011,RelateObjects,1777974675.1395538,1777974675.2034316,0.06387782096862793
ExampleColocalization,3,24,worker_2,W012,CalculateMath,1777974675.0656753,1777974675.2288742,0.16319894790649414
ExampleColocalization,3,24,worker_0,W010,FilterObjects,1777974675.1616385,1777974675.2550812,0.09344267845153809
ExampleColocalization,3,24,worker_1,W011,ClassifyObjects,1777974675.2034564,1777974675.2701209,0.06666445732116699
ExampleColocalization,3,24,worker_0,W010,MaskObjects,1777974675.2550995,1777974675.2950664,0.03996682167053223
ExampleColocalization,3,24,worker_0,W010,MeasureImageAreaOccupied,1777974675.2950845,1777974675.3225613,0.027476787567138672
ExampleColocalization,3,24,worker_1,W011,FilterObjects,1777974675.2701392,1777974675.3511207,0.08098149299621582
ExampleColocalization,3,24,worker_1,W011,MaskObjects,1777974675.3511376,1777974675.4058743,0.05473661422729492
ExampleColocalization,3,24,worker_2,W015,CorrectIlluminationCalculate,1777974675.229121,1777974675.4146738,0.18555283546447754
ExampleColocalization,3,24,worker_1,W011,MeasureImageAreaOccupied,1777974675.405893,1777974675.4331644,0.027271270751953125
ExampleColocalization,3,24,worker_0,W010,CalculateMath,1777974675.322579,1777974675.4525762,0.12999725341796875
ExampleColocalization,3,24,worker_1,W011,CalculateMath,1777974675.4331818,1777974675.5512676,0.11808586120605469
ExampleColocalization,3,24,worker_2,W015,CorrectIlluminationCalculate,1777974675.414693,1777974675.5642946,0.14960145950317383
ExampleColocalization,3,24,worker_0,W013,CorrectIlluminationCalculate,1777974675.4528568,1777974675.6312702,0.17841339111328125
ExampleColocalization,3,24,worker_1,W014,CorrectIlluminationCalculate,1777974675.551504,1777974675.7371917,0.18568778038024902
ExampleColocalization,3,24,worker_0,W013,CorrectIlluminationCalculate,1777974675.631287,1777974675.797287,0.1659998893737793
ExampleColocalization,3,24,worker_1,W014,CorrectIlluminationCalculate,1777974675.7372124,1777974675.9084198,0.17120742797851562
ExampleColocalization,3,24,worker_2,W015,Align,1777974675.564315,1777974675.9885256,0.4242105484008789
ExampleColocalization,3,24,worker_0,W013,Align,1777974675.7973063,1777974676.2221327,0.42482638359069824
ExampleColocalization,3,24,worker_2,W015,MeasureColocalization,1777974675.9885566,1777974676.307653,0.31909632682800293
ExampleColocalization,3,24,worker_1,W014,Align,1777974675.9084394,1777974676.3910625,0.4826231002807617
ExampleColocalization,3,24,worker_0,W013,MeasureColocalization,1777974676.2221532,1777974676.542674,0.32052087783813477
ExampleColocalization,3,24,worker_1,W014,MeasureColocalization,1777974676.3910878,1777974676.7402024,0.34911465644836426
ExampleColocalization,3,24,worker_2,W015,IdentifyPrimaryObjects,1777974676.3076713,1777974676.9838364,0.6761651039123535
ExampleColocalization,3,24,worker_0,W013,IdentifyPrimaryObjects,1777974676.5426927,1777974677.1496065,0.6069138050079346
ExampleColocalization,3,24,worker_1,W014,IdentifyPrimaryObjects,1777974676.7402208,1777974677.3964689,0.6562480926513672
ExampleColocalization,3,24,worker_2,W015,IdentifyPrimaryObjects,1777974676.9838562,1777974677.6940222,0.7101659774780273
ExampleColocalization,3,24,worker_2,W015,RelateObjects,1777974677.6940458,1777974677.7600727,0.06602692604064941
ExampleColocalization,3,24,worker_0,W013,IdentifyPrimaryObjects,1777974677.1496248,1777974677.771098,0.6214730739593506
ExampleColocalization,3,24,worker_2,W015,ExpandOrShrinkObjects,1777974677.760097,1777974677.7888176,0.028720617294311523
ExampleColocalization,3,24,worker_2,W015,ExpandOrShrinkObjects,1777974677.7888358,1777974677.8148324,0.025996685028076172
ExampleColocalization,3,24,worker_0,W013,RelateObjects,1777974677.7711217,1777974677.8354995,0.0643777847290039
ExampleColocalization,3,24,worker_2,W015,ExpandOrShrinkObjects,1777974677.814853,1777974677.8553782,0.040525197982788086
ExampleColocalization,3,24,worker_0,W013,ExpandOrShrinkObjects,1777974677.835525,1777974677.8590713,0.023546218872070312
ExampleColocalization,3,24,worker_0,W013,ExpandOrShrinkObjects,1777974677.859089,1777974677.8825567,0.0234677791595459
ExampleColocalization,3,24,worker_2,W015,ExpandOrShrinkObjects,1777974677.855398,1777974677.88826,0.032861948013305664
ExampleColocalization,3,24,worker_0,W013,ExpandOrShrinkObjects,1777974677.8825767,1777974677.9225066,0.039929866790771484
ExampleColocalization,3,24,worker_2,W015,RelateObjects,1777974677.888278,1777974677.9559908,0.06771278381347656
ExampleColocalization,3,24,worker_0,W013,ExpandOrShrinkObjects,1777974677.9225245,1777974677.957796,0.035271644592285156
ExampleColocalization,3,24,worker_0,W013,RelateObjects,1777974677.957817,1777974678.0159853,0.05816817283630371
ExampleColocalization,3,24,worker_2,W015,ClassifyObjects,1777974677.9560125,1777974678.0222392,0.06622672080993652
ExampleColocalization,3,24,worker_1,W014,IdentifyPrimaryObjects,1777974677.3964877,1777974678.0751178,0.6786301136016846
ExampleColocalization,3,24,worker_0,W013,ClassifyObjects,1777974678.0160038,1777974678.0767152,0.06071138381958008
ExampleColocalization,3,24,worker_2,W015,FilterObjects,1777974678.022257,1777974678.1054845,0.08322739601135254
ExampleColocalization,3,24,worker_1,W014,RelateObjects,1777974678.0751352,1777974678.140176,0.06504082679748535
ExampleColocalization,3,24,worker_2,W015,MaskObjects,1777974678.105502,1777974678.1559632,0.0504612922668457
ExampleColocalization,3,24,worker_0,W013,FilterObjects,1777974678.0767334,1777974678.1568604,0.08012700080871582
ExampleColocalization,3,24,worker_1,W014,ExpandOrShrinkObjects,1777974678.1401985,1777974678.1631432,0.02294468879699707
ExampleColocalization,3,24,worker_1,W014,ExpandOrShrinkObjects,1777974678.163167,1777974678.1927958,0.029628753662109375
ExampleColocalization,3,24,worker_2,W015,MeasureImageAreaOccupied,1777974678.1559825,1777974678.1978793,0.041896820068359375
ExampleColocalization,3,24,worker_0,W013,MaskObjects,1777974678.1568778,1777974678.204973,0.0480952262878418
ExampleColocalization,3,24,worker_1,W014,ExpandOrShrinkObjects,1777974678.192816,1777974678.228674,0.0358579158782959
ExampleColocalization,3,24,worker_0,W013,MeasureImageAreaOccupied,1777974678.2049942,1777974678.2404988,0.03550457954406738
ExampleColocalization,3,24,worker_1,W014,ExpandOrShrinkObjects,1777974678.2286913,1777974678.2597282,0.031036853790283203
ExampleColocalization,3,24,worker_1,W014,RelateObjects,1777974678.259748,1777974678.3158374,0.05608940124511719
ExampleColocalization,3,24,worker_2,W015,CalculateMath,1777974678.1978996,1777974678.3301368,0.13223719596862793
ExampleColocalization,3,24,worker_0,W013,CalculateMath,1777974678.2405183,1777974678.3587022,0.11818385124206543
ExampleColocalization,3,24,worker_1,W014,ClassifyObjects,1777974678.3158581,1777974678.3726068,0.05674862861633301
ExampleColocalization,3,24,worker_1,W014,FilterObjects,1777974678.372628,1777974678.4496977,0.07706975936889648
ExampleColocalization,3,24,worker_1,W014,MaskObjects,1777974678.449715,1777974678.5087147,0.05899977684020996
ExampleColocalization,3,24,worker_2,W018,CorrectIlluminationCalculate,1777974678.3303216,1777974678.5236905,0.19336891174316406
ExampleColocalization,3,24,worker_1,W014,MeasureImageAreaOccupied,1777974678.508734,1777974678.5424879,0.03375387191772461
ExampleColocalization,3,24,worker_0,W016,CorrectIlluminationCalculate,1777974678.3589993,1777974678.5546567,0.19565749168395996
ExampleColocalization,3,24,worker_1,W014,CalculateMath,1777974678.5425072,1777974678.663789,0.12128186225891113
ExampleColocalization,3,24,worker_2,W018,CorrectIlluminationCalculate,1777974678.5237105,1777974678.6793752,0.15566468238830566
ExampleColocalization,3,24,worker_0,W016,CorrectIlluminationCalculate,1777974678.5546746,1777974678.71184,0.1571652889251709
ExampleColocalization,3,24,worker_1,W017,CorrectIlluminationCalculate,1777974678.6640677,1777974678.852951,0.18888330459594727
ExampleColocalization,3,24,worker_1,W017,CorrectIlluminationCalculate,1777974678.852968,1777974679.0514355,0.19846749305725098
ExampleColocalization,3,24,worker_2,W018,Align,1777974678.679394,1777974679.1273963,0.44800233840942383
ExampleColocalization,3,24,worker_0,W016,Align,1777974678.7118676,1777974679.1372502,0.4253826141357422
ExampleColocalization,3,24,worker_2,W018,MeasureColocalization,1777974679.1274164,1777974679.4667113,0.3392949104309082
ExampleColocalization,3,24,worker_0,W016,MeasureColocalization,1777974679.1372685,1777974679.48602,0.3487515449523926
ExampleColocalization,3,24,worker_1,W017,Align,1777974679.0514555,1777974679.5684292,0.5169737339019775
ExampleColocalization,3,24,worker_1,W017,MeasureColocalization,1777974679.5684478,1777974679.9180832,0.34963536262512207
ExampleColocalization,3,24,worker_2,W018,IdentifyPrimaryObjects,1777974679.466733,1777974680.0325713,0.5658383369445801
ExampleColocalization,3,24,worker_0,W016,IdentifyPrimaryObjects,1777974679.4860375,1777974680.1487334,0.6626958847045898
ExampleColocalization,3,24,worker_1,W017,IdentifyPrimaryObjects,1777974679.9181046,1777974680.5747104,0.6566057205200195
ExampleColocalization,3,24,worker_2,W018,IdentifyPrimaryObjects,1777974680.032595,1777974680.7094119,0.6768169403076172
ExampleColocalization,3,24,worker_2,W018,RelateObjects,1777974680.7094295,1777974680.776175,0.06674551963806152
ExampleColocalization,3,24,worker_2,W018,ExpandOrShrinkObjects,1777974680.7761977,1777974680.799182,0.02298426628112793
ExampleColocalization,3,24,worker_2,W018,ExpandOrShrinkObjects,1777974680.7992003,1777974680.823408,0.024207592010498047
ExampleColocalization,3,24,worker_0,W016,IdentifyPrimaryObjects,1777974680.1487563,1777974680.8394244,0.6906681060791016
ExampleColocalization,3,24,worker_2,W018,ExpandOrShrinkObjects,1777974680.8234277,1777974680.8570051,0.03357744216918945
ExampleColocalization,3,24,worker_2,W018,ExpandOrShrinkObjects,1777974680.8570235,1777974680.8975484,0.040524959564208984
ExampleColocalization,3,24,worker_0,W016,RelateObjects,1777974680.8394449,1777974680.9075449,0.0680999755859375
ExampleColocalization,3,24,worker_0,W016,ExpandOrShrinkObjects,1777974680.9075627,1777974680.9275453,0.019982576370239258
ExampleColocalization,3,24,worker_0,W016,ExpandOrShrinkObjects,1777974680.9275692,1777974680.9527376,0.025168418884277344
ExampleColocalization,3,24,worker_2,W018,RelateObjects,1777974680.8975704,1777974680.9675763,0.07000589370727539
ExampleColocalization,3,24,worker_0,W016,ExpandOrShrinkObjects,1777974680.95276,1777974680.9844553,0.03169536590576172
ExampleColocalization,3,24,worker_0,W016,ExpandOrShrinkObjects,1777974680.984478,1777974681.017173,0.03269505500793457
ExampleColocalization,3,24,worker_2,W018,ClassifyObjects,1777974680.9675994,1777974681.0360122,0.06841278076171875
ExampleColocalization,3,24,worker_0,W016,RelateObjects,1777974681.0171957,1777974681.0763829,0.05918717384338379
ExampleColocalization,3,24,worker_2,W018,FilterObjects,1777974681.036032,1777974681.12349,0.08745813369750977
ExampleColocalization,3,24,worker_0,W016,ClassifyObjects,1777974681.076402,1777974681.1398294,0.06342744827270508
ExampleColocalization,3,24,worker_2,W018,MaskObjects,1777974681.123511,1777974681.164612,0.04110097885131836
ExampleColocalization,3,24,worker_2,W018,MeasureImageAreaOccupied,1777974681.1646366,1777974681.1974711,0.032834529876708984
ExampleColocalization,3,24,worker_0,W016,FilterObjects,1777974681.1398463,1777974681.2209578,0.08111143112182617
ExampleColocalization,3,24,worker_1,W017,IdentifyPrimaryObjects,1777974680.574729,1777974681.2468724,0.6721434593200684
ExampleColocalization,3,24,worker_0,W016,MaskObjects,1777974681.2209756,1777974681.2603679,0.03939223289489746
ExampleColocalization,3,24,worker_0,W016,MeasureImageAreaOccupied,1777974681.260389,1777974681.295038,0.034648895263671875
ExampleColocalization,3,24,worker_1,W017,RelateObjects,1777974681.246891,1777974681.310682,0.06379103660583496
ExampleColocalization,3,24,worker_1,W017,ExpandOrShrinkObjects,1777974681.3106992,1777974681.3286731,0.017973899841308594
ExampleColocalization,3,24,worker_2,W018,CalculateMath,1777974681.1974962,1777974681.3339071,0.13641095161437988
ExampleColocalization,3,24,worker_1,W017,ExpandOrShrinkObjects,1777974681.328691,1777974681.3464968,0.017805814743041992
ExampleColocalization,3,24,worker_1,W017,ExpandOrShrinkObjects,1777974681.3465183,1777974681.37359,0.027071714401245117
ExampleColocalization,3,24,worker_1,W017,ExpandOrShrinkObjects,1777974681.3736112,1777974681.4045033,0.030892133712768555
ExampleColocalization,3,24,worker_0,W016,CalculateMath,1777974681.295057,1777974681.4138033,0.11874628067016602
ExampleColocalization,3,24,worker_1,W017,RelateObjects,1777974681.404526,1777974681.4598544,0.055328369140625
ExampleColocalization,3,24,worker_2,W021,CorrectIlluminationCalculate,1777974681.3341167,1777974681.5124707,0.17835402488708496
ExampleColocalization,3,24,worker_1,W017,ClassifyObjects,1777974681.4598815,1777974681.5273306,0.06744909286499023
ExampleColocalization,3,24,worker_0,W019,CorrectIlluminationCalculate,1777974681.4139924,1777974681.5860364,0.172044038772583
ExampleColocalization,3,24,worker_1,W017,FilterObjects,1777974681.5273547,1777974681.60937,0.0820152759552002
ExampleColocalization,3,24,worker_1,W017,MaskObjects,1777974681.6093886,1777974681.6587007,0.04931211471557617
ExampleColocalization,3,24,worker_2,W021,CorrectIlluminationCalculate,1777974681.5124888,1777974681.6867592,0.1742703914642334
ExampleColocalization,3,24,worker_1,W017,MeasureImageAreaOccupied,1777974681.6587198,1777974681.6999831,0.04126334190368652
ExampleColocalization,3,24,worker_0,W019,CorrectIlluminationCalculate,1777974681.5860558,1777974681.7456775,0.1596217155456543
ExampleColocalization,3,24,worker_1,W017,CalculateMath,1777974681.7000017,1777974681.825154,0.1251523494720459
ExampleColocalization,3,24,worker_1,W020,CorrectIlluminationCalculate,1777974681.825346,1777974682.025839,0.20049309730529785
ExampleColocalization,3,24,worker_2,W021,Align,1777974681.6867795,1777974682.0969577,0.41017818450927734
ExampleColocalization,3,24,worker_0,W019,Align,1777974681.7456946,1777974682.179826,0.434131383895874
ExampleColocalization,3,24,worker_1,W020,CorrectIlluminationCalculate,1777974682.025859,1777974682.2260501,0.20019102096557617
ExampleColocalization,3,24,worker_2,W021,MeasureColocalization,1777974682.0969892,1777974682.425981,0.3289918899536133
ExampleColocalization,3,24,worker_0,W019,MeasureColocalization,1777974682.1798456,1777974682.5084772,0.3286316394805908
ExampleColocalization,3,24,worker_1,W020,Align,1777974682.226069,1777974682.7019172,0.4758481979370117
ExampleColocalization,3,24,worker_1,W020,MeasureColocalization,1777974682.7019346,1777974683.0377393,0.33580470085144043
ExampleColocalization,3,24,worker_2,W021,IdentifyPrimaryObjects,1777974682.426,1777974683.0556722,0.6296720504760742
ExampleColocalization,3,24,worker_0,W019,IdentifyPrimaryObjects,1777974682.5085013,1777974683.1595297,0.6510283946990967
ExampleColocalization,3,24,worker_1,W020,IdentifyPrimaryObjects,1777974683.0377612,1777974683.6912951,0.653533935546875
ExampleColocalization,3,24,worker_2,W021,IdentifyPrimaryObjects,1777974683.0556917,1777974683.7254105,0.6697187423706055
ExampleColocalization,3,24,worker_2,W021,RelateObjects,1777974683.725429,1777974683.7838044,0.05837535858154297
ExampleColocalization,3,24,worker_2,W021,ExpandOrShrinkObjects,1777974683.7838237,1777974683.80521,0.021386384963989258
ExampleColocalization,3,24,worker_2,W021,ExpandOrShrinkObjects,1777974683.8052375,1777974683.8266327,0.021395206451416016
ExampleColocalization,3,24,worker_2,W021,ExpandOrShrinkObjects,1777974683.8266509,1777974683.8574233,0.03077244758605957
ExampleColocalization,3,24,worker_0,W019,IdentifyPrimaryObjects,1777974683.1595485,1777974683.8583877,0.6988391876220703
ExampleColocalization,3,24,worker_2,W021,ExpandOrShrinkObjects,1777974683.8574448,1777974683.8964074,0.038962602615356445
ExampleColocalization,3,24,worker_0,W019,RelateObjects,1777974683.8584082,1777974683.9292116,0.07080340385437012
ExampleColocalization,3,24,worker_0,W019,ExpandOrShrinkObjects,1777974683.9292293,1777974683.952175,0.022945642471313477
ExampleColocalization,3,24,worker_2,W021,RelateObjects,1777974683.8964314,1777974683.965147,0.06871557235717773
ExampleColocalization,3,24,worker_0,W019,ExpandOrShrinkObjects,1777974683.9521976,1777974683.9744306,0.022233009338378906
ExampleColocalization,3,24,worker_0,W019,ExpandOrShrinkObjects,1777974683.9744484,1777974684.008593,0.03414463996887207
ExampleColocalization,3,24,worker_2,W021,ClassifyObjects,1777974683.9651759,1777974684.0343864,0.06921052932739258
ExampleColocalization,3,24,worker_0,W019,ExpandOrShrinkObjects,1777974684.0086114,1777974684.0441916,0.03558015823364258
ExampleColocalization,3,24,worker_0,W019,RelateObjects,1777974684.0442097,1777974684.1142023,0.0699925422668457
ExampleColocalization,3,24,worker_2,W021,FilterObjects,1777974684.0344071,1777974684.116279,0.08187174797058105
ExampleColocalization,3,24,worker_2,W021,MaskObjects,1777974684.1163,1777974684.1599848,0.04368472099304199
ExampleColocalization,3,24,worker_0,W019,ClassifyObjects,1777974684.1142204,1777974684.186496,0.07227563858032227
ExampleColocalization,3,24,worker_2,W021,MeasureImageAreaOccupied,1777974684.1600063,1777974684.190338,0.03033161163330078
ExampleColocalization,3,24,worker_0,W019,FilterObjects,1777974684.1865141,1777974684.2771351,0.0906209945678711
ExampleColocalization,3,24,worker_2,W021,CalculateMath,1777974684.1903627,1777974684.3091178,0.11875510215759277
ExampleColocalization,3,24,worker_0,W019,MaskObjects,1777974684.277153,1777974684.3260055,0.04885244369506836
ExampleColocalization,3,24,worker_0,W019,MeasureImageAreaOccupied,1777974684.326027,1777974684.353257,0.027230024337768555
ExampleColocalization,3,24,worker_1,W020,IdentifyPrimaryObjects,1777974683.6913128,1777974684.3709853,0.6796724796295166
ExampleColocalization,3,24,worker_1,W020,RelateObjects,1777974684.3710034,1777974684.4281847,0.057181358337402344
ExampleColocalization,3,24,worker_1,W020,ExpandOrShrinkObjects,1777974684.4282036,1777974684.4516642,0.02346062660217285
ExampleColocalization,3,24,worker_1,W020,ExpandOrShrinkObjects,1777974684.4516857,1777974684.4751444,0.02345871925354004
ExampleColocalization,3,24,worker_2,W024,CorrectIlluminationCalculate,1777974684.3093622,1777974684.4739218,0.16455960273742676
ExampleColocalization,3,24,worker_1,W020,ExpandOrShrinkObjects,1777974684.4751625,1777974684.5024729,0.02731037139892578
ExampleColocalization,3,24,worker_0,W019,CalculateMath,1777974684.3532774,1777974684.5015144,0.14823698997497559
ExampleColocalization,3,24,worker_1,W020,ExpandOrShrinkObjects,1777974684.5024903,1777974684.5319288,0.029438495635986328
ExampleColocalization,3,24,worker_1,W020,RelateObjects,1777974684.5319467,1777974684.5860493,0.05410265922546387
ExampleColocalization,3,24,worker_2,W024,CorrectIlluminationCalculate,1777974684.4739416,1777974684.6464162,0.17247462272644043
ExampleColocalization,3,24,worker_1,W020,ClassifyObjects,1777974684.5860698,1777974684.6556015,0.06953167915344238
ExampleColocalization,3,24,worker_0,W022,CorrectIlluminationCalculate,1777974684.5017881,1777974684.678257,0.1764688491821289
ExampleColocalization,3,24,worker_1,W020,FilterObjects,1777974684.655624,1777974684.7339318,0.0783078670501709
ExampleColocalization,3,24,worker_1,W020,MaskObjects,1777974684.7339506,1777974684.7929268,0.058976173400878906
ExampleColocalization,3,24,worker_1,W020,MeasureImageAreaOccupied,1777974684.792947,1777974684.84113,0.04818296432495117
ExampleColocalization,3,24,worker_0,W022,CorrectIlluminationCalculate,1777974684.678276,1777974684.8613384,0.18306231498718262
ExampleColocalization,3,24,worker_1,W020,CalculateMath,1777974684.8411527,1777974684.9680922,0.1269395351409912
ExampleColocalization,3,24,worker_2,W024,Align,1777974684.6464338,1777974685.054749,0.40831518173217773
ExampleColocalization,3,24,worker_1,W023,CorrectIlluminationCalculate,1777974684.968371,1777974685.1772246,0.20885372161865234
ExampleColocalization,3,24,worker_0,W022,Align,1777974684.8613682,1777974685.2954144,0.43404626846313477
ExampleColocalization,3,24,worker_2,W024,MeasureColocalization,1777974685.0547674,1777974685.3660748,0.311307430267334
ExampleColocalization,3,24,worker_1,W023,CorrectIlluminationCalculate,1777974685.1772482,1777974685.388651,0.21140265464782715
ExampleColocalization,3,24,worker_0,W022,MeasureColocalization,1777974685.2954383,1777974685.623084,0.32764577865600586
ExampleColocalization,3,24,worker_1,W023,Align,1777974685.3886716,1777974685.8527853,0.464113712310791
ExampleColocalization,3,24,worker_2,W024,IdentifyPrimaryObjects,1777974685.3660975,1777974685.9730766,0.6069791316986084
ExampleColocalization,3,24,worker_1,W023,MeasureColocalization,1777974685.8528051,1777974686.1957753,0.3429701328277588
ExampleColocalization,3,24,worker_0,W022,IdentifyPrimaryObjects,1777974685.6231062,1777974686.2885506,0.6654443740844727
ExampleColocalization,3,24,worker_2,W024,IdentifyPrimaryObjects,1777974685.9730961,1777974686.6438985,0.6708023548126221
ExampleColocalization,3,24,worker_2,W024,RelateObjects,1777974686.6439168,1777974686.7092502,0.06533336639404297
ExampleColocalization,3,24,worker_2,W024,ExpandOrShrinkObjects,1777974686.7092743,1777974686.7302594,0.020985126495361328
ExampleColocalization,3,24,worker_2,W024,ExpandOrShrinkObjects,1777974686.7302775,1777974686.7544718,0.02419424057006836
ExampleColocalization,3,24,worker_2,W024,ExpandOrShrinkObjects,1777974686.7544906,1777974686.7905152,0.03602457046508789
ExampleColocalization,3,24,worker_2,W024,ExpandOrShrinkObjects,1777974686.7905354,1777974686.8271961,0.03666067123413086
ExampleColocalization,3,24,worker_1,W023,IdentifyPrimaryObjects,1777974686.195793,1777974686.8459017,0.650108814239502
ExampleColocalization,3,24,worker_2,W024,RelateObjects,1777974686.8272154,1777974686.895286,0.06807065010070801
ExampleColocalization,3,24,worker_2,W024,ClassifyObjects,1777974686.8953085,1777974686.9607344,0.06542587280273438
ExampleColocalization,3,24,worker_0,W022,IdentifyPrimaryObjects,1777974686.2885737,1777974687.0113752,0.7228014469146729
ExampleColocalization,3,24,worker_2,W024,FilterObjects,1777974686.960761,1777974687.04437,0.08360886573791504
ExampleColocalization,3,24,worker_0,W022,RelateObjects,1777974687.011398,1777974687.0753949,0.06399679183959961
ExampleColocalization,3,24,worker_2,W024,MaskObjects,1777974687.0443945,1777974687.0889354,0.0445408821105957
ExampleColocalization,3,24,worker_0,W022,ExpandOrShrinkObjects,1777974687.0754178,1777974687.1003222,0.024904489517211914
ExampleColocalization,3,24,worker_0,W022,ExpandOrShrinkObjects,1777974687.1003587,1777974687.1226256,0.022266864776611328
ExampleColocalization,3,24,worker_2,W024,MeasureImageAreaOccupied,1777974687.0889661,1777974687.1232908,0.03432464599609375
ExampleColocalization,3,24,worker_0,W022,ExpandOrShrinkObjects,1777974687.122643,1777974687.160874,0.03823089599609375
ExampleColocalization,3,24,worker_0,W022,ExpandOrShrinkObjects,1777974687.160899,1777974687.1932838,0.03238487243652344
ExampleColocalization,3,24,worker_2,W024,CalculateMath,1777974687.1233077,1777974687.2538147,0.1305069923400879
ExampleColocalization,3,24,worker_0,W022,RelateObjects,1777974687.1933136,1777974687.2607136,0.06739997863769531
ExampleColocalization,3,24,worker_0,W022,ClassifyObjects,1777974687.2607362,1777974687.3255525,0.06481623649597168
ExampleColocalization,3,24,worker_0,W022,FilterObjects,1777974687.3255868,1777974687.4088352,0.08324837684631348
ExampleColocalization,3,24,worker_0,W022,MaskObjects,1777974687.4088573,1777974687.456375,0.04751753807067871
ExampleColocalization,3,24,worker_0,W022,MeasureImageAreaOccupied,1777974687.4563968,1777974687.483409,0.027012109756469727
ExampleColocalization,3,24,worker_1,W023,IdentifyPrimaryObjects,1777974686.8459215,1777974687.4880397,0.6421182155609131
ExampleColocalization,3,24,worker_1,W023,RelateObjects,1777974687.4880686,1777974687.5386665,0.0505979061126709
ExampleColocalization,3,24,worker_1,W023,ExpandOrShrinkObjects,1777974687.5386853,1777974687.555911,0.01722574234008789
ExampleColocalization,3,24,worker_1,W023,ExpandOrShrinkObjects,1777974687.5559285,1777974687.5692093,0.013280868530273438
ExampleColocalization,3,24,worker_1,W023,ExpandOrShrinkObjects,1777974687.5692267,1777974687.5941536,0.02492690086364746
ExampleColocalization,3,24,worker_0,W022,CalculateMath,1777974687.4834347,1777974687.6058726,0.12243795394897461
ExampleColocalization,3,24,worker_1,W023,ExpandOrShrinkObjects,1777974687.594171,1777974687.6228483,0.02867722511291504
ExampleColocalization,3,24,worker_1,W023,RelateObjects,1777974687.6228657,1777974687.6736145,0.05074882507324219
ExampleColocalization,3,24,worker_1,W023,ClassifyObjects,1777974687.6736326,1777974687.7287545,0.05512189865112305
ExampleColocalization,3,24,worker_1,W023,FilterObjects,1777974687.7287712,1777974687.7974515,0.0686802864074707
ExampleColocalization,3,24,worker_1,W023,MaskObjects,1777974687.7974677,1777974687.8381927,0.040724992752075195
ExampleColocalization,3,24,worker_1,W023,MeasureImageAreaOccupied,1777974687.8382094,1777974687.86408,0.025870561599731445
ExampleColocalization,3,24,worker_1,W023,CalculateMath,1777974687.8640962,1777974687.9716997,0.10760354995727539
