ImageNumber,ObjectNumber,Metadata_FileLocation,Metadata_Frame,Metadata_FrameNumber,Metadata_Run,Metadata_Run,Metadata_Series,Metadata_Specimen,Metadata_Stain,AreaShape_Area,AreaShape_BoundingBoxArea,AreaShape_BoundingBoxMaximum_X,AreaShape_BoundingBoxMaximum_Y,AreaShape_BoundingBoxMinimum_X,AreaShape_BoundingBoxMinimum_Y,AreaShape_Center_X,AreaShape_Center_Y,AreaShape_Compactness,AreaShape_ConvexArea,AreaShape_Eccentricity,AreaShape_EquivalentDiameter,AreaShape_EulerNumber,AreaShape_Extent,AreaShape_FormFactor,AreaShape_MajorAxisLength,AreaShape_MaxFeretDiameter,AreaShape_MaximumRadius,AreaShape_MeanRadius,AreaShape_MedianRadius,AreaShape_MinFeretDiameter,AreaShape_MinorAxisLength,AreaShape_Orientation,AreaShape_Perimeter,AreaShape_Solidity,Intensity_IntegratedIntensityEdge_OrigGray,Intensity_IntegratedIntensity_OrigGray,Intensity_LowerQuartileIntensity_OrigGray,Intensity_MADIntensity_OrigGray,Intensity_MassDisplacement_OrigGray,Intensity_MaxIntensityEdge_OrigGray,Intensity_MaxIntensity_OrigGray,Intensity_MeanIntensityEdge_OrigGray,Intensity_MeanIntensity_OrigGray,Intensity_MedianIntensity_OrigGray,Intensity_MinIntensityEdge_OrigGray,Intensity_MinIntensity_OrigGray,Intensity_StdIntensityEdge_OrigGray,Intensity_StdIntensity_OrigGray,Intensity_UpperQuartileIntensity_OrigGray,Location_CenterMassIntensity_X_OrigGray,Location_CenterMassIntensity_Y_OrigGray,Location_CenterMassIntensity_Z_OrigGray,Location_Center_X,Location_Center_Y,Location_Center_Z,Location_MaxIntensity_X_OrigGray,Location_MaxIntensity_Y_OrigGray,Location_MaxIntensity_Z_OrigGray,Number_Object_Number,TrackObjects_Displacement_50,TrackObjects_DistanceTraveled_50,TrackObjects_FinalAge_50,TrackObjects_IntegratedDistance_50,TrackObjects_Label_50,TrackObjects_Lifetime_50,TrackObjects_Linearity_50,TrackObjects_ParentImageNumber_50,TrackObjects_ParentObjectNumber_50,TrackObjects_TrajectoryX_50,TrackObjects_TrajectoryY_50
1,1,file:///home/ts/.cache/openhcs/cellprofiler_examples/ExampleTrackObjects/images/Sequence1/DrosophilaEmbryo_GFPHistone_0000.tif,0,0000,Sequence1,Sequence1,0,DrosophilaEmbryo,GFPHistone,1277,2035,314,77,259,40,286.4369616288175,60.96554424432263,1.6935263840355643,1486,0.8327005884797073,40.3227838650409,1,0.6275184275184276,0.5904838622100852,56.794439306948824,55.10898293381942,13.038404810405298,5.119033986159282,5.0,34.85376041956758,31.44841650814141,-84.0352007092315,164.8528137423857,0.8593539703903096,21.1660138964653,341.9712509661913,0.19869281351566315,0.06666666269302368,0.5880393593632219,0.21830065548419952,0.5254902243614197,0.15118581354618071,0.2677926789085288,0.26274511218070984,0.125490203499794,0.125490203499794,0.014820300077840352,0.08351615861436663,0.3294117748737335,287.0168993219522,60.868268552385146,0.0,286.4369616288175,60.96554424432263,0,292.0,63.0,0.0,1,0.0,0.0,nan,0.0,1,1,nan,0.0,0,0.0,0.0
1,2,file:///home/ts/.cache/openhcs/cellprofiler_examples/ExampleTrackObjects/images/Sequence1/DrosophilaEmbryo_GFPHistone_0000.tif,0,0000,Sequence1,Sequence1,0,DrosophilaEmbryo,GFPHistone,1309,1976,169,103,117,65,141.46829640947288,82.90756302521008,1.4628960657259822,1430,0.7943680984326013,40.82487677946288,1,0.6624493927125507,0.6835755618111778,53.07363627122331,52.88667128870941,15.231546211727817,5.867791305806996,5.385164807134504,32.38242100477702,32.23887358612962,-73.26261675039322,155.12489168102783,0.9153846153846154,20.101961582899094,341.29281981289387,0.19869281351566315,0.05751633644104004,0.6846423755206217,0.18562091886997223,0.5058823823928833,0.15001463867835144,0.26072789901672566,0.2535947859287262,0.13071896135807037,0.13071896135807037,0.011867421885405243,0.07932405723288037,0.31209151446819305,140.8967555403772,83.28449301514438,0.0,141.46829640947288,82.90756302521008,0,128.0,83.0,0.0,2,0.0,0.0,nan,0.0,2,1,nan,0.0,0,0.0,0.0
1,3,file:///home/ts/.cache/openhcs/cellprofiler_examples/ExampleTrackObjects/images/Sequence1/DrosophilaEmbryo_GFPHistone_0000.tif,0,0000,Sequence1,Sequence1,0,DrosophilaEmbryo,GFPHistone,618,1056,509,223,477,190,492.78155339805824,206.21844660194174,1.5177829715355506,733,0.5874483953584129,28.05106127486678,1,0.5852272727272727,0.6588557249316704,32.65530247077005,34.92849839314596,9.899494936611665,4.016726385743885,3.605551275463989,25.5867233613672,26.42668324512192,-63.232973136879046,108.5685424949238,0.8431105047748977,15.84705936908722,159.04183448851109,0.19411765038967133,0.0627450942993164,0.2757257354819169,0.3150326907634735,0.4470588266849518,0.17225064531616543,0.2573492467451636,0.2522875964641571,0.12941177189350128,0.12941177189350128,0.04423378586997943,0.075343150010782,0.31699347496032715,492.5075903988223,206.24957466414753,0.0,492.78155339805824,206.21844660194174,0,495.0,200.0,0.0,3,0.0,0.0,nan,0.0,3,1,nan,0.0,0,0.0,0.0
1,4,file:///home/ts/.cache/openhcs/cellprofiler_examples/ExampleTrackObjects/images/Sequence1/DrosophilaEmbryo_GFPHistone_0000.tif,0,0000,Sequence1,Sequence1,0,DrosophilaEmbryo,GFPHistone,533,782,485,234,462,200,472.3527204502814,216.46904315196997,1.2821307782362497,573,0.802446978276909,26.05065598682386,1,0.6815856777493606,0.7799516375198792,34.06662025294896,33.37663853655727,10.04987562112089,4.026788466489354,3.605551275463989,21.224804067230107,20.328350347213775,4.92617540587544,92.66904755831213,0.9301919720767888,13.752941638231277,139.9254940599203,0.19901961088180542,0.06078431010246277,0.25765438393059875,0.3124183118343353,0.4457516372203827,0.1740878688383706,0.26252437909928766,0.2594771385192871,0.12941177189350128,0.12941177189350128,0.04581742428165613,0.07517529003030493,0.3199346512556076,472.3789131491478,216.72536272610498,0.0,472.3527204502814,216.46904315196997,0,472.0,213.0,0.0,4,0.0,0.0,1.0,0.0,4,1,nan,0.0,0,0.0,0.0
2,1,file:///home/ts/.cache/openhcs/cellprofiler_examples/ExampleTrackObjects/images/Sequence1/DrosophilaEmbryo_GFPHistone_0001.tif,0,0001,Sequence1,Sequence1,0,DrosophilaEmbryo,GFPHistone,1288,1980,313,78,258,42,284.7880434782609,62.07608695652174,1.7514226691676968,1523,0.8393294459683346,40.49608047229867,1,0.6505050505050505,0.5709644037411115,58.076710265350094,55.54277630799526,12.649110640673518,5.024811754216384,5.0,33.792046978903045,31.571841607539298,-84.32001747537407,168.36753236814712,0.8456992777413,22.73333414644003,346.2679836526513,0.20392157137393951,0.06013071537017822,0.38842642664276034,0.20392157137393951,0.529411792755127,0.15570776812630158,0.26884160221479136,0.265359491109848,0.12418300658464432,0.12418300658464432,0.013141999795998078,0.08015285921997022,0.32549020648002625,285.1690934105902,62.00074747161334,0.0,284.7880434782609,62.07608695652174,0,287.0,64.0,0.0,1,1.9880231846871745,1.9880231846871745,nan,1.9880231846871745,1,2,1.0,1.0,1,-1.6489181505566535,1.1105427121991127
2,2,file:///home/ts/.cache/openhcs/cellprofiler_examples/ExampleTrackObjects/images/Sequence1/DrosophilaEmbryo_GFPHistone_0001.tif,0,0001,Sequence1,Sequence1,0,DrosophilaEmbryo,GFPHistone,1274,1900,167,104,117,66,140.81083202511775,83.55023547880691,1.392258105252488,1391,0.7908225535495791,40.27539174226115,1,0.6705263157894736,0.7182576249528448,52.17095018485196,51.86520991955976,14.317821063276353,5.800840719179219,5.0990195135927845,32.887687665751145,31.93099506662984,-72.57046432294119,149.29646455628165,0.9158878504672897,20.022222943603992,336.2418390288949,0.19738562405109406,0.060130730271339417,0.7527337613890721,0.19346405565738678,0.5150327086448669,0.1552110305705736,0.26392609028955644,0.2562091648578644,0.11895424872636795,0.11895424872636795,0.01201207996306828,0.08257882928278124,0.31830066442489624,140.15629120387334,83.92196714124587,0.0,140.81083202511775,83.55023547880691,0,127.0,84.0,0.0,2,0.9193950724838859,0.9193950724838859,nan,0.9193950724838859,2,2,1.0,1.0,2,-0.6574643843551371,0.6426724535968305
2,3,file:///home/ts/.cache/openhcs/cellprofiler_examples/ExampleTrackObjects/images/Sequence1/DrosophilaEmbryo_GFPHistone_0001.tif,0,0001,Sequence1,Sequence1,0,DrosophilaEmbryo,GFPHistone,664,1188,508,224,472,191,491.0542168674699,207.6762048192771,1.6779603827723883,802,0.6424885330198667,29.076297180076903,1,0.5589225589225589,0.5959616271438799,35.03548982156247,37.69615364994153,10.0,3.975268563955065,3.605551275463989,28.60199808064206,26.84753114084703,-78.23240245744545,118.32590180780451,0.827930174563591,17.699347004294395,169.26274967193604,0.1882352977991104,0.0640522837638855,0.27399398726878743,0.3450980484485626,0.41830065846443176,0.17183832043004268,0.2549137796264097,0.24705882370471954,0.12941177189350128,0.12941177189350128,0.04187358109868084,0.07448071846653194,0.3189542591571808,490.79263393976834,207.7577344273623,0.0,491.0542168674699,207.6762048192771,0,495.0,209.0,0.0,3,2.2602545233034537,2.2602545233034537,nan,2.2602545233034537,3,2,1.0,1.0,3,-1.7273365305883317,1.4577582173353676
3,1,file:///home/ts/.cache/openhcs/cellprofiler_examples/ExampleTrackObjects/images/Sequence1/DrosophilaEmbryo_GFPHistone_0002.tif,0,0002,Sequence1,Sequence1,0,DrosophilaEmbryo,GFPHistone,1317,2072,312,79,256,42,283.3105542900532,62.41002277904328,1.852482459316903,1579,0.8329652208702646,40.94943809646488,1,0.6356177606177607,0.5398161774599187,58.7701956597664,57.0087712549569,12.649110640673518,4.9009474047513,4.47213595499958,34.198583994196625,32.519038969782166,-85.38298949898746,175.09545442950497,0.8340721975934136,21.657517232000828,346.42223174124956,0.1895424872636795,0.06797385215759277,0.5487794381775731,0.18562091886997223,0.5267974138259888,0.14535246464430085,0.2630389003350414,0.2562091648578644,0.11895424872636795,0.11895424872636795,0.011847445011580839,0.08680137188285124,0.32549020648002625,283.8561428808073,62.350929958790395,0.0,283.3105542900532,62.41002277904328,0,286.0,65.0,0.0,1,3.44397170214105,1.514756559594241,nan,3.5027797442814155,1,3,0.9832110362530289,2.0,1,-1.4774891882076986,0.3339358225215392
3,2,file:///home/ts/.cache/openhcs/cellprofiler_examples/ExampleTrackObjects/images/Sequence1/DrosophilaEmbryo_GFPHistone_0002.tif,0,0002,Sequence1,Sequence1,0,DrosophilaEmbryo,GFPHistone,1285,2028,168,105,116,66,140.91517509727626,84.55175097276265,1.4441949419966726,1421,0.8049274649841764,40.44889139376608,1,0.633629191321499,0.6924272969807312,53.31828388230901,52.88667128870941,14.560219778561036,5.752880954896916,5.0990195135927845,31.367850826780973,31.637641697814733,-72.76676296012442,152.71067811865476,0.904292751583392,19.431373357772827,332.528113886714,0.18692810833454132,0.06470587849617004,0.7149445661924975,0.1764705926179886,0.5124183297157288,0.14720737392252142,0.25877674232429104,0.25424838066101074,0.125490203499794,0.125490203499794,0.01053232208816801,0.08159236798758299,0.3163398802280426,140.24876565946983,84.81067990882559,0.0,140.91517509727626,84.55175097276265,0,126.0,84.0,0.0,2,1.7347325998214354,1.006936324372539,nan,1.9263313968564248,2,3,0.90053694948457,2.0,2,0.1043430721585139,1.0015154939557362
3,3,file:///home/ts/.cache/openhcs/cellprofiler_examples/ExampleTrackObjects/images/Sequence1/DrosophilaEmbryo_GFPHistone_0002.tif,0,0002,Sequence1,Sequence1,0,DrosophilaEmbryo,GFPHistone,1132,2156,509,236,460,192,482.3524734982332,213.9452296819788,1.7446987832087026,1396,0.864968869744823,37.96455142155909,1,0.5250463821892394,0.5731648406155729,56.23331583131347,52.009614495783374,12.206555615733702,4.8316448122091264,4.242640687119285,29.901871443440275,28.219313061975495,-60.68775278034213,157.53910524340094,0.8108882521489972,20.363399483263493,295.7699426189065,0.19346405565738678,0.06535947322845459,0.8112033283328194,0.19607843458652496,0.4888888895511627,0.14973087855340803,0.2612808680379033,0.2549019753932953,0.10980392247438431,0.10980392247438431,0.01340489650044399,0.08057929967581302,0.32156863808631897,481.65906200033874,214.36621820258947,0.0,482.3524734982332,213.9452296819788,0,466.0,226.0,0.0,3,12.979556399310454,10.724784864659357,nan,12.98503938796281,3,3,0.9995777457049965,2.0,3,-8.70174336923668,6.269024862701684
4,1,file:///home/ts/.cache/openhcs/cellprofiler_examples/ExampleTrackObjects/images/Sequence1/DrosophilaEmbryo_GFPHistone_0003.tif,0,0003,Sequence1,Sequence1,0,DrosophilaEmbryo,GFPHistone,1317,2072,312,79,256,42,283.3105542900532,62.41002277904328,1.852482459316903,1579,0.8329652208702646,40.94943809646488,1,0.6356177606177607,0.5398161774599187,58.7701956597664,57.0087712549569,12.649110640673518,4.9009474047513,4.47213595499958,34.198583994196625,32.519038969782166,-85.38298949898746,175.09545442950497,0.8340721975934136,21.657517232000828,346.42223174124956,0.1895424872636795,0.06797385215759277,0.5487794381775731,0.18562091886997223,0.5267974138259888,0.14535246464430085,0.2630389003350414,0.2562091648578644,0.11895424872636795,0.11895424872636795,0.011847445011580839,0.08680137188285124,0.32549020648002625,283.8561428808073,62.350929958790395,0.0,283.3105542900532,62.41002277904328,0,286.0,65.0,0.0,1,3.44397170214105,0.0,nan,3.5027797442814155,1,4,0.9832110362530289,3.0,1,0.0,0.0
4,2,file:///home/ts/.cache/openhcs/cellprofiler_examples/ExampleTrackObjects/images/Sequence1/DrosophilaEmbryo_GFPHistone_0003.tif,0,0003,Sequence1,Sequence1,0,DrosophilaEmbryo,GFPHistone,1285,2028,168,105,116,66,140.91517509727626,84.55175097276265,1.4441949419966726,1421,0.8049274649841764,40.44889139376608,1,0.633629191321499,0.6924272969807312,53.31828388230901,52.88667128870941,14.560219778561036,5.752880954896916,5.0990195135927845,31.367850826780973,31.637641697814733,-72.76676296012442,152.71067811865476,0.904292751583392,19.431373357772827,332.528113886714,0.18692810833454132,0.06470587849617004,0.7149445661924975,0.1764705926179886,0.5124183297157288,0.14720737392252142,0.25877674232429104,0.25424838066101074,0.125490203499794,0.125490203499794,0.01053232208816801,0.08159236798758299,0.3163398802280426,140.24876565946983,84.81067990882559,0.0,140.91517509727626,84.55175097276265,0,126.0,84.0,0.0,2,1.7347325998214354,0.0,nan,1.9263313968564248,2,4,0.90053694948457,3.0,2,0.0,0.0
4,3,file:///home/ts/.cache/openhcs/cellprofiler_examples/ExampleTrackObjects/images/Sequence1/DrosophilaEmbryo_GFPHistone_0003.tif,0,0003,Sequence1,Sequence1,0,DrosophilaEmbryo,GFPHistone,1132,2156,509,236,460,192,482.3524734982332,213.9452296819788,1.7446987832087026,1396,0.864968869744823,37.96455142155909,1,0.5250463821892394,0.5731648406155729,56.23331583131347,52.009614495783374,12.206555615733702,4.8316448122091264,4.242640687119285,29.901871443440275,28.219313061975495,-60.68775278034213,157.53910524340094,0.8108882521489972,20.363399483263493,295.7699426189065,0.19346405565738678,0.06535947322845459,0.8112033283328194,0.19607843458652496,0.4888888895511627,0.14973087855340803,0.2612808680379033,0.2549019753932953,0.10980392247438431,0.10980392247438431,0.01340489650044399,0.08057929967581302,0.32156863808631897,481.65906200033874,214.36621820258947,0.0,482.3524734982332,213.9452296819788,0,466.0,226.0,0.0,3,12.979556399310454,0.0,nan,12.98503938796281,3,4,0.9995777457049965,3.0,3,0.0,0.0
5,1,file:///home/ts/.cache/openhcs/cellprofiler_examples/ExampleTrackObjects/images/Sequence1/DrosophilaEmbryo_GFPHistone_0004.tif,0,0004,Sequence1,Sequence1,0,DrosophilaEmbryo,GFPHistone,1367,2166,314,80,257,42,284.0885149963424,62.814923189465986,1.8107516871452354,1662,0.8421342458927352,41.719521301819455,1,0.6311172668513388,0.5522568373671176,60.69221274594149,58.240879114244144,12.36931687685298,5.030794680511835,5.0,35.14993245341006,32.72936458559766,-86.2346050171968,176.36753236814712,0.822503008423586,22.70196171104908,337.26144632697105,0.18300653994083405,0.053594768047332764,0.8088278959093299,0.19869281351566315,0.5346405506134033,0.147415335786033,0.24671649328966427,0.22614379227161407,0.11895424872636795,0.11895424872636795,0.012002355195980663,0.08378879997240087,0.2967320382595062,284.89507180717857,62.754353592349304,0.0,284.0885149963424,62.814923189465986,0,288.0,68.0,0.0,1,2.9892146239979835,0.8770217801688147,nan,4.37980152445023,1,5,0.6825000190786502,4.0,1,0.7779607062892069,0.4049004104227052
5,2,file:///home/ts/.cache/openhcs/cellprofiler_examples/ExampleTrackObjects/images/Sequence1/DrosophilaEmbryo_GFPHistone_0004.tif,0,0004,Sequence1,Sequence1,0,DrosophilaEmbryo,GFPHistone,1237,1950,168,106,118,67,140.89571544058205,85.50202101859337,1.5213530548799943,1370,0.8075823991415656,39.686235861283144,1,0.6343589743589744,0.6573096210589204,52.80296085164369,51.86520991955976,14.866068747318506,5.378195174534815,5.0,31.05492226236143,31.140797130730412,-67.65415301314898,153.78174593052023,0.9029197080291971,19.044445246458054,318.128113090992,0.1921568661928177,0.06143791228532791,0.6632158383969645,0.1751634031534195,0.4797385632991791,0.1453774446294508,0.2571771326523783,0.24836601316928864,0.12418300658464432,0.12418300658464432,0.009892176888232372,0.07909342629691217,0.3150326907634735,140.24603892705443,85.63534647029401,0.0,140.89571544058205,85.50202101859337,0,141.0,91.0,0.0,2,2.6568893927610904,0.9504692726447161,nan,2.876800669501141,2,5,0.9235569989010796,4.0,2,-0.01945965669420957,0.9502700458307203
5,3,file:///home/ts/.cache/openhcs/cellprofiler_examples/ExampleTrackObjects/images/Sequence1/DrosophilaEmbryo_GFPHistone_0004.tif,0,0004,Sequence1,Sequence1,0,DrosophilaEmbryo,GFPHistone,1131,2142,509,236,458,194,481.07780725022104,214.7524314765694,1.7302759192366275,1355,0.8561325941589719,37.94777892176918,1,0.5280112044817927,0.5779425055173775,54.75419219948041,51.73973328110612,12.649110640673518,4.987453660629291,4.47213595499958,28.858956049418957,28.2945688767898,-64.12023339572448,156.81727983645294,0.8346863468634687,19.86013153195381,286.9281126707792,0.1895424872636795,0.06013072282075882,0.8586202531523649,0.1921568661928177,0.4745098054409027,0.14820993680562547,0.25369417565939806,0.24967320263385773,0.125490203499794,0.125490203499794,0.01240396161097868,0.07626704675133102,0.31111112236976624,480.2623781470399,215.0213257249434,0.0,481.07780725022104,214.7524314765694,0,464.0,226.0,0.0,3,14.484701299418903,1.5087573632005098,nan,14.49379675116332,3,5,0.99937245899742,4.0,3,-1.2746662480121813,0.8072017945906111
6,1,file:///home/ts/.cache/openhcs/cellprofiler_examples/ExampleTrackObjects/images/Sequence1/DrosophilaEmbryo_GFPHistone_0005.tif,0,0005,Sequence1,Sequence1,0,DrosophilaEmbryo,GFPHistone,1357,2088,314,79,256,43,283.59690493736184,62.82313927781872,1.8312004030421312,1640,0.8543257032405236,41.56664603026825,1,0.649904214559387,0.5460898754383862,61.66430200303584,59.135437767890075,11.661903789690601,5.007208652208268,5.0,33.95300619730533,32.049281239964984,-86.98809249284525,176.71067811865476,0.8274390243902439,23.52549111098051,344.6209239140153,0.18692810833454132,0.054901957511901855,0.9258301093379161,0.18692810833454132,0.5346405506134033,0.15080443019859302,0.25395793950922274,0.23398692905902863,0.12156862765550613,0.12156862765550613,0.013767391677691919,0.08704175131201425,0.3045751750469208,284.50978437524117,62.668826208852465,0.0,283.59690493736184,62.82313927781872,0,286.0,67.0,0.0,1,3.3936088930740906,0.49167871033701566,nan,4.871480234787246,1,6,0.6966278686384327,5.0,1,-0.491610058980541,0.008216088352732243
6,2,file:///home/ts/.cache/openhcs/cellprofiler_examples/ExampleTrackObjects/images/Sequence1/DrosophilaEmbryo_GFPHistone_0005.tif,0,0005,Sequence1,Sequence1,0,DrosophilaEmbryo,GFPHistone,1277,2000,168,108,118,68,140.72122161315585,86.72122161315583,1.4597806665507136,1412,0.7985363985637219,40.3227838650409,1,0.6385,0.6850344184670427,53.040943362150145,51.97114584074513,14.7648230602334,5.609750599435687,5.0,33.79200874263202,31.927811592847476,-65.59222039530302,153.0538238691624,0.9043909348441926,20.01830145716667,328.42615278065205,0.1908496767282486,0.062745101749897,0.5489546799928744,0.1764705926179886,0.4888888895511627,0.14939030938184084,0.25718571086973535,0.250980406999588,0.125490203499794,0.125490203499794,0.011070710309777687,0.07922877429361488,0.3163398802280426,140.1739609811836,86.67812821018725,0.0,140.72122161315585,86.72122161315583,0,127.0,88.0,0.0,2,3.8861436639301608,1.2316242063191662,nan,4.108424875820307,2,6,0.9458962452500084,5.0,2,-0.174493827426204,1.2192005945624658
6,3,file:///home/ts/.cache/openhcs/cellprofiler_examples/ExampleTrackObjects/images/Sequence1/DrosophilaEmbryo_GFPHistone_0005.tif,0,0005,Sequence1,Sequence1,0,DrosophilaEmbryo,GFPHistone,1149,1989,508,237,457,198,481.1766753698869,216.60661444734552,1.6733541315543317,1382,0.8537476430433766,38.24855862513909,1,0.5776772247360482,0.5976021340271399,55.539672686586115,51.10772935672255,12.083045973594572,4.988275977023251,4.47213595499958,29.30012483652999,28.918786087031386,-67.52592792656313,155.4386001800126,0.8314037626628076,19.860131487250328,297.1516422778368,0.1921568661928177,0.0640522912144661,1.0943479302036443,0.1908496767282486,0.4470588266849518,0.15160405715458267,0.25861761730011906,0.2562091648578644,0.125490203499794,0.125490203499794,0.012956095253988815,0.07493604827344003,0.3202614486217499,480.09263112045323,216.75643252906747,0.0,481.1766753698869,216.60661444734552,0,463.0,226.0,0.0,3,15.575211884048814,1.8568170061162261,nan,16.350613757279547,3,6,0.9525765891885549,5.0,3,0.09886811966583764,1.8541829707761224
7,1,file:///home/ts/.cache/openhcs/cellprofiler_examples/ExampleTrackObjects/images/Sequence1/DrosophilaEmbryo_GFPHistone_0006.tif,0,0006,Sequence1,Sequence1,0,DrosophilaEmbryo,GFPHistone,1357,2088,314,79,256,43,283.59690493736184,62.82313927781872,1.8312004030421312,1640,0.8543257032405236,41.56664603026825,1,0.649904214559387,0.5460898754383862,61.66430200303584,59.135437767890075,11.661903789690601,5.007208652208268,5.0,33.95300619730533,32.049281239964984,-86.98809249284525,176.71067811865476,0.8274390243902439,23.52549111098051,344.6209239140153,0.18692810833454132,0.054901957511901855,0.9258301093379161,0.18692810833454132,0.5346405506134033,0.15080443019859302,0.25395793950922274,0.23398692905902863,0.12156862765550613,0.12156862765550613,0.013767391677691919,0.08704175131201425,0.3045751750469208,284.50978437524117,62.668826208852465,0.0,283.59690493736184,62.82313927781872,0,286.0,67.0,0.0,1,3.3936088930740906,0.0,nan,4.871480234787246,1,7,0.6966278686384327,6.0,1,0.0,0.0
7,2,file:///home/ts/.cache/openhcs/cellprofiler_examples/ExampleTrackObjects/images/Sequence1/DrosophilaEmbryo_GFPHistone_0006.tif,0,0006,Sequence1,Sequence1,0,DrosophilaEmbryo,GFPHistone,1277,2000,168,108,118,68,140.72122161315585,86.72122161315583,1.4597806665507136,1412,0.7985363985637219,40.3227838650409,1,0.6385,0.6850344184670427,53.040943362150145,51.97114584074513,14.7648230602334,5.609750599435687,5.0,33.79200874263202,31.927811592847476,-65.59222039530302,153.0538238691624,0.9043909348441926,20.01830145716667,328.42615278065205,0.1908496767282486,0.062745101749897,0.5489546799928744,0.1764705926179886,0.4888888895511627,0.14939030938184084,0.25718571086973535,0.250980406999588,0.125490203499794,0.125490203499794,0.011070710309777687,0.07922877429361488,0.3163398802280426,140.1739609811836,86.67812821018725,0.0,140.72122161315585,86.72122161315583,0,127.0,88.0,0.0,2,3.8861436639301608,0.0,nan,4.108424875820307,2,7,0.9458962452500084,6.0,2,0.0,0.0
7,3,file:///home/ts/.cache/openhcs/cellprofiler_examples/ExampleTrackObjects/images/Sequence1/DrosophilaEmbryo_GFPHistone_0006.tif,0,0006,Sequence1,Sequence1,0,DrosophilaEmbryo,GFPHistone,1149,1989,508,237,457,198,481.1766753698869,216.60661444734552,1.6733541315543317,1382,0.8537476430433766,38.24855862513909,1,0.5776772247360482,0.5976021340271399,55.539672686586115,51.10772935672255,12.083045973594572,4.988275977023251,4.47213595499958,29.30012483652999,28.918786087031386,-67.52592792656313,155.4386001800126,0.8314037626628076,19.860131487250328,297.1516422778368,0.1921568661928177,0.0640522912144661,1.0943479302036443,0.1908496767282486,0.4470588266849518,0.15160405715458267,0.25861761730011906,0.2562091648578644,0.125490203499794,0.125490203499794,0.012956095253988815,0.07493604827344003,0.3202614486217499,480.09263112045323,216.75643252906747,0.0,481.1766753698869,216.60661444734552,0,463.0,226.0,0.0,3,15.575211884048814,0.0,nan,16.350613757279547,3,7,0.9525765891885549,6.0,3,0.0,0.0
8,1,file:///home/ts/.cache/openhcs/cellprofiler_examples/ExampleTrackObjects/images/Sequence1/DrosophilaEmbryo_GFPHistone_0007.tif,0,0007,Sequence1,Sequence1,0,DrosophilaEmbryo,GFPHistone,1373,2124,316,78,257,42,284.29278951201746,62.22432629278951,1.8906189920531105,1664,0.8628734087347761,41.81097816269524,1,0.646421845574388,0.52892730063716,63.08980396599567,60.728905802755904,11.704699910719626,4.9343057867923354,4.47213595499958,34.414247227599624,31.8868552176135,-87.98886501922276,180.61017305526642,0.8251201923076923,23.981700256466866,348.20915953814983,0.1908496767282486,0.050980404019355774,0.646137504768702,0.18431372940540314,0.5124183297157288,0.15274968316220933,0.25361191517709386,0.239215686917305,0.125490203499794,0.125490203499794,0.011648786227514408,0.08185094770469918,0.29411765933036804,284.9312110384579,62.1247691250606,0.0,284.29278951201746,62.22432629278951,0,283.0,60.0,0.0,1,2.486364074709364,0.9180590026154221,nan,5.789539237402668,1,8,0.4294580229539664,7.0,1,0.6958845746556221,-0.5988129850292054
8,2,file:///home/ts/.cache/openhcs/cellprofiler_examples/ExampleTrackObjects/images/Sequence1/DrosophilaEmbryo_GFPHistone_0007.tif,0,0007,Sequence1,Sequence1,0,DrosophilaEmbryo,GFPHistone,1261,2100,167,112,117,70,139.97145122918317,88.05233941316416,1.6131529905520003,1464,0.7925993876585351,40.06937815727916,1,0.6004761904761905,0.6199040052969885,53.04165619804979,52.20153254455275,13.892443989449804,5.33899712614138,5.0,36.61800620430307,32.34176485830498,-65.03843500582407,159.88225099390854,0.8613387978142076,21.011765532195568,328.47451861947775,0.1908496767282486,0.0627451092004776,0.4888435952410728,0.18300653994083405,0.5137255191802979,0.15008403951568264,0.2604873264230593,0.2522875964641571,0.11895424872636795,0.11895424872636795,0.010441847876329406,0.08303288884813417,0.3189542591571808,139.50687074152756,87.90024394611174,0.0,139.97145122918317,88.05233941316416,0,149.0,79.0,0.0,2,5.358103169574694,1.527753326352636,nan,5.636178202172943,2,8,0.9506624839344076,7.0,2,-0.7497703839726739,1.3311178000083288
8,3,file:///home/ts/.cache/openhcs/cellprofiler_examples/ExampleTrackObjects/images/Sequence1/DrosophilaEmbryo_GFPHistone_0007.tif,0,0007,Sequence1,Sequence1,0,DrosophilaEmbryo,GFPHistone,1124,2014,508,238,455,200,479.6023131672598,217.72419928825622,1.7679584382701605,1391,0.8583799557049284,37.83016320718592,1,0.5580933465739821,0.5656241562886734,55.964297996097386,52.46903848937962,12.041594578792296,4.802509987680148,4.242640687119285,28.690537897645456,28.710494959819346,-70.30773096386478,158.0243866176395,0.8080517613227893,20.35163477063179,297.17909303307533,0.19346405565738678,0.06405229866504669,0.8225948711692235,0.1908496767282486,0.530718982219696,0.1518778714226253,0.264394210883519,0.2562091648578644,0.13202615082263947,0.13202615082263947,0.013000651744552604,0.08348156158683329,0.32418301701545715,478.79109889283944,217.86055809087105,0.0,479.6023131672598,217.72419928825622,0,469.0,220.0,0.0,3,17.49499122433986,1.9307025202485613,nan,18.28131627752811,3,8,0.9569875034570229,7.0,3,-1.5743622026270714,1.1175848409106948
9,1,file:///home/ts/.cache/openhcs/cellprofiler_examples/ExampleTrackObjects/images/Sequence1/DrosophilaEmbryo_GFPHistone_0008.tif,0,0008,Sequence1,Sequence1,0,DrosophilaEmbryo,GFPHistone,1346,2065,317,77,258,42,285.33878157503716,61.6887072808321,1.9863384651472327,1648,0.8647168772026638,41.397831189731775,1,0.6518159806295399,0.5034388738607433,63.08302351299269,60.728905802755904,11.0,4.773019803266803,4.47213595499958,34.0,31.684055191904644,-89.30135034065114,183.29646455628165,0.816747572815534,25.386929020285606,339.9647144973278,0.19346405565738678,0.04967319965362549,0.34290845667063913,0.19869281351566315,0.5215686559677124,0.1557480307992982,0.2525740820931113,0.2366013079881668,0.125490203499794,0.125490203499794,0.013695561428716196,0.07998933803297333,0.29411765933036804,285.67063093693554,61.60232319280728,0.0,285.33878157503716,61.6887072808321,0,285.0,59.0,0.0,1,1.3149008357646774,1.1751540843099844,nan,6.964693321712652,1,9,0.18879522400009094,8.0,1,1.0459920630196962,-0.5356190119574151
9,2,file:///home/ts/.cache/openhcs/cellprofiler_examples/ExampleTrackObjects/images/Sequence1/DrosophilaEmbryo_GFPHistone_0008.tif,0,0008,Sequence1,Sequence1,0,DrosophilaEmbryo,GFPHistone,1213,2107,166,113,117,70,139.35119538334706,88.54987633965375,1.9172749934578945,1471,0.7838668597412366,39.299358363257696,1,0.5757000474608448,0.5215735892932362,52.409801024690715,51.97114584074513,13.152946437965905,4.9183231507054685,4.47213595499958,38.174575421878295,32.542762097535054,-62.4086304074729,170.95331880577402,0.8246091094493542,22.728105440735817,316.96994334459305,0.19346405565738678,0.06143791973590851,0.5384194975691384,0.1882352977991104,0.5241830348968506,0.15253762040762292,0.2613107529633908,0.2549019753932953,0.1281045824289322,0.1281045824289322,0.011160824493767759,0.08412271861772891,0.3150326907634735,138.96802235716336,88.17162511709415,0.0,139.35119538334706,88.54987633965375,0,127.0,88.0,0.0,2,6.026426494463474,0.7951479783754571,nan,6.4313261805484006,2,9,0.93704258270875,8.0,2,-0.6202558458361125,0.49753692648958747
9,3,file:///home/ts/.cache/openhcs/cellprofiler_examples/ExampleTrackObjects/images/Sequence1/DrosophilaEmbryo_GFPHistone_0008.tif,0,0008,Sequence1,Sequence1,0,DrosophilaEmbryo,GFPHistone,1086,2014,507,238,454,200,478.74953959484344,217.42357274401473,1.9689957062258423,1381,0.8677737122519419,37.18518717960671,1,0.5392254220456802,0.5078731237645984,56.362585813863966,52.15361924162119,11.180339887498949,4.503029058195153,4.123105625617661,28.492269357352008,28.00992471515551,-69.91134269473591,163.92388155425118,0.7863866763215062,21.194772019982338,284.72941967844963,0.1967320293188095,0.06143791973590851,0.9657384186028812,0.19738562405109406,0.5058823823928833,0.15470636510936014,0.26218178607592046,0.25882354378700256,0.1267973929643631,0.1267973929643631,0.01330978649182007,0.07834392191387102,0.3202614486217499,477.79127530850354,217.54349042699386,0.0,478.74953959484344,217.42357274401473,0,469.0,220.0,0.0,3,17.956955845392567,0.9042118584238703,nan,19.18552813595198,3,9,0.9359635928782603,8.0,3,-0.8527735724163676,-0.3006265442414815
10,1,file:///home/ts/.cache/openhcs/cellprofiler_examples/ExampleTrackObjects/images/Sequence1/DrosophilaEmbryo_GFPHistone_0009.tif,0,0009,Sequence1,Sequence1,0,DrosophilaEmbryo,GFPHistone,1346,2065,317,77,258,42,285.33878157503716,61.6887072808321,1.9863384651472327,1648,0.8647168772026638,41.397831189731775,1,0.6518159806295399,0.5034388738607433,63.08302351299269,60.728905802755904,11.0,4.773019803266803,4.47213595499958,34.0,31.684055191904644,-89.30135034065114,183.29646455628165,0.816747572815534,25.386929020285606,339.9647144973278,0.19346405565738678,0.04967319965362549,0.34290845667063913,0.19869281351566315,0.5215686559677124,0.1557480307992982,0.2525740820931113,0.2366013079881668,0.125490203499794,0.125490203499794,0.013695561428716196,0.07998933803297333,0.29411765933036804,285.67063093693554,61.60232319280728,0.0,285.33878157503716,61.6887072808321,0,285.0,59.0,0.0,1,1.3149008357646774,0.0,nan,6.964693321712652,1,10,0.18879522400009094,9.0,1,0.0,0.0
10,2,file:///home/ts/.cache/openhcs/cellprofiler_examples/ExampleTrackObjects/images/Sequence1/DrosophilaEmbryo_GFPHistone_0009.tif,0,0009,Sequence1,Sequence1,0,DrosophilaEmbryo,GFPHistone,1213,2107,166,113,117,70,139.35119538334706,88.54987633965375,1.9172749934578945,1471,0.7838668597412366,39.299358363257696,1,0.5757000474608448,0.5215735892932362,52.409801024690715,51.97114584074513,13.152946437965905,4.9183231507054685,4.47213595499958,38.174575421878295,32.542762097535054,-62.4086304074729,170.95331880577402,0.8246091094493542,22.728105440735817,316.96994334459305,0.19346405565738678,0.06143791973590851,0.5384194975691384,0.1882352977991104,0.5241830348968506,0.15253762040762292,0.2613107529633908,0.2549019753932953,0.1281045824289322,0.1281045824289322,0.011160824493767759,0.08412271861772891,0.3150326907634735,138.96802235716336,88.17162511709415,0.0,139.35119538334706,88.54987633965375,0,127.0,88.0,0.0,2,6.026426494463474,0.0,nan,6.4313261805484006,2,10,0.93704258270875,9.0,2,0.0,0.0
10,3,file:///home/ts/.cache/openhcs/cellprofiler_examples/ExampleTrackObjects/images/Sequence1/DrosophilaEmbryo_GFPHistone_0009.tif,0,0009,Sequence1,Sequence1,0,DrosophilaEmbryo,GFPHistone,1086,2014,507,238,454,200,478.74953959484344,217.42357274401473,1.9689957062258423,1381,0.8677737122519419,37.18518717960671,1,0.5392254220456802,0.5078731237645984,56.362585813863966,52.15361924162119,11.180339887498949,4.503029058195153,4.123105625617661,28.492269357352008,28.00992471515551,-69.91134269473591,163.92388155425118,0.7863866763215062,21.194772019982338,284.72941967844963,0.1967320293188095,0.06143791973590851,0.9657384186028812,0.19738562405109406,0.5058823823928833,0.15470636510936014,0.26218178607592046,0.25882354378700256,0.1267973929643631,0.1267973929643631,0.01330978649182007,0.07834392191387102,0.3202614486217499,477.79127530850354,217.54349042699386,0.0,478.74953959484344,217.42357274401473,0,469.0,220.0,0.0,3,17.956955845392567,0.0,nan,19.18552813595198,3,10,0.9359635928782603,9.0,3,0.0,0.0
11,1,file:///home/ts/.cache/openhcs/cellprofiler_examples/ExampleTrackObjects/images/Sequence1/DrosophilaEmbryo_GFPHistone_0010.tif,0,0010,Sequence1,Sequence1,0,DrosophilaEmbryo,GFPHistone,1272,2204,314,78,256,40,283.5369496855346,61.144654088050316,2.2231577573632286,1680,0.8553182696401787,40.2437659880773,1,0.5771324863883848,0.44981063385535347,62.307595620123045,58.82176467941097,10.63014581273465,4.363671173103904,4.061552812808831,36.73425384304689,32.281748546256516,-87.71304858916012,188.50966799187808,0.7571428571428571,25.433987818658352,315.04706654697657,0.1882352977991104,0.044444456696510315,0.8678652139594342,0.2078431397676468,0.529411792755127,0.15699992480653305,0.24767851143630235,0.22745098173618317,0.12418300658464432,0.12418300658464432,0.013832931707910025,0.0810137993816578,0.2888889014720917,284.34037869101115,60.81648970430373,0.0,283.5369496855346,61.144654088050316,0,283.0,64.0,0.0,1,2.9055377483873612,1.8821774716015724,nan,8.846870793314224,1,11,0.3284254756589347,10.0,1,-1.80183188950258,-0.5440531927817815
11,2,file:///home/ts/.cache/openhcs/cellprofiler_examples/ExampleTrackObjects/images/Sequence1/DrosophilaEmbryo_GFPHistone_0010.tif,0,0010,Sequence1,Sequence1,0,DrosophilaEmbryo,GFPHistone,1139,1920,165,113,117,73,139.09833187006146,89.19578577699737,1.99770003984526,1366,0.8007376838235456,38.08175207961617,1,0.5932291666666667,0.5005756520270476,51.879768505499534,50.695167422546305,12.806248474865697,4.6142080730588715,4.123105625617661,36.0,31.076767823210773,-64.0742733983549,169.09545442950497,0.8338213762811127,22.32549099624157,293.6797466725111,0.1921568661928177,0.05882353335618973,0.5229256515506343,0.1921568661928177,0.48496732115745544,0.15612231465903195,0.2578399882989562,0.250980406999588,0.125490203499794,0.125490203499794,0.012275730066115332,0.07761747560130622,0.30849674344062805,138.60477600176984,89.0230031334114,0.0,139.09833187006146,89.19578577699737,0,127.0,91.0,0.0,2,6.7200057510513265,0.693641807852359,nan,7.124967988400759,2,11,0.9431629393972437,10.0,2,-0.25286351328560386,0.6459094373436187
11,3,file:///home/ts/.cache/openhcs/cellprofiler_examples/ExampleTrackObjects/images/Sequence1/DrosophilaEmbryo_GFPHistone_0010.tif,0,0010,Sequence1,Sequence1,0,DrosophilaEmbryo,GFPHistone,1081,1976,506,238,454,200,477.4588344125809,217.31267345050878,2.1073875850289676,1425,0.8712781231366309,37.09948716436268,1,0.5470647773279352,0.47452115932734523,57.04535948924129,53.23532661682466,11.0,4.380216399782182,4.0,29.770703360612618,27.997269204829497,-69.55658143529995,169.19595949289334,0.7585964912280702,23.19215765595436,285.5581771880388,0.19869281351566315,0.06405229866504669,1.006222104953129,0.21176470816135406,0.4718954265117645,0.158850394903797,0.26416112598338465,0.2522875964641571,0.13333334028720856,0.13333334028720856,0.013741654880995378,0.08076887601249,0.3294117748737335,476.48102101085294,217.55008422511148,0.0,477.4588344125809,217.31267345050878,0,459.0,227.0,0.0,3,18.91738846869125,1.2954607368883966,nan,20.480988872840378,3,11,0.9236560102709396,10.0,3,-1.2907051822625135,-0.11089929350595185
12,1,file:///home/ts/.cache/openhcs/cellprofiler_examples/ExampleTrackObjects/images/Sequence1/DrosophilaEmbryo_GFPHistone_0011.tif,0,0011,Sequence1,Sequence1,0,DrosophilaEmbryo,GFPHistone,1288,2052,314,76,257,40,283.7453416149068,60.774844720496894,2.092305181771378,1633,0.8590702928659318,40.49608047229867,1,0.6276803118908382,0.4779417499474835,62.35145494691717,58.52349955359813,10.63014581273465,4.5274956605888415,4.123105625617661,35.0,31.91506786640537,-87.75094750599328,184.0243866176395,0.7887323943661971,24.8431381508708,326.3947794660926,0.1895424872636795,0.050980404019355774,0.8818069649863332,0.19869281351566315,0.5385621190071106,0.1552696134429425,0.25341209585876756,0.23529411852359772,0.12156862765550613,0.12156862765550613,0.014976215904147163,0.08434953861575412,0.29411765933036804,284.60198568043387,60.56569293710581,0.0,283.7453416149068,60.774844720496894,0,283.0,65.0,0.0,1,2.698367026123784,0.4244834090488592,nan,9.271354202363083,1,12,0.2910434621768656,11.0,1,0.20839192937222606,-0.3698093675534224
12,2,file:///home/ts/.cache/openhcs/cellprofiler_examples/ExampleTrackObjects/images/Sequence1/DrosophilaEmbryo_GFPHistone_0011.tif,0,0011,Sequence1,Sequence1,0,DrosophilaEmbryo,GFPHistone,1133,1968,165,113,117,72,139.4368932038835,88.92939099735216,1.895226070784966,1358,0.8053115737923534,37.98131651463571,1,0.5757113821138211,0.5276415386085415,51.972567860506686,50.32891812864648,12.529964086141668,4.676242984468991,4.123105625617661,35.663463665028345,30.81203094818176,-64.11607830946784,164.2670273047588,0.8343151693667158,21.764706656336784,302.75033490359783,0.19738562405109406,0.06470588594675064,0.45897113732066525,0.1882352977991104,0.48235294222831726,0.15658062342688334,0.26721123998552326,0.26274511218070984,0.1267973929643631,0.1267973929643631,0.011806701235092287,0.08168740434333432,0.32647059857845306,138.9959672618875,88.80195937424249,0.0,139.4368932038835,88.92939099735216,0,129.0,91.0,0.0,2,6.355234937415893,0.43080152667043875,nan,7.555769515071198,2,12,0.8411102171313397,11.0,2,0.33856133382204234,-0.26639477964521063
12,3,file:///home/ts/.cache/openhcs/cellprofiler_examples/ExampleTrackObjects/images/Sequence1/DrosophilaEmbryo_GFPHistone_0011.tif,0,0011,Sequence1,Sequence1,0,DrosophilaEmbryo,GFPHistone,1111,2040,505,240,454,200,477.24032403240324,218.6894689468947,2.0081088315479287,1468,0.8634013616719193,37.61075822422045,1,0.5446078431372549,0.4979809780673894,57.38875990588074,53.85164807134504,11.180339887498949,4.456900931441184,4.0,30.765588090906782,28.95364396202637,-69.4422161113559,167.4386001800126,0.7568119891008175,22.917647823691368,293.61830842494965,0.19738562405109406,0.06143791973590851,1.0062056334916603,0.19869281351566315,0.5058823823928833,0.16026327149434524,0.264282905873042,0.2535947859287262,0.125490203499794,0.125490203499794,0.014657798329592733,0.08071595460796752,0.32418301701545715,476.2538754719445,218.88788521245598,0.0,477.24032403240324,218.6894689468947,0,467.0,220.0,0.0,3,19.926269307730767,1.39402748362933,nan,21.875016356469708,3,12,0.9109144872404823,11.0,3,-0.21851038017769042,1.3767954963859097
13,1,file:///home/ts/.cache/openhcs/cellprofiler_examples/ExampleTrackObjects/images/Sequence1/DrosophilaEmbryo_GFPHistone_0012.tif,0,0012,Sequence1,Sequence1,0,DrosophilaEmbryo,GFPHistone,1288,2052,314,76,257,40,283.7453416149068,60.774844720496894,2.092305181771378,1633,0.8590702928659318,40.49608047229867,1,0.6276803118908382,0.4779417499474835,62.35145494691717,58.52349955359813,10.63014581273465,4.5274956605888415,4.123105625617661,35.0,31.91506786640537,-87.75094750599328,184.0243866176395,0.7887323943661971,24.8431381508708,326.3947794660926,0.1895424872636795,0.050980404019355774,0.8818069649863332,0.19869281351566315,0.5385621190071106,0.1552696134429425,0.25341209585876756,0.23529411852359772,0.12156862765550613,0.12156862765550613,0.014976215904147163,0.08434953861575412,0.29411765933036804,284.60198568043387,60.56569293710581,0.0,283.7453416149068,60.774844720496894,0,283.0,65.0,0.0,1,2.698367026123784,0.0,nan,9.271354202363083,1,13,0.2910434621768656,12.0,1,0.0,0.0
13,2,file:///home/ts/.cache/openhcs/cellprofiler_examples/ExampleTrackObjects/images/Sequence1/DrosophilaEmbryo_GFPHistone_0012.tif,0,0012,Sequence1,Sequence1,0,DrosophilaEmbryo,GFPHistone,1133,1968,165,113,117,72,139.4368932038835,88.92939099735216,1.895226070784966,1358,0.8053115737923534,37.98131651463571,1,0.5757113821138211,0.5276415386085415,51.972567860506686,50.32891812864648,12.529964086141668,4.676242984468991,4.123105625617661,35.663463665028345,30.81203094818176,-64.11607830946784,164.2670273047588,0.8343151693667158,21.764706656336784,302.75033490359783,0.19738562405109406,0.06470588594675064,0.45897113732066525,0.1882352977991104,0.48235294222831726,0.15658062342688334,0.26721123998552326,0.26274511218070984,0.1267973929643631,0.1267973929643631,0.011806701235092287,0.08168740434333432,0.32647059857845306,138.9959672618875,88.80195937424249,0.0,139.4368932038835,88.92939099735216,0,129.0,91.0,0.0,2,6.355234937415893,0.0,nan,7.555769515071198,2,13,0.8411102171313397,12.0,2,0.0,0.0
13,3,file:///home/ts/.cache/openhcs/cellprofiler_examples/ExampleTrackObjects/images/Sequence1/DrosophilaEmbryo_GFPHistone_0012.tif,0,0012,Sequence1,Sequence1,0,DrosophilaEmbryo,GFPHistone,1111,2040,505,240,454,200,477.24032403240324,218.6894689468947,2.0081088315479287,1468,0.8634013616719193,37.61075822422045,1,0.5446078431372549,0.4979809780673894,57.38875990588074,53.85164807134504,11.180339887498949,4.456900931441184,4.0,30.765588090906782,28.95364396202637,-69.4422161113559,167.4386001800126,0.7568119891008175,22.917647823691368,293.61830842494965,0.19738562405109406,0.06143791973590851,1.0062056334916603,0.19869281351566315,0.5058823823928833,0.16026327149434524,0.264282905873042,0.2535947859287262,0.125490203499794,0.125490203499794,0.014657798329592733,0.08071595460796752,0.32418301701545715,476.2538754719445,218.88788521245598,0.0,477.24032403240324,218.6894689468947,0,467.0,220.0,0.0,3,19.926269307730767,0.0,nan,21.875016356469708,3,13,0.9109144872404823,12.0,3,0.0,0.0
14,1,file:///home/ts/.cache/openhcs/cellprofiler_examples/ExampleTrackObjects/images/Sequence1/DrosophilaEmbryo_GFPHistone_0013.tif,0,0013,Sequence1,Sequence1,0,DrosophilaEmbryo,GFPHistone,1250,2030,316,75,258,40,284.54,60.4328,2.181080173542984,1579,0.8664735996113759,39.89422804014327,1,0.6157635467980296,0.45848841877994007,62.0074300289058,58.52349955359813,10.770329614269007,4.378826592762129,4.123105625617661,34.0,30.95552887240583,-88.72314964786406,185.09545442950497,0.7916402786573781,26.477124989032745,327.87582525610924,0.19738562405109406,0.052287593483924866,0.9328280633990466,0.24052289128303528,0.5503268241882324,0.16652279867316191,0.2623006602048874,0.24444444477558136,0.13464052975177765,0.13464052975177765,0.016626764732922114,0.08393593992137599,0.3078431487083435,285.47266422492925,60.4153174543621,0.0,284.54,60.4328,0,283.0,65.0,0.0,1,1.9703501848820832,0.8651453865211057,nan,10.136499588884188,1,14,0.19438171605539192,13.0,1,0.7946583850932143,-0.3420447204968937
14,2,file:///home/ts/.cache/openhcs/cellprofiler_examples/ExampleTrackObjects/images/Sequence1/DrosophilaEmbryo_GFPHistone_0013.tif,0,0013,Sequence1,Sequence1,0,DrosophilaEmbryo,GFPHistone,1054,1739,165,110,118,73,140.18406072106262,87.93833017077799,1.741660792028744,1232,0.8193560471549154,36.63324282875953,1,0.6060954571592869,0.5741646160818531,50.602176939280625,49.040799340956916,12.649110640673518,4.6801118950233995,4.123105625617661,33.26648230224144,29.00946798122266,-65.72347150188249,151.88225099390854,0.8555194805194806,21.807843804359436,298.63660910725594,0.21437908709049225,0.06535947322845459,0.27675311346937786,0.21307189762592316,0.48366013169288635,0.1652109379118139,0.28333644127823143,0.2849673330783844,0.13594771921634674,0.13594771921634674,0.014672854560973942,0.08203965755387531,0.34379085898399353,139.9076281356092,87.92501433379597,0.0,140.18406072106262,87.93833017077799,0,146.0,94.0,0.0,2,5.1920977818519605,1.2411530367756791,nan,8.796922551846876,2,14,0.5902175165520699,13.0,2,0.7471675171791219,-0.99106082657417
14,3,file:///home/ts/.cache/openhcs/cellprofiler_examples/ExampleTrackObjects/images/Sequence1/DrosophilaEmbryo_GFPHistone_0013.tif,0,0013,Sequence1,Sequence1,0,DrosophilaEmbryo,GFPHistone,1084,2067,506,241,453,202,476.8228782287823,220.3210332103321,2.0725522641723946,1436,0.8760882591439956,37.150930896720695,1,0.5244315432994678,0.4824968794691974,57.7714828172693,54.70831746635972,11.40175425099138,4.41747586162503,4.0,29.159554128575596,27.85456475534861,-70.80196270370074,168.0243866176395,0.754874651810585,24.035294830799103,296.99216452240944,0.20915032923221588,0.0627451092004776,0.6466720092831532,0.21176470816135406,0.5202614665031433,0.1669117696583271,0.2739780115520382,0.2679738700389862,0.1267973929643631,0.1267973929643631,0.016276177551260405,0.08108708941760841,0.3346405327320099,476.17657208969007,220.34278320256163,0.0,476.8228782287823,220.3210332103321,0,467.0,220.0,0.0,3,21.297001249134002,1.684120822472895,nan,23.559137178942603,3,14,0.9039805272737017,13.0,3,-0.41744580362092165,1.6315642634374115
15,1,file:///home/ts/.cache/openhcs/cellprofiler_examples/ExampleTrackObjects/images/Sequence1/DrosophilaEmbryo_GFPHistone_0014.tif,0,0014,Sequence1,Sequence1,0,DrosophilaEmbryo,GFPHistone,1290,2065,317,75,258,40,284.5527131782946,60.03798449612403,2.121293231414956,1640,0.864209060078094,40.527509332654034,1,0.6246973365617433,0.4714105457890774,62.219031301052425,58.9406481131655,12.0,4.563039714202058,4.123105625617661,34.0,31.304440751969725,-89.78712127127447,185.4386001800126,0.7865853658536586,25.605229631066322,329.1359561830759,0.19346405565738678,0.04967321455478668,1.0902341167763026,0.2235294133424759,0.5202614665031433,0.1590386933606604,0.2551441520799038,0.239215686917305,0.1281045824289322,0.1281045824289322,0.015461345407152905,0.08006336863317813,0.3032679855823517,285.6361596817098,60.15945096730191,0.0,284.5527131782946,60.03798449612403,0,284.0,65.0,0.0,1,2.10018078026067,0.39502013493388427,nan,10.531519723818073,1,15,0.19941858680764785,14.0,1,0.0127131782945753,-0.394815503875968
15,2,file:///home/ts/.cache/openhcs/cellprofiler_examples/ExampleTrackObjects/images/Sequence1/DrosophilaEmbryo_GFPHistone_0014.tif,0,0014,Sequence1,Sequence1,0,DrosophilaEmbryo,GFPHistone,1064,1786,165,110,118,72,140.5704887218045,87.65037593984962,1.809371313739579,1260,0.811483404581943,36.80661456312185,1,0.5957446808510638,0.5526781553385062,50.5266728467762,49.39635614091387,12.165525060596439,4.633397301930454,4.123105625617661,33.499763172015115,29.52654793948405,-65.63291385198276,155.53910524340094,0.8444444444444444,21.224837332963943,296.2405309379101,0.2065359503030777,0.06405229866504669,0.14339979615304244,0.19738562405109406,0.5464052557945251,0.1583943084549548,0.2784215516333741,0.2823529541492462,0.13333334028720856,0.13333334028720856,0.01342753488335858,0.08417227540355733,0.3346405327320099,140.490045187299,87.53166478075751,0.0,140.5704887218045,87.65037593984962,0,147.0,92.0,0.0,2,4.82704184644261,0.48191725313264844,nan,9.278839804979524,2,15,0.5202204098676387,14.0,2,0.386428000741887,-0.2879542309283636
15,3,file:///home/ts/.cache/openhcs/cellprofiler_examples/ExampleTrackObjects/images/Sequence1/DrosophilaEmbryo_GFPHistone_0014.tif,0,0014,Sequence1,Sequence1,0,DrosophilaEmbryo,GFPHistone,1130,2106,506,242,452,203,476.60884955752215,220.4141592920354,2.0698025441828585,1473,0.8725987306002999,37.930999005440576,1,0.5365622032288699,0.4831378736152786,58.093389136575894,54.70831746635972,12.0,4.564452470833045,4.0,29.679670264852643,28.375005453039567,-71.58580188805956,171.4386001800126,0.7671418873048201,23.458824321627617,302.58432157337666,0.20392157137393951,0.060130730271339417,0.6256239829219816,0.20000000298023224,0.49934640526771545,0.15958383892263686,0.2677737359056431,0.26405230164527893,0.13464052975177765,0.13464052975177765,0.013113188367620076,0.08069146751564826,0.32549020648002625,475.98363985929296,220.3913952579611,0.0,476.60884955752215,220.4141592920354,0,467.0,222.0,0.0,3,21.51916839223526,0.2334110948836896,nan,23.79254827382629,3,15,0.9044499203941122,14.0,3,-0.21402867126016645,0.0931260817033035
16,1,file:///home/ts/.cache/openhcs/cellprofiler_examples/ExampleTrackObjects/images/Sequence1/DrosophilaEmbryo_GFPHistone_0015.tif,0,0015,Sequence1,Sequence1,0,DrosophilaEmbryo,GFPHistone,1290,2065,317,75,258,40,284.5527131782946,60.03798449612403,2.121293231414956,1640,0.864209060078094,40.527509332654034,1,0.6246973365617433,0.4714105457890774,62.219031301052425,58.9406481131655,12.0,4.563039714202058,4.123105625617661,34.0,31.304440751969725,-89.78712127127447,185.4386001800126,0.7865853658536586,25.605229631066322,329.1359561830759,0.19346405565738678,0.04967321455478668,1.0902341167763026,0.2235294133424759,0.5202614665031433,0.1590386933606604,0.2551441520799038,0.239215686917305,0.1281045824289322,0.1281045824289322,0.015461345407152905,0.08006336863317813,0.3032679855823517,285.6361596817098,60.15945096730191,0.0,284.5527131782946,60.03798449612403,0,284.0,65.0,0.0,1,2.10018078026067,0.0,nan,10.531519723818073,1,16,0.19941858680764785,15.0,1,0.0,0.0
16,2,file:///home/ts/.cache/openhcs/cellprofiler_examples/ExampleTrackObjects/images/Sequence1/DrosophilaEmbryo_GFPHistone_0015.tif,0,0015,Sequence1,Sequence1,0,DrosophilaEmbryo,GFPHistone,1064,1786,165,110,118,72,140.5704887218045,87.65037593984962,1.809371313739579,1260,0.811483404581943,36.80661456312185,1,0.5957446808510638,0.5526781553385062,50.5266728467762,49.39635614091387,12.165525060596439,4.633397301930454,4.123105625617661,33.499763172015115,29.52654793948405,-65.63291385198276,155.53910524340094,0.8444444444444444,21.224837332963943,296.2405309379101,0.2065359503030777,0.06405229866504669,0.14339979615304244,0.19738562405109406,0.5464052557945251,0.1583943084549548,0.2784215516333741,0.2823529541492462,0.13333334028720856,0.13333334028720856,0.01342753488335858,0.08417227540355733,0.3346405327320099,140.490045187299,87.53166478075751,0.0,140.5704887218045,87.65037593984962,0,147.0,92.0,0.0,2,4.82704184644261,0.0,nan,9.278839804979524,2,16,0.5202204098676387,15.0,2,0.0,0.0
16,3,file:///home/ts/.cache/openhcs/cellprofiler_examples/ExampleTrackObjects/images/Sequence1/DrosophilaEmbryo_GFPHistone_0015.tif,0,0015,Sequence1,Sequence1,0,DrosophilaEmbryo,GFPHistone,1130,2106,506,242,452,203,476.60884955752215,220.4141592920354,2.0698025441828585,1473,0.8725987306002999,37.930999005440576,1,0.5365622032288699,0.4831378736152786,58.093389136575894,54.70831746635972,12.0,4.564452470833045,4.0,29.679670264852643,28.375005453039567,-71.58580188805956,171.4386001800126,0.7671418873048201,23.458824321627617,302.58432157337666,0.20392157137393951,0.060130730271339417,0.6256239829219816,0.20000000298023224,0.49934640526771545,0.15958383892263686,0.2677737359056431,0.26405230164527893,0.13464052975177765,0.13464052975177765,0.013113188367620076,0.08069146751564826,0.32549020648002625,475.98363985929296,220.3913952579611,0.0,476.60884955752215,220.4141592920354,0,467.0,222.0,0.0,3,21.51916839223526,0.0,nan,23.79254827382629,3,16,0.9044499203941122,15.0,3,0.0,0.0
17,1,file:///home/ts/.cache/openhcs/cellprofiler_examples/ExampleTrackObjects/images/Sequence1/DrosophilaEmbryo_GFPHistone_0016.tif,0,0016,Sequence1,Sequence1,0,DrosophilaEmbryo,GFPHistone,1116,1938,316,74,259,40,285.8189964157706,58.68996415770609,2.4739898215448086,1448,0.8547190282318985,37.69529588588531,1,0.5758513931888545,0.40420538164363995,57.057137802134676,56.302753041036986,11.045361017187261,4.124702016209695,3.605551275463989,31.388816544916434,29.617842129648366,-86.63693062827116,186.2670273047588,0.7707182320441989,26.188236132264137,286.6915104240179,0.19346405565738678,0.05751633644104004,1.1370129758365723,0.2065359503030777,0.4470588266849518,0.1626598517531934,0.2568920344301236,0.24052287638187408,0.13333334028720856,0.13333334028720856,0.01370665355057942,0.0772729021847028,0.3176470696926117,286.9461013896549,58.83974027417969,0.0,285.8189964157706,58.68996415770609,0,284.0,65.0,0.0,1,2.3579961270413223,1.8494950852330174,nan,12.381014809051091,1,17,0.19045257302475066,16.0,1,1.2662832374759887,-1.348020338417939
17,2,file:///home/ts/.cache/openhcs/cellprofiler_examples/ExampleTrackObjects/images/Sequence1/DrosophilaEmbryo_GFPHistone_0016.tif,0,0016,Sequence1,Sequence1,0,DrosophilaEmbryo,GFPHistone,1034,1748,164,108,118,70,141.76208897485492,87.69825918762089,1.6062500096068955,1202,0.8169434077759967,36.2840142384516,1,0.5915331807780321,0.6225680896616675,49.42593748670967,47.43416490252569,12.649110640673518,4.880546619054169,4.47213595499958,29.380009045384064,28.504819972318533,-66.9664854448914,144.46803743153546,0.8602329450915142,20.197386279702187,290.7555632442236,0.21437908709049225,0.06535947322845459,0.13235894388203356,0.2052287608385086,0.49803921580314636,0.1615790902376175,0.2811949354392878,0.27843138575553894,0.13594771921634674,0.13594771921634674,0.014108828164981524,0.08149049685592262,0.3450980484485626,141.63323413446602,87.6680049295087,0.0,141.76208897485492,87.69825918762089,0,149.0,91.0,0.0,2,4.799696218721705,1.1925619348641503,nan,10.471401739843675,2,17,0.45836234135291215,16.0,2,1.1916002530504102,0.04788324777126718
17,3,file:///home/ts/.cache/openhcs/cellprofiler_examples/ExampleTrackObjects/images/Sequence1/DrosophilaEmbryo_GFPHistone_0016.tif,0,0016,Sequence1,Sequence1,0,DrosophilaEmbryo,GFPHistone,1295,2035,508,239,453,202,477.8864864864865,220.1915057915058,1.7835859133894425,1539,0.7818774972280664,40.605975058260036,1,0.6363636363636364,0.5606682540453839,53.9314298942024,54.230987451824994,14.7648230602334,5.292685566790328,5.0,35.24754160490046,33.622584422707824,-77.74290554714969,170.36753236814712,0.8414554905782976,24.352941930294037,333.34902803599834,0.1921568661928177,0.05751633644104004,0.038228198027448285,0.20000000298023224,0.49673202633857727,0.16454690493441917,0.25741237686177476,0.24444444477558136,0.13725490868091583,0.1281045824289322,0.012539875327894284,0.07831942432438187,0.31111112236976624,477.8611555728496,220.16287469060578,0.0,477.8864864864865,220.1915057915058,0,471.0,223.0,0.0,3,20.423256386170642,1.2968927108868817,nan,25.089440984713175,3,17,0.8140179926134821,16.0,3,1.2776369289643412,-0.22265350052961708
18,1,file:///home/ts/.cache/openhcs/cellprofiler_examples/ExampleTrackObjects/images/Sequence1/DrosophilaEmbryo_GFPHistone_0017.tif,0,0017,Sequence1,Sequence1,0,DrosophilaEmbryo,GFPHistone,1168,1904,315,73,259,39,285.6207191780822,58.18150684931507,2.3133564336207355,1477,0.8443704157301061,38.563503319209346,1,0.6134453781512605,0.4322723405121174,56.54636264577354,55.362442142665635,11.40175425099138,4.345486758621921,4.0,32.46413520100978,30.295269933643638,-85.88273279452267,184.26702730475878,0.7907921462423833,26.113726302981377,304.10850435495377,0.19346405565738678,0.05751633644104004,0.8548029352957667,0.1908496767282486,0.4614379107952118,0.16423727234579483,0.26036687016691246,0.24444444477558136,0.13333334028720856,0.13333334028720856,0.01102411528020587,0.07806652395282417,0.3176470696926117,286.46815941284495,58.293458207928985,0.0,285.6207191780822,58.18150684931507,0,283.0,53.0,0.0,1,2.9012266294074465,0.5457496655441769,nan,12.926764474595268,1,18,0.22443563778926842,17.0,1,-0.19827723768838723,-0.5084573083910229
18,2,file:///home/ts/.cache/openhcs/cellprofiler_examples/ExampleTrackObjects/images/Sequence1/DrosophilaEmbryo_GFPHistone_0017.tif,0,0017,Sequence1,Sequence1,0,DrosophilaEmbryo,GFPHistone,1076,1672,163,108,119,70,141.36059479553904,87.66263940520446,1.5865858962562653,1235,0.7543251532728021,37.013588722725,1,0.6435406698564593,0.6302841859111548,46.94879170574808,46.238512086787566,13.341664064126334,5.074442953102635,4.47213595499958,32.026653858576125,30.821928708584217,-66.9277184358693,146.46803743153546,0.8712550607287449,20.55817060172558,303.887589558959,0.2078431397676468,0.07189543545246124,0.09483541429571747,0.19607843458652496,0.4915032684803009,0.16187535906870534,0.2824234103707797,0.27843138575553894,0.13464052975177765,0.13464052975177765,0.011594515988398547,0.08557512723612871,0.3529411852359772,141.32763663594136,87.7515636174336,0.0,141.36059479553904,87.66263940520446,0,149.0,91.0,0.0,2,4.756295934571817,0.40307114126903504,nan,10.874472881112709,2,18,0.4373817459081418,17.0,2,-0.4014941793158755,-0.0356197824164326
18,3,file:///home/ts/.cache/openhcs/cellprofiler_examples/ExampleTrackObjects/images/Sequence1/DrosophilaEmbryo_GFPHistone_0017.tif,0,0017,Sequence1,Sequence1,0,DrosophilaEmbryo,GFPHistone,1342,2160,508,240,454,200,478.52160953800296,219.6818181818182,1.8741828263997624,1625,0.6837235241789036,41.3362730423848,1,0.6212962962962963,0.5335658751718283,50.760763681104415,53.33854141237835,15.231546211727817,5.322409617035804,4.47213595499958,37.15613130166121,37.042217941138624,-85.90150112715013,177.78174593052023,0.8258461538461539,25.173857018351555,337.6209236830473,0.19346405565738678,0.05098038911819458,0.14101842085891253,0.1908496767282486,0.4888888895511627,0.16241198076355842,0.251580420032077,0.2379084974527359,0.13594771921634674,0.13594771921634674,0.010292115290679145,0.07514620183212799,0.29542484879493713,478.40540112297674,219.76170434644408,0.0,478.52160953800296,219.6818181818182,0,471.0,225.0,0.0,3,19.611434756023154,0.814348052147642,nan,25.903789036860818,3,18,0.7570874951195862,17.0,3,0.635123051516473,-0.5096876096876031
19,1,file:///home/ts/.cache/openhcs/cellprofiler_examples/ExampleTrackObjects/images/Sequence1/DrosophilaEmbryo_GFPHistone_0018.tif,0,0018,Sequence1,Sequence1,0,DrosophilaEmbryo,GFPHistone,1168,1904,315,73,259,39,285.6207191780822,58.18150684931507,2.3133564336207355,1477,0.8443704157301061,38.563503319209346,1,0.6134453781512605,0.4322723405121174,56.54636264577354,55.362442142665635,11.40175425099138,4.345486758621921,4.0,32.46413520100978,30.295269933643638,-85.88273279452267,184.26702730475878,0.7907921462423833,26.113726302981377,304.10850435495377,0.19346405565738678,0.05751633644104004,0.8548029352957667,0.1908496767282486,0.4614379107952118,0.16423727234579483,0.26036687016691246,0.24444444477558136,0.13333334028720856,0.13333334028720856,0.01102411528020587,0.07806652395282417,0.3176470696926117,286.46815941284495,58.293458207928985,0.0,285.6207191780822,58.18150684931507,0,283.0,53.0,0.0,1,2.9012266294074465,0.0,nan,12.926764474595268,1,19,0.22443563778926842,18.0,1,0.0,0.0
19,2,file:///home/ts/.cache/openhcs/cellprofiler_examples/ExampleTrackObjects/images/Sequence1/DrosophilaEmbryo_GFPHistone_0018.tif,0,0018,Sequence1,Sequence1,0,DrosophilaEmbryo,GFPHistone,1076,1672,163,108,119,70,141.36059479553904,87.66263940520446,1.5865858962562653,1235,0.7543251532728021,37.013588722725,1,0.6435406698564593,0.6302841859111548,46.94879170574808,46.238512086787566,13.341664064126334,5.074442953102635,4.47213595499958,32.026653858576125,30.821928708584217,-66.9277184358693,146.46803743153546,0.8712550607287449,20.55817060172558,303.887589558959,0.2078431397676468,0.07189543545246124,0.09483541429571747,0.19607843458652496,0.4915032684803009,0.16187535906870534,0.2824234103707797,0.27843138575553894,0.13464052975177765,0.13464052975177765,0.011594515988398547,0.08557512723612871,0.3529411852359772,141.32763663594136,87.7515636174336,0.0,141.36059479553904,87.66263940520446,0,149.0,91.0,0.0,2,4.756295934571817,0.0,nan,10.874472881112709,2,19,0.4373817459081418,18.0,2,0.0,0.0
19,3,file:///home/ts/.cache/openhcs/cellprofiler_examples/ExampleTrackObjects/images/Sequence1/DrosophilaEmbryo_GFPHistone_0018.tif,0,0018,Sequence1,Sequence1,0,DrosophilaEmbryo,GFPHistone,1342,2160,508,240,454,200,478.52160953800296,219.6818181818182,1.8741828263997624,1625,0.6837235241789036,41.3362730423848,1,0.6212962962962963,0.5335658751718283,50.760763681104415,53.33854141237835,15.231546211727817,5.322409617035804,4.47213595499958,37.15613130166121,37.042217941138624,-85.90150112715013,177.78174593052023,0.8258461538461539,25.173857018351555,337.6209236830473,0.19346405565738678,0.05098038911819458,0.14101842085891253,0.1908496767282486,0.4888888895511627,0.16241198076355842,0.251580420032077,0.2379084974527359,0.13594771921634674,0.13594771921634674,0.010292115290679145,0.07514620183212799,0.29542484879493713,478.40540112297674,219.76170434644408,0.0,478.52160953800296,219.6818181818182,0,471.0,225.0,0.0,3,19.611434756023154,0.0,nan,25.903789036860818,3,19,0.7570874951195862,18.0,3,0.0,0.0
20,1,file:///home/ts/.cache/openhcs/cellprofiler_examples/ExampleTrackObjects/images/Sequence1/DrosophilaEmbryo_GFPHistone_0019.tif,0,0019,Sequence1,Sequence1,0,DrosophilaEmbryo,GFPHistone,1397,2184,316,77,260,38,285.91839656406586,57.83106657122405,1.6326365219152272,1649,0.7916699389679572,42.17482239435066,1,0.6396520146520146,0.612506204888098,55.68517851548973,56.61271941887264,15.524174696260024,5.689543007330669,5.0,37.41450154530586,34.02080536540516,87.35516093028144,169.29646455628165,0.8471801091570649,21.618301585316658,334.89281874895096,0.1738562136888504,0.052287593483924866,0.6045052677133953,0.1751634031534195,0.5032680034637451,0.14508927238467556,0.23972284806653613,0.21830065548419952,0.1267973929643631,0.1267973929643631,0.010377701384640612,0.08159220558258272,0.29150328040122986,286.50744947349233,57.96687264100539,0.0,285.91839656406586,57.83106657122405,0,283.0,53.0,0.0,1,3.1770835698064963,0.45980453959761847,nan,13.386569014192887,1,20,0.2373336712669278,19.0,1,0.2976773859836612,-0.3504402780910212
20,2,file:///home/ts/.cache/openhcs/cellprofiler_examples/ExampleTrackObjects/images/Sequence1/DrosophilaEmbryo_GFPHistone_0019.tif,0,0019,Sequence1,Sequence1,0,DrosophilaEmbryo,GFPHistone,1402,1980,165,107,120,63,142.11626248216834,86.67475035663338,1.4341062298546357,1544,0.4627809825076899,42.25022889545923,1,0.7080808080808081,0.6972984142892694,46.179018964093544,53.150729063673246,17.029386365926403,6.265609307192556,5.385164807134504,40.78292606990736,40.93643739445227,44.457610485521634,158.95331880577402,0.9080310880829016,19.833987779915333,343.226152561605,0.17124183475971222,0.061437904834747314,0.4457094565284978,0.1895424872636795,0.49281045794487,0.14477363343003893,0.24481180639201497,0.22483660280704498,0.12287581712007523,0.12287581712007523,0.00991984094115078,0.0867335387645137,0.30588236451148987,141.764346768737,86.94826863806817,0.0,142.11626248216834,86.67475035663338,0,133.0,85.0,0.0,2,3.8225070858535477,1.243767834003733,nan,12.118240715116443,2,20,0.3154341604293522,19.0,2,0.7556676866292946,-0.987889048571077
20,3,file:///home/ts/.cache/openhcs/cellprofiler_examples/ExampleTrackObjects/images/Sequence1/DrosophilaEmbryo_GFPHistone_0019.tif,0,0019,Sequence1,Sequence1,0,DrosophilaEmbryo,GFPHistone,1695,2915,509,248,456,193,479.47551622418877,218.94867256637167,1.7205981573174578,1982,0.670212962231412,46.45579649867281,1,0.58147512864494,0.5811932296609427,55.92308189383474,61.29437168288782,18.027756377319946,6.1785504203057,5.385164807134504,40.16614824801756,41.50436875018167,45.62995545210726,191.4386001800126,0.855196770938446,24.074510850012302,370.19478160887957,0.17124183475971222,0.04313725233078003,0.05874023465739267,0.18039216101169586,0.42222222685813904,0.14415874760486408,0.2184040009491915,0.21307189762592316,0.12156862765550613,0.12156862765550613,0.009987977326444391,0.05791823676979981,0.2562091648578644,479.42302408105843,218.9750352308271,0.0,479.47551622418877,218.94867256637167,0,473.0,223.0,0.0,3,18.414919993794225,1.2030961970675633,nan,27.10688523392838,3,20,0.6793447434065629,19.0,3,0.9539066861858032,-0.7331456154465172
21,1,file:///home/ts/.cache/openhcs/cellprofiler_examples/ExampleTrackObjects/images/Sequence1/DrosophilaEmbryo_GFPHistone_0020.tif,0,0020,Sequence1,Sequence1,0,DrosophilaEmbryo,GFPHistone,1506,2420,316,83,261,39,286.84794156706505,58.24900398406375,1.6811124803242636,1780,0.764117109976556,43.78925386862803,1,0.6223140495867768,0.5948441949625605,56.22112702870337,57.38466694161429,16.278820596099706,5.94507011692412,5.0990195135927845,39.96110016681628,36.26698673929033,77.39123712424225,178.36753236814712,0.8460674157303371,20.62614467740059,336.5660222917795,0.16013072431087494,0.05098038911819458,0.3220026606698884,0.15294118225574493,0.4601307213306427,0.13221887613718325,0.2234834145363742,0.2052287608385086,0.1111111119389534,0.1111111119389534,0.007963444467051857,0.07868992019641266,0.27450981736183167,287.16946634276906,58.26654057686212,0.0,286.84794156706505,58.24900398406375,0,285.0,55.0,0.0,1,2.747452546496359,1.0191788820672782,21.0,14.405747896260165,1,21,0.19071918836019733,20.0,1,0.9295450029991912,0.41793741283969865
21,2,file:///home/ts/.cache/openhcs/cellprofiler_examples/ExampleTrackObjects/images/Sequence1/DrosophilaEmbryo_GFPHistone_0020.tif,0,0020,Sequence1,Sequence1,0,DrosophilaEmbryo,GFPHistone,1539,2254,167,109,121,60,142.8869395711501,86.14100064977258,1.3689375181775902,1652,0.6910710191962562,44.266416834293416,1,0.6827861579414375,0.7304935299978179,53.295957123794615,58.05170109479997,18.027756377319946,6.552437641663775,5.830951894845301,40.443148688771366,38.52161755323317,36.27458123183152,162.71067811865476,0.9315980629539952,18.7084975913167,349.58040208369493,0.1568627506494522,0.05882352590560913,0.7045755139033615,0.16732026636600494,0.48496732115745544,0.13174998303744154,0.22714775963852823,0.20915032923221588,0.11895424872636795,0.11895424872636795,0.00803537383388922,0.08262762273813067,0.2800653725862503,142.2382351978283,86.41597208615343,0.0,142.8869395711501,86.14100064977258,0,148.0,83.0,0.0,2,3.5309584098527527,0.9374603591914632,21.0,13.055701074307906,2,21,0.27045337433477745,20.0,2,0.7706770889817562,-0.533749706860803
21,3,file:///home/ts/.cache/openhcs/cellprofiler_examples/ExampleTrackObjects/images/Sequence1/DrosophilaEmbryo_GFPHistone_0020.tif,0,0020,Sequence1,Sequence1,0,DrosophilaEmbryo,GFPHistone,537,870,484,220,455,190,467.7448789571695,203.57169459962756,1.4915643499225757,617,0.4630860479805647,26.148224328293928,1,0.6172413793103448,0.6704370482251792,28.478144415045662,30.23243291566195,10.44030650891055,4.007713946216305,3.605551275463989,26.790911540604036,25.240558899957403,-10.824054913056939,100.32590180780451,0.8703403565640194,12.644444927573204,110.57255201041698,0.16111111640930176,0.0398692786693573,0.41587223834555287,0.2052287608385086,0.33725491166114807,0.1487581756185083,0.2059079180827132,0.20457516610622406,0.11503268033266068,0.11503268033266068,0.023149393016678853,0.05135696747555595,0.24313725531101227,468.1114696872632,203.76806403522255,0.0,467.7448789571695,203.57169459962756,0,467.0,198.0,0.0,3,25.176186431245036,19.34061276382203,21.0,46.44749799775041,3,21,0.5420353628620511,20.0,3,-11.73063726701929,-15.376977966744107
21,4,file:///home/ts/.cache/openhcs/cellprofiler_examples/ExampleTrackObjects/images/Sequence1/DrosophilaEmbryo_GFPHistone_0020.tif,0,0020,Sequence1,Sequence1,0,DrosophilaEmbryo,GFPHistone,1311,2703,510,250,457,199,485.0053394355454,224.81083142639207,2.0511098598865187,1654,0.15165622541579288,40.85605271129112,1,0.48501664816870144,0.48754092579679126,43.84923481705959,52.08646657242167,14.422205101855956,5.2209947370625605,4.47213595499958,38.94775477238649,43.34204388919823,-78.22854846892572,183.82337649086284,0.7926239419588875,22.166013926267624,267.418307736516,0.16470588743686676,0.03464052081108093,0.08689702795412459,0.20392157137393951,0.37254902720451355,0.14393515536537418,0.203980402545016,0.1993464082479477,0.1111111119389534,0.1111111119389534,0.020504935123618583,0.04989838249795314,0.2366013079881668,485.0398924460678,224.8905633706246,0.0,485.0053394355454,224.81083142639207,0,473.0,223.0,0.0,4,20.153071156804625,8.058774798254035,21.0,35.165660032182416,3,21,0.5730895179661414,20.0,3,5.529823211356643,5.862158860020401
