case_name,worker_count,replica,success,equivalent,execution_seconds,total_phase_seconds,peak_memory_mb,difference_count,axis_count,output_path,error_message
ExampleColocalization,1,1,True,,2.1259643170051277,8.587534736012458,1053.453125,,1,/tmp/openhcs_labmeeting_prelim/throughput_2v16_samples_1v2_jobs_20260505_042948/ExampleColocalization/samples_2/workers_1/replica_001/openhcs/ExampleColocalization_ExampleColocalization_source_workspace_ExampleColocalization_converted_cppipe,
ExampleColocalization,1,2,True,,1.955786143997102,2.7599172459740657,1071.49609375,,1,/tmp/openhcs_labmeeting_prelim/throughput_2v16_samples_1v2_jobs_20260505_042948/ExampleColocalization/samples_2/workers_1/replica_002/openhcs/ExampleColocalization_ExampleColocalization_source_workspace_ExampleColocalization_converted_cppipe,
ExampleColocalization,2,1,True,,2.3991344810056034,9.419800980977016,1010.73828125,,1,/tmp/openhcs_labmeeting_prelim/throughput_2v16_samples_1v2_jobs_20260505_042948/ExampleColocalization/samples_2/workers_2/replica_001/openhcs/ExampleColocalization_ExampleColocalization_source_workspace_ExampleColocalization_converted_cppipe,
ExampleColocalization,2,2,True,,2.4051220510009443,9.400893811995047,1026.8515625,,1,/tmp/openhcs_labmeeting_prelim/throughput_2v16_samples_1v2_jobs_20260505_042948/ExampleColocalization/samples_2/workers_2/replica_002/openhcs/ExampleColocalization_ExampleColocalization_source_workspace_ExampleColocalization_converted_cppipe,
ExampleColocalization,1,1,True,,1.9976478970056633,2.8988574409740977,1068.9375,,1,/tmp/openhcs_labmeeting_prelim/throughput_2v16_samples_1v2_jobs_20260505_042948/ExampleColocalization/samples_16/workers_1/replica_001/openhcs/ExampleColocalization_ExampleColocalization_source_workspace_ExampleColocalization_converted_cppipe,
ExampleColocalization,1,2,True,,1.9895790640002815,2.775412568997126,1072.05859375,,1,/tmp/openhcs_labmeeting_prelim/throughput_2v16_samples_1v2_jobs_20260505_042948/ExampleColocalization/samples_16/workers_1/replica_002/openhcs/ExampleColocalization_ExampleColocalization_source_workspace_ExampleColocalization_converted_cppipe,
ExampleColocalization,1,3,True,,1.9816876370023238,2.7710507760057226,1074.44140625,,1,/tmp/openhcs_labmeeting_prelim/throughput_2v16_samples_1v2_jobs_20260505_042948/ExampleColocalization/samples_16/workers_1/replica_003/openhcs/ExampleColocalization_ExampleColocalization_source_workspace_ExampleColocalization_converted_cppipe,
ExampleColocalization,1,4,True,,1.976527624996379,2.9206558259757003,1073.484375,,1,/tmp/openhcs_labmeeting_prelim/throughput_2v16_samples_1v2_jobs_20260505_042948/ExampleColocalization/samples_16/workers_1/replica_004/openhcs/ExampleColocalization_ExampleColocalization_source_workspace_ExampleColocalization_converted_cppipe,
ExampleColocalization,1,5,True,,1.9692895949992817,2.7653394189983374,1074.51953125,,1,/tmp/openhcs_labmeeting_prelim/throughput_2v16_samples_1v2_jobs_20260505_042948/ExampleColocalization/samples_16/workers_1/replica_005/openhcs/ExampleColocalization_ExampleColocalization_source_workspace_ExampleColocalization_converted_cppipe,
ExampleColocalization,1,6,True,,1.9765050309943035,2.7422959149989765,1091.86328125,,1,/tmp/openhcs_labmeeting_prelim/throughput_2v16_samples_1v2_jobs_20260505_042948/ExampleColocalization/samples_16/workers_1/replica_006/openhcs/ExampleColocalization_ExampleColocalization_source_workspace_ExampleColocalization_converted_cppipe,
ExampleColocalization,1,7,True,,1.9543517130077817,2.730134302008082,1077.75,,1,/tmp/openhcs_labmeeting_prelim/throughput_2v16_samples_1v2_jobs_20260505_042948/ExampleColocalization/samples_16/workers_1/replica_007/openhcs/ExampleColocalization_ExampleColocalization_source_workspace_ExampleColocalization_converted_cppipe,
ExampleColocalization,1,8,True,,2.006857136002509,2.9486480910127284,1078.3125,,1,/tmp/openhcs_labmeeting_prelim/throughput_2v16_samples_1v2_jobs_20260505_042948/ExampleColocalization/samples_16/workers_1/replica_008/openhcs/ExampleColocalization_ExampleColocalization_source_workspace_ExampleColocalization_converted_cppipe,
ExampleColocalization,1,9,True,,1.9751223500061315,2.737161921992083,1059.22265625,,1,/tmp/openhcs_labmeeting_prelim/throughput_2v16_samples_1v2_jobs_20260505_042948/ExampleColocalization/samples_16/workers_1/replica_009/openhcs/ExampleColocalization_ExampleColocalization_source_workspace_ExampleColocalization_converted_cppipe,
ExampleColocalization,1,10,True,,1.9617966009973316,2.7634124959731707,1079.25,,1,/tmp/openhcs_labmeeting_prelim/throughput_2v16_samples_1v2_jobs_20260505_042948/ExampleColocalization/samples_16/workers_1/replica_010/openhcs/ExampleColocalization_ExampleColocalization_source_workspace_ExampleColocalization_converted_cppipe,
ExampleColocalization,1,11,True,,1.9538566230039578,2.8972152240166906,1079.86328125,,1,/tmp/openhcs_labmeeting_prelim/throughput_2v16_samples_1v2_jobs_20260505_042948/ExampleColocalization/samples_16/workers_1/replica_011/openhcs/ExampleColocalization_ExampleColocalization_source_workspace_ExampleColocalization_converted_cppipe,
ExampleColocalization,1,12,True,,1.9920769009913784,2.753030553998542,1080.2734375,,1,/tmp/openhcs_labmeeting_prelim/throughput_2v16_samples_1v2_jobs_20260505_042948/ExampleColocalization/samples_16/workers_1/replica_012/openhcs/ExampleColocalization_ExampleColocalization_source_workspace_ExampleColocalization_converted_cppipe,
ExampleColocalization,1,13,True,,1.9766811209992738,2.778407655991032,1082.00390625,,1,/tmp/openhcs_labmeeting_prelim/throughput_2v16_samples_1v2_jobs_20260505_042948/ExampleColocalization/samples_16/workers_1/replica_013/openhcs/ExampleColocalization_ExampleColocalization_source_workspace_ExampleColocalization_converted_cppipe,
ExampleColocalization,1,14,True,,1.9927762139996048,2.778722481991281,1084.48046875,,1,/tmp/openhcs_labmeeting_prelim/throughput_2v16_samples_1v2_jobs_20260505_042948/ExampleColocalization/samples_16/workers_1/replica_014/openhcs/ExampleColocalization_ExampleColocalization_source_workspace_ExampleColocalization_converted_cppipe,
ExampleColocalization,1,15,True,,1.984401522000553,2.9470227070269175,1085.11328125,,1,/tmp/openhcs_labmeeting_prelim/throughput_2v16_samples_1v2_jobs_20260505_042948/ExampleColocalization/samples_16/workers_1/replica_015/openhcs/ExampleColocalization_ExampleColocalization_source_workspace_ExampleColocalization_converted_cppipe,
ExampleColocalization,1,16,True,,1.965606123994803,2.742020446981769,1085.73046875,,1,/tmp/openhcs_labmeeting_prelim/throughput_2v16_samples_1v2_jobs_20260505_042948/ExampleColocalization/samples_16/workers_1/replica_016/openhcs/ExampleColocalization_ExampleColocalization_source_workspace_ExampleColocalization_converted_cppipe,
ExampleColocalization,2,1,True,,2.2716276470018784,9.399178503983421,1028.171875,,1,/tmp/openhcs_labmeeting_prelim/throughput_2v16_samples_1v2_jobs_20260505_042948/ExampleColocalization/samples_16/workers_2/replica_001/openhcs/ExampleColocalization_ExampleColocalization_source_workspace_ExampleColocalization_converted_cppipe,
ExampleColocalization,2,2,True,,2.3699439339980017,9.49671864901029,1030.03125,,1,/tmp/openhcs_labmeeting_prelim/throughput_2v16_samples_1v2_jobs_20260505_042948/ExampleColocalization/samples_16/workers_2/replica_002/openhcs/ExampleColocalization_ExampleColocalization_source_workspace_ExampleColocalization_converted_cppipe,
ExampleColocalization,2,3,True,,2.193917506010621,3.169770108012017,1030.54296875,,1,/tmp/openhcs_labmeeting_prelim/throughput_2v16_samples_1v2_jobs_20260505_042948/ExampleColocalization/samples_16/workers_2/replica_003/openhcs/ExampleColocalization_ExampleColocalization_source_workspace_ExampleColocalization_converted_cppipe,
ExampleColocalization,2,4,True,,2.1612245360011,3.1069330149912275,1026.3515625,,1,/tmp/openhcs_labmeeting_prelim/throughput_2v16_samples_1v2_jobs_20260505_042948/ExampleColocalization/samples_16/workers_2/replica_004/openhcs/ExampleColocalization_ExampleColocalization_source_workspace_ExampleColocalization_converted_cppipe,
ExampleColocalization,2,5,True,,2.1148185349884443,2.9249503369792365,1020.16796875,,1,/tmp/openhcs_labmeeting_prelim/throughput_2v16_samples_1v2_jobs_20260505_042948/ExampleColocalization/samples_16/workers_2/replica_005/openhcs/ExampleColocalization_ExampleColocalization_source_workspace_ExampleColocalization_converted_cppipe,
ExampleColocalization,2,6,True,,2.0969094049942214,2.8846199330000672,1033.8359375,,1,/tmp/openhcs_labmeeting_prelim/throughput_2v16_samples_1v2_jobs_20260505_042948/ExampleColocalization/samples_16/workers_2/replica_006/openhcs/ExampleColocalization_ExampleColocalization_source_workspace_ExampleColocalization_converted_cppipe,
ExampleColocalization,2,7,True,,2.268626350996783,3.077452851997805,1043.83203125,,1,/tmp/openhcs_labmeeting_prelim/throughput_2v16_samples_1v2_jobs_20260505_042948/ExampleColocalization/samples_16/workers_2/replica_007/openhcs/ExampleColocalization_ExampleColocalization_source_workspace_ExampleColocalization_converted_cppipe,
ExampleColocalization,2,8,True,,2.250515378997079,3.0119365639984608,1037.10546875,,1,/tmp/openhcs_labmeeting_prelim/throughput_2v16_samples_1v2_jobs_20260505_042948/ExampleColocalization/samples_16/workers_2/replica_008/openhcs/ExampleColocalization_ExampleColocalization_source_workspace_ExampleColocalization_converted_cppipe,
ExampleColocalization,2,9,True,,2.1181431809964124,2.909744005984976,1038.89453125,,1,/tmp/openhcs_labmeeting_prelim/throughput_2v16_samples_1v2_jobs_20260505_042948/ExampleColocalization/samples_16/workers_2/replica_009/openhcs/ExampleColocalization_ExampleColocalization_source_workspace_ExampleColocalization_converted_cppipe,
ExampleColocalization,2,10,True,,2.114592095007538,2.8942460830294294,1045.58203125,,1,/tmp/openhcs_labmeeting_prelim/throughput_2v16_samples_1v2_jobs_20260505_042948/ExampleColocalization/samples_16/workers_2/replica_010/openhcs/ExampleColocalization_ExampleColocalization_source_workspace_ExampleColocalization_converted_cppipe,
ExampleColocalization,2,11,True,,2.208639046002645,3.171032238024054,1034.5625,,1,/tmp/openhcs_labmeeting_prelim/throughput_2v16_samples_1v2_jobs_20260505_042948/ExampleColocalization/samples_16/workers_2/replica_011/openhcs/ExampleColocalization_ExampleColocalization_source_workspace_ExampleColocalization_converted_cppipe,
ExampleColocalization,2,12,True,,2.22895637700276,3.023299146996578,1040.90625,,1,/tmp/openhcs_labmeeting_prelim/throughput_2v16_samples_1v2_jobs_20260505_042948/ExampleColocalization/samples_16/workers_2/replica_012/openhcs/ExampleColocalization_ExampleColocalization_source_workspace_ExampleColocalization_converted_cppipe,
ExampleColocalization,2,13,True,,2.212332269991748,3.145942899005604,1041.1796875,,1,/tmp/openhcs_labmeeting_prelim/throughput_2v16_samples_1v2_jobs_20260505_042948/ExampleColocalization/samples_16/workers_2/replica_013/openhcs/ExampleColocalization_ExampleColocalization_source_workspace_ExampleColocalization_converted_cppipe,
ExampleColocalization,2,14,True,,2.2026041750068543,3.0041825079824775,1045.640625,,1,/tmp/openhcs_labmeeting_prelim/throughput_2v16_samples_1v2_jobs_20260505_042948/ExampleColocalization/samples_16/workers_2/replica_014/openhcs/ExampleColocalization_ExampleColocalization_source_workspace_ExampleColocalization_converted_cppipe,
ExampleColocalization,2,15,True,,2.233834515005583,2.998236454994185,1041.28515625,,1,/tmp/openhcs_labmeeting_prelim/throughput_2v16_samples_1v2_jobs_20260505_042948/ExampleColocalization/samples_16/workers_2/replica_015/openhcs/ExampleColocalization_ExampleColocalization_source_workspace_ExampleColocalization_converted_cppipe,
ExampleColocalization,2,16,True,,2.2095724530081498,3.0015062980237417,1042.74609375,,1,/tmp/openhcs_labmeeting_prelim/throughput_2v16_samples_1v2_jobs_20260505_042948/ExampleColocalization/samples_16/workers_2/replica_016/openhcs/ExampleColocalization_ExampleColocalization_source_workspace_ExampleColocalization_converted_cppipe,
ExampleCometAssay,1,1,True,,2.840871820997563,3.652317188985762,1061.5703125,,1,/tmp/openhcs_labmeeting_prelim/throughput_2v16_samples_1v2_jobs_20260505_042948/ExampleCometAssay/samples_2/workers_1/replica_001/openhcs/ExampleCometAssay_ExampleCometAssay_source_workspace_ExampleCometAssay_converted_cppipe,
ExampleCometAssay,1,2,True,,2.6740888289932627,3.1895078149973415,1061.6796875,,1,/tmp/openhcs_labmeeting_prelim/throughput_2v16_samples_1v2_jobs_20260505_042948/ExampleCometAssay/samples_2/workers_1/replica_002/openhcs/ExampleCometAssay_ExampleCometAssay_source_workspace_ExampleCometAssay_converted_cppipe,
ExampleCometAssay,2,1,True,,3.759600085002603,10.89216248098819,983.34765625,,1,/tmp/openhcs_labmeeting_prelim/throughput_2v16_samples_1v2_jobs_20260505_042948/ExampleCometAssay/samples_2/workers_2/replica_001/openhcs/ExampleCometAssay_ExampleCometAssay_source_workspace_ExampleCometAssay_converted_cppipe,
ExampleCometAssay,2,2,True,,3.6767129200015916,10.907074625021778,945.0234375,,1,/tmp/openhcs_labmeeting_prelim/throughput_2v16_samples_1v2_jobs_20260505_042948/ExampleCometAssay/samples_2/workers_2/replica_002/openhcs/ExampleCometAssay_ExampleCometAssay_source_workspace_ExampleCometAssay_converted_cppipe,
ExampleCometAssay,1,1,True,,2.7081572099996265,3.2737880229833536,1062.21875,,1,/tmp/openhcs_labmeeting_prelim/throughput_2v16_samples_1v2_jobs_20260505_042948/ExampleCometAssay/samples_16/workers_1/replica_001/openhcs/ExampleCometAssay_ExampleCometAssay_source_workspace_ExampleCometAssay_converted_cppipe,
ExampleCometAssay,1,2,True,,2.6493042539950693,3.1546894640341634,1063.33984375,,1,/tmp/openhcs_labmeeting_prelim/throughput_2v16_samples_1v2_jobs_20260505_042948/ExampleCometAssay/samples_16/workers_1/replica_002/openhcs/ExampleCometAssay_ExampleCometAssay_source_workspace_ExampleCometAssay_converted_cppipe,
ExampleCometAssay,1,3,True,,2.693538220002665,3.3896183000179008,1063.8671875,,1,/tmp/openhcs_labmeeting_prelim/throughput_2v16_samples_1v2_jobs_20260505_042948/ExampleCometAssay/samples_16/workers_1/replica_003/openhcs/ExampleCometAssay_ExampleCometAssay_source_workspace_ExampleCometAssay_converted_cppipe,
ExampleCometAssay,1,4,True,,2.670998299989151,3.2336188219778705,1074.87890625,,1,/tmp/openhcs_labmeeting_prelim/throughput_2v16_samples_1v2_jobs_20260505_042948/ExampleCometAssay/samples_16/workers_1/replica_004/openhcs/ExampleCometAssay_ExampleCometAssay_source_workspace_ExampleCometAssay_converted_cppipe,
ExampleCometAssay,1,5,True,,2.695104505997733,3.2277943219960434,1074.87890625,,1,/tmp/openhcs_labmeeting_prelim/throughput_2v16_samples_1v2_jobs_20260505_042948/ExampleCometAssay/samples_16/workers_1/replica_005/openhcs/ExampleCometAssay_ExampleCometAssay_source_workspace_ExampleCometAssay_converted_cppipe,
ExampleCometAssay,1,6,True,,2.601208399995812,3.109526928019477,1074.87890625,,1,/tmp/openhcs_labmeeting_prelim/throughput_2v16_samples_1v2_jobs_20260505_042948/ExampleCometAssay/samples_16/workers_1/replica_006/openhcs/ExampleCometAssay_ExampleCometAssay_source_workspace_ExampleCometAssay_converted_cppipe,
ExampleCometAssay,1,7,True,,2.6774481939937687,3.183881217992166,1076.09375,,1,/tmp/openhcs_labmeeting_prelim/throughput_2v16_samples_1v2_jobs_20260505_042948/ExampleCometAssay/samples_16/workers_1/replica_007/openhcs/ExampleCometAssay_ExampleCometAssay_source_workspace_ExampleCometAssay_converted_cppipe,
ExampleCometAssay,1,8,True,,2.7281664719921537,3.25566352099122,1078.12109375,,1,/tmp/openhcs_labmeeting_prelim/throughput_2v16_samples_1v2_jobs_20260505_042948/ExampleCometAssay/samples_16/workers_1/replica_008/openhcs/ExampleCometAssay_ExampleCometAssay_source_workspace_ExampleCometAssay_converted_cppipe,
ExampleCometAssay,1,9,True,,2.6458089700026903,3.1484190430201124,1079.109375,,1,/tmp/openhcs_labmeeting_prelim/throughput_2v16_samples_1v2_jobs_20260505_042948/ExampleCometAssay/samples_16/workers_1/replica_009/openhcs/ExampleCometAssay_ExampleCometAssay_source_workspace_ExampleCometAssay_converted_cppipe,
ExampleCometAssay,1,10,True,,2.6879169000021648,3.196178095007781,1081.0859375,,1,/tmp/openhcs_labmeeting_prelim/throughput_2v16_samples_1v2_jobs_20260505_042948/ExampleCometAssay/samples_16/workers_1/replica_010/openhcs/ExampleCometAssay_ExampleCometAssay_source_workspace_ExampleCometAssay_converted_cppipe,
ExampleCometAssay,1,11,True,,2.7151064750069054,3.2411330299946712,1082.0703125,,1,/tmp/openhcs_labmeeting_prelim/throughput_2v16_samples_1v2_jobs_20260505_042948/ExampleCometAssay/samples_16/workers_1/replica_011/openhcs/ExampleCometAssay_ExampleCometAssay_source_workspace_ExampleCometAssay_converted_cppipe,
ExampleCometAssay,1,12,True,,2.759277392004151,3.466712979992735,1082.0703125,,1,/tmp/openhcs_labmeeting_prelim/throughput_2v16_samples_1v2_jobs_20260505_042948/ExampleCometAssay/samples_16/workers_1/replica_012/openhcs/ExampleCometAssay_ExampleCometAssay_source_workspace_ExampleCometAssay_converted_cppipe,
ExampleCometAssay,1,13,True,,2.6975585489999503,3.232592432992533,1082.07421875,,1,/tmp/openhcs_labmeeting_prelim/throughput_2v16_samples_1v2_jobs_20260505_042948/ExampleCometAssay/samples_16/workers_1/replica_013/openhcs/ExampleCometAssay_ExampleCometAssay_source_workspace_ExampleCometAssay_converted_cppipe,
ExampleCometAssay,1,14,True,,2.6887718660000246,3.2015996319969418,1082.078125,,1,/tmp/openhcs_labmeeting_prelim/throughput_2v16_samples_1v2_jobs_20260505_042948/ExampleCometAssay/samples_16/workers_1/replica_014/openhcs/ExampleCometAssay_ExampleCometAssay_source_workspace_ExampleCometAssay_converted_cppipe,
ExampleCometAssay,1,15,True,,2.6970686900021974,3.2445919170131674,1082.078125,,1,/tmp/openhcs_labmeeting_prelim/throughput_2v16_samples_1v2_jobs_20260505_042948/ExampleCometAssay/samples_16/workers_1/replica_015/openhcs/ExampleCometAssay_ExampleCometAssay_source_workspace_ExampleCometAssay_converted_cppipe,
ExampleCometAssay,1,16,True,,2.6781683229928603,3.224051161931129,1082.078125,,1,/tmp/openhcs_labmeeting_prelim/throughput_2v16_samples_1v2_jobs_20260505_042948/ExampleCometAssay/samples_16/workers_1/replica_016/openhcs/ExampleCometAssay_ExampleCometAssay_source_workspace_ExampleCometAssay_converted_cppipe,
ExampleCometAssay,2,1,True,,3.9330274520034436,11.049285402987152,983.69921875,,1,/tmp/openhcs_labmeeting_prelim/throughput_2v16_samples_1v2_jobs_20260505_042948/ExampleCometAssay/samples_16/workers_2/replica_001/openhcs/ExampleCometAssay_ExampleCometAssay_source_workspace_ExampleCometAssay_converted_cppipe,
ExampleCometAssay,2,2,True,,3.9298483900056453,11.05021781702817,982.08984375,,1,/tmp/openhcs_labmeeting_prelim/throughput_2v16_samples_1v2_jobs_20260505_042948/ExampleCometAssay/samples_16/workers_2/replica_002/openhcs/ExampleCometAssay_ExampleCometAssay_source_workspace_ExampleCometAssay_converted_cppipe,
ExampleCometAssay,2,3,True,,3.66722331699566,4.224044242975651,956.13671875,,1,/tmp/openhcs_labmeeting_prelim/throughput_2v16_samples_1v2_jobs_20260505_042948/ExampleCometAssay/samples_16/workers_2/replica_003/openhcs/ExampleCometAssay_ExampleCometAssay_source_workspace_ExampleCometAssay_converted_cppipe,
ExampleCometAssay,2,4,True,,3.66837810499419,4.220276729000034,954.46875,,1,/tmp/openhcs_labmeeting_prelim/throughput_2v16_samples_1v2_jobs_20260505_042948/ExampleCometAssay/samples_16/workers_2/replica_004/openhcs/ExampleCometAssay_ExampleCometAssay_source_workspace_ExampleCometAssay_converted_cppipe,
ExampleCometAssay,2,5,True,,3.8837816390005173,4.433156031998806,967.24609375,,1,/tmp/openhcs_labmeeting_prelim/throughput_2v16_samples_1v2_jobs_20260505_042948/ExampleCometAssay/samples_16/workers_2/replica_005/openhcs/ExampleCometAssay_ExampleCometAssay_source_workspace_ExampleCometAssay_converted_cppipe,
ExampleCometAssay,2,6,True,,3.873948836000636,4.450856988012674,968.30078125,,1,/tmp/openhcs_labmeeting_prelim/throughput_2v16_samples_1v2_jobs_20260505_042948/ExampleCometAssay/samples_16/workers_2/replica_006/openhcs/ExampleCometAssay_ExampleCometAssay_source_workspace_ExampleCometAssay_converted_cppipe,
ExampleCometAssay,2,7,True,,3.3902732749993447,3.927440277999267,956.2578125,,1,/tmp/openhcs_labmeeting_prelim/throughput_2v16_samples_1v2_jobs_20260505_042948/ExampleCometAssay/samples_16/workers_2/replica_007/openhcs/ExampleCometAssay_ExampleCometAssay_source_workspace_ExampleCometAssay_converted_cppipe,
ExampleCometAssay,2,8,True,,3.446051835999242,4.056406632997096,968.3125,,1,/tmp/openhcs_labmeeting_prelim/throughput_2v16_samples_1v2_jobs_20260505_042948/ExampleCometAssay/samples_16/workers_2/replica_008/openhcs/ExampleCometAssay_ExampleCometAssay_source_workspace_ExampleCometAssay_converted_cppipe,
ExampleCometAssay,2,9,True,,3.496712744992692,4.051182406008593,957.2578125,,1,/tmp/openhcs_labmeeting_prelim/throughput_2v16_samples_1v2_jobs_20260505_042948/ExampleCometAssay/samples_16/workers_2/replica_009/openhcs/ExampleCometAssay_ExampleCometAssay_source_workspace_ExampleCometAssay_converted_cppipe,
ExampleCometAssay,2,10,True,,3.2787295740126865,3.865756906059687,1002.21484375,,1,/tmp/openhcs_labmeeting_prelim/throughput_2v16_samples_1v2_jobs_20260505_042948/ExampleCometAssay/samples_16/workers_2/replica_010/openhcs/ExampleCometAssay_ExampleCometAssay_source_workspace_ExampleCometAssay_converted_cppipe,
ExampleCometAssay,2,11,True,,3.725283446998219,4.2689893020142335,959.21484375,,1,/tmp/openhcs_labmeeting_prelim/throughput_2v16_samples_1v2_jobs_20260505_042948/ExampleCometAssay/samples_16/workers_2/replica_011/openhcs/ExampleCometAssay_ExampleCometAssay_source_workspace_ExampleCometAssay_converted_cppipe,
ExampleCometAssay,2,12,True,,3.6977570329909213,4.232028090016684,1003.69140625,,1,/tmp/openhcs_labmeeting_prelim/throughput_2v16_samples_1v2_jobs_20260505_042948/ExampleCometAssay/samples_16/workers_2/replica_012/openhcs/ExampleCometAssay_ExampleCometAssay_source_workspace_ExampleCometAssay_converted_cppipe,
ExampleCometAssay,2,13,True,,3.4580598860047758,3.9654711409821175,973.24609375,,1,/tmp/openhcs_labmeeting_prelim/throughput_2v16_samples_1v2_jobs_20260505_042948/ExampleCometAssay/samples_16/workers_2/replica_013/openhcs/ExampleCometAssay_ExampleCometAssay_source_workspace_ExampleCometAssay_converted_cppipe,
ExampleCometAssay,2,14,True,,3.5998514230013825,4.123772836988792,962.578125,,1,/tmp/openhcs_labmeeting_prelim/throughput_2v16_samples_1v2_jobs_20260505_042948/ExampleCometAssay/samples_16/workers_2/replica_014/openhcs/ExampleCometAssay_ExampleCometAssay_source_workspace_ExampleCometAssay_converted_cppipe,
ExampleCometAssay,2,15,True,,3.3338007029960863,3.8501889500039397,974.6640625,,1,/tmp/openhcs_labmeeting_prelim/throughput_2v16_samples_1v2_jobs_20260505_042948/ExampleCometAssay/samples_16/workers_2/replica_015/openhcs/ExampleCometAssay_ExampleCometAssay_source_workspace_ExampleCometAssay_converted_cppipe,
ExampleCometAssay,2,16,True,,3.4661391169938724,3.968278917018324,962.2109375,,1,/tmp/openhcs_labmeeting_prelim/throughput_2v16_samples_1v2_jobs_20260505_042948/ExampleCometAssay/samples_16/workers_2/replica_016/openhcs/ExampleCometAssay_ExampleCometAssay_source_workspace_ExampleCometAssay_converted_cppipe,
ExampleFly,1,1,True,,1.459060907989624,2.228853541004355,1083.34765625,,1,/tmp/openhcs_labmeeting_prelim/throughput_2v16_samples_1v2_jobs_20260505_042948/ExampleFly/samples_2/workers_1/replica_001/openhcs/ExampleFly_ExampleFly_source_workspace_ExampleFly_converted_cppipe,
ExampleFly,1,2,True,,1.4007314930058783,2.338691587006906,1084.60546875,,1,/tmp/openhcs_labmeeting_prelim/throughput_2v16_samples_1v2_jobs_20260505_042948/ExampleFly/samples_2/workers_1/replica_002/openhcs/ExampleFly_ExampleFly_source_workspace_ExampleFly_converted_cppipe,
ExampleFly,2,1,True,,1.5202931069943588,8.776804414999788,899.8125,,1,/tmp/openhcs_labmeeting_prelim/throughput_2v16_samples_1v2_jobs_20260505_042948/ExampleFly/samples_2/workers_2/replica_001/openhcs/ExampleFly_ExampleFly_source_workspace_ExampleFly_converted_cppipe,
ExampleFly,2,2,True,,1.5009859510028036,8.734152497025207,896.28515625,,1,/tmp/openhcs_labmeeting_prelim/throughput_2v16_samples_1v2_jobs_20260505_042948/ExampleFly/samples_2/workers_2/replica_002/openhcs/ExampleFly_ExampleFly_source_workspace_ExampleFly_converted_cppipe,
ExampleFly,1,1,True,,1.3689644770056475,2.129607663024217,1084.60546875,,1,/tmp/openhcs_labmeeting_prelim/throughput_2v16_samples_1v2_jobs_20260505_042948/ExampleFly/samples_16/workers_1/replica_001/openhcs/ExampleFly_ExampleFly_source_workspace_ExampleFly_converted_cppipe,
ExampleFly,1,2,True,,1.3531941480032401,2.075607074977597,1084.60546875,,1,/tmp/openhcs_labmeeting_prelim/throughput_2v16_samples_1v2_jobs_20260505_042948/ExampleFly/samples_16/workers_1/replica_002/openhcs/ExampleFly_ExampleFly_source_workspace_ExampleFly_converted_cppipe,
ExampleFly,1,3,True,,1.3627961839956697,2.097605207018205,1084.609375,,1,/tmp/openhcs_labmeeting_prelim/throughput_2v16_samples_1v2_jobs_20260505_042948/ExampleFly/samples_16/workers_1/replica_003/openhcs/ExampleFly_ExampleFly_source_workspace_ExampleFly_converted_cppipe,
ExampleFly,1,4,True,,1.3418952279898804,2.062070219006273,1085.59375,,1,/tmp/openhcs_labmeeting_prelim/throughput_2v16_samples_1v2_jobs_20260505_042948/ExampleFly/samples_16/workers_1/replica_004/openhcs/ExampleFly_ExampleFly_source_workspace_ExampleFly_converted_cppipe,
ExampleFly,1,5,True,,1.3616377500002272,2.104000591993099,1087.5625,,1,/tmp/openhcs_labmeeting_prelim/throughput_2v16_samples_1v2_jobs_20260505_042948/ExampleFly/samples_16/workers_1/replica_005/openhcs/ExampleFly_ExampleFly_source_workspace_ExampleFly_converted_cppipe,
ExampleFly,1,6,True,,1.341259844994056,2.2714546809584135,1089.53125,,1,/tmp/openhcs_labmeeting_prelim/throughput_2v16_samples_1v2_jobs_20260505_042948/ExampleFly/samples_16/workers_1/replica_006/openhcs/ExampleFly_ExampleFly_source_workspace_ExampleFly_converted_cppipe,
ExampleFly,1,7,True,,1.3721544169966364,2.11409625998931,1089.53125,,1,/tmp/openhcs_labmeeting_prelim/throughput_2v16_samples_1v2_jobs_20260505_042948/ExampleFly/samples_16/workers_1/replica_007/openhcs/ExampleFly_ExampleFly_source_workspace_ExampleFly_converted_cppipe,
ExampleFly,1,8,True,,1.3865578359982464,2.1361390390229644,1089.53125,,1,/tmp/openhcs_labmeeting_prelim/throughput_2v16_samples_1v2_jobs_20260505_042948/ExampleFly/samples_16/workers_1/replica_008/openhcs/ExampleFly_ExampleFly_source_workspace_ExampleFly_converted_cppipe,
ExampleFly,1,9,True,,1.3960412879969226,2.1393126379698515,1089.53125,,1,/tmp/openhcs_labmeeting_prelim/throughput_2v16_samples_1v2_jobs_20260505_042948/ExampleFly/samples_16/workers_1/replica_009/openhcs/ExampleFly_ExampleFly_source_workspace_ExampleFly_converted_cppipe,
ExampleFly,1,10,True,,1.3627844199945685,2.0770926759869326,1089.53125,,1,/tmp/openhcs_labmeeting_prelim/throughput_2v16_samples_1v2_jobs_20260505_042948/ExampleFly/samples_16/workers_1/replica_010/openhcs/ExampleFly_ExampleFly_source_workspace_ExampleFly_converted_cppipe,
ExampleFly,1,11,True,,1.3779101069958415,2.1134309279877925,1091.5,,1,/tmp/openhcs_labmeeting_prelim/throughput_2v16_samples_1v2_jobs_20260505_042948/ExampleFly/samples_16/workers_1/replica_011/openhcs/ExampleFly_ExampleFly_source_workspace_ExampleFly_converted_cppipe,
ExampleFly,1,12,True,,1.3456897329888307,2.3054307080165017,1091.5,,1,/tmp/openhcs_labmeeting_prelim/throughput_2v16_samples_1v2_jobs_20260505_042948/ExampleFly/samples_16/workers_1/replica_012/openhcs/ExampleFly_ExampleFly_source_workspace_ExampleFly_converted_cppipe,
ExampleFly,1,13,True,,1.34719480300555,2.1091685040155426,1091.5,,1,/tmp/openhcs_labmeeting_prelim/throughput_2v16_samples_1v2_jobs_20260505_042948/ExampleFly/samples_16/workers_1/replica_013/openhcs/ExampleFly_ExampleFly_source_workspace_ExampleFly_converted_cppipe,
ExampleFly,1,14,True,,1.3626771759882104,2.092006733000744,1091.5,,1,/tmp/openhcs_labmeeting_prelim/throughput_2v16_samples_1v2_jobs_20260505_042948/ExampleFly/samples_16/workers_1/replica_014/openhcs/ExampleFly_ExampleFly_source_workspace_ExampleFly_converted_cppipe,
ExampleFly,1,15,True,,1.3777569160010898,2.125200116992346,1091.50390625,,1,/tmp/openhcs_labmeeting_prelim/throughput_2v16_samples_1v2_jobs_20260505_042948/ExampleFly/samples_16/workers_1/replica_015/openhcs/ExampleFly_ExampleFly_source_workspace_ExampleFly_converted_cppipe,
ExampleFly,1,16,True,,1.3980698480008869,2.130103745032102,1093.46875,,1,/tmp/openhcs_labmeeting_prelim/throughput_2v16_samples_1v2_jobs_20260505_042948/ExampleFly/samples_16/workers_1/replica_016/openhcs/ExampleFly_ExampleFly_source_workspace_ExampleFly_converted_cppipe,
ExampleFly,2,1,True,,1.512826309990487,8.67802449199371,896.34375,,1,/tmp/openhcs_labmeeting_prelim/throughput_2v16_samples_1v2_jobs_20260505_042948/ExampleFly/samples_16/workers_2/replica_001/openhcs/ExampleFly_ExampleFly_source_workspace_ExampleFly_converted_cppipe,
ExampleFly,2,2,True,,1.5121963569981745,8.728162702987902,910.36328125,,1,/tmp/openhcs_labmeeting_prelim/throughput_2v16_samples_1v2_jobs_20260505_042948/ExampleFly/samples_16/workers_2/replica_002/openhcs/ExampleFly_ExampleFly_source_workspace_ExampleFly_converted_cppipe,
ExampleFly,2,3,True,,1.4393304319964955,2.329157030006172,909.3125,,1,/tmp/openhcs_labmeeting_prelim/throughput_2v16_samples_1v2_jobs_20260505_042948/ExampleFly/samples_16/workers_2/replica_003/openhcs/ExampleFly_ExampleFly_source_workspace_ExampleFly_converted_cppipe,
ExampleFly,2,4,True,,1.475641873999848,2.3479115720110713,920.1640625,,1,/tmp/openhcs_labmeeting_prelim/throughput_2v16_samples_1v2_jobs_20260505_042948/ExampleFly/samples_16/workers_2/replica_004/openhcs/ExampleFly_ExampleFly_source_workspace_ExampleFly_converted_cppipe,
ExampleFly,2,5,True,,1.408949732009205,2.1087431060150266,910.6171875,,1,/tmp/openhcs_labmeeting_prelim/throughput_2v16_samples_1v2_jobs_20260505_042948/ExampleFly/samples_16/workers_2/replica_005/openhcs/ExampleFly_ExampleFly_source_workspace_ExampleFly_converted_cppipe,
ExampleFly,2,6,True,,1.4014362519956194,2.1483944349602098,920.75390625,,1,/tmp/openhcs_labmeeting_prelim/throughput_2v16_samples_1v2_jobs_20260505_042948/ExampleFly/samples_16/workers_2/replica_006/openhcs/ExampleFly_ExampleFly_source_workspace_ExampleFly_converted_cppipe,
ExampleFly,2,7,True,,1.4144705190119566,2.130362832976971,913.2421875,,1,/tmp/openhcs_labmeeting_prelim/throughput_2v16_samples_1v2_jobs_20260505_042948/ExampleFly/samples_16/workers_2/replica_007/openhcs/ExampleFly_ExampleFly_source_workspace_ExampleFly_converted_cppipe,
ExampleFly,2,8,True,,1.3937078250019113,2.1161729299928993,922.6953125,,1,/tmp/openhcs_labmeeting_prelim/throughput_2v16_samples_1v2_jobs_20260505_042948/ExampleFly/samples_16/workers_2/replica_008/openhcs/ExampleFly_ExampleFly_source_workspace_ExampleFly_converted_cppipe,
ExampleFly,2,9,True,,1.385408987000119,2.1029204089863924,915.171875,,1,/tmp/openhcs_labmeeting_prelim/throughput_2v16_samples_1v2_jobs_20260505_042948/ExampleFly/samples_16/workers_2/replica_009/openhcs/ExampleFly_ExampleFly_source_workspace_ExampleFly_converted_cppipe,
ExampleFly,2,10,True,,1.3895686359901447,2.121680108975852,924.3828125,,1,/tmp/openhcs_labmeeting_prelim/throughput_2v16_samples_1v2_jobs_20260505_042948/ExampleFly/samples_16/workers_2/replica_010/openhcs/ExampleFly_ExampleFly_source_workspace_ExampleFly_converted_cppipe,
ExampleFly,2,11,True,,1.620787471998483,2.3395039059832925,917.46875,,1,/tmp/openhcs_labmeeting_prelim/throughput_2v16_samples_1v2_jobs_20260505_042948/ExampleFly/samples_16/workers_2/replica_011/openhcs/ExampleFly_ExampleFly_source_workspace_ExampleFly_converted_cppipe,
ExampleFly,2,12,True,,1.4322844370035455,2.159040085010929,926.12109375,,1,/tmp/openhcs_labmeeting_prelim/throughput_2v16_samples_1v2_jobs_20260505_042948/ExampleFly/samples_16/workers_2/replica_012/openhcs/ExampleFly_ExampleFly_source_workspace_ExampleFly_converted_cppipe,
ExampleFly,2,13,True,,1.3458426599972881,2.2500752819760237,928.05859375,,1,/tmp/openhcs_labmeeting_prelim/throughput_2v16_samples_1v2_jobs_20260505_042948/ExampleFly/samples_16/workers_2/replica_013/openhcs/ExampleFly_ExampleFly_source_workspace_ExampleFly_converted_cppipe,
ExampleFly,2,14,True,,1.3576061589992605,2.089130338979885,917.47265625,,1,/tmp/openhcs_labmeeting_prelim/throughput_2v16_samples_1v2_jobs_20260505_042948/ExampleFly/samples_16/workers_2/replica_014/openhcs/ExampleFly_ExampleFly_source_workspace_ExampleFly_converted_cppipe,
ExampleFly,2,15,True,,1.3473228630027734,2.0656275570072467,917.4765625,,1,/tmp/openhcs_labmeeting_prelim/throughput_2v16_samples_1v2_jobs_20260505_042948/ExampleFly/samples_16/workers_2/replica_015/openhcs/ExampleFly_ExampleFly_source_workspace_ExampleFly_converted_cppipe,
ExampleFly,2,16,True,,1.3431642270006705,2.0682520769914845,928.05859375,,1,/tmp/openhcs_labmeeting_prelim/throughput_2v16_samples_1v2_jobs_20260505_042948/ExampleFly/samples_16/workers_2/replica_016/openhcs/ExampleFly_ExampleFly_source_workspace_ExampleFly_converted_cppipe,
ExampleFlyURL,1,1,True,,0.9731522929942003,3.236800279977615,1095.3515625,,1,/tmp/openhcs_labmeeting_prelim/throughput_2v16_samples_1v2_jobs_20260505_042948/ExampleFlyURL/samples_2/workers_1/replica_001/openhcs/ExampleFly_ExampleFlyURL_source_workspace_ExampleFlyURL_converted_cppipe,
ExampleFlyURL,1,2,True,,0.984345160992234,1.8673336960055167,1085.11328125,,1,/tmp/openhcs_labmeeting_prelim/throughput_2v16_samples_1v2_jobs_20260505_042948/ExampleFlyURL/samples_2/workers_1/replica_002/openhcs/ExampleFly_ExampleFlyURL_source_workspace_ExampleFlyURL_converted_cppipe,
ExampleFlyURL,2,1,True,,1.0274398689944064,8.369350398977986,840.890625,,1,/tmp/openhcs_labmeeting_prelim/throughput_2v16_samples_1v2_jobs_20260505_042948/ExampleFlyURL/samples_2/workers_2/replica_001/openhcs/ExampleFly_ExampleFlyURL_source_workspace_ExampleFlyURL_converted_cppipe,
ExampleFlyURL,2,2,True,,1.0308409199933521,8.400922315006028,841.49609375,,1,/tmp/openhcs_labmeeting_prelim/throughput_2v16_samples_1v2_jobs_20260505_042948/ExampleFlyURL/samples_2/workers_2/replica_002/openhcs/ExampleFly_ExampleFlyURL_source_workspace_ExampleFlyURL_converted_cppipe,
ExampleFlyURL,1,1,True,,0.9850208699936047,1.8494208279880695,1085.11328125,,1,/tmp/openhcs_labmeeting_prelim/throughput_2v16_samples_1v2_jobs_20260505_042948/ExampleFlyURL/samples_16/workers_1/replica_001/openhcs/ExampleFly_ExampleFlyURL_source_workspace_ExampleFlyURL_converted_cppipe,
ExampleFlyURL,1,2,True,,0.9975957150018075,1.8907059310004115,1085.15234375,,1,/tmp/openhcs_labmeeting_prelim/throughput_2v16_samples_1v2_jobs_20260505_042948/ExampleFlyURL/samples_16/workers_1/replica_002/openhcs/ExampleFly_ExampleFlyURL_source_workspace_ExampleFlyURL_converted_cppipe,
ExampleFlyURL,1,3,True,,0.9971696280117612,2.075979339017067,1086.36328125,,1,/tmp/openhcs_labmeeting_prelim/throughput_2v16_samples_1v2_jobs_20260505_042948/ExampleFlyURL/samples_16/workers_1/replica_003/openhcs/ExampleFly_ExampleFlyURL_source_workspace_ExampleFlyURL_converted_cppipe,
ExampleFlyURL,1,4,True,,0.9783393549878383,1.777034469996579,1088.125,,1,/tmp/openhcs_labmeeting_prelim/throughput_2v16_samples_1v2_jobs_20260505_042948/ExampleFlyURL/samples_16/workers_1/replica_004/openhcs/ExampleFly_ExampleFlyURL_source_workspace_ExampleFlyURL_converted_cppipe,
ExampleFlyURL,1,5,True,,1.0001441409986,1.779210422988399,1090.59375,,1,/tmp/openhcs_labmeeting_prelim/throughput_2v16_samples_1v2_jobs_20260505_042948/ExampleFlyURL/samples_16/workers_1/replica_005/openhcs/ExampleFly_ExampleFlyURL_source_workspace_ExampleFlyURL_converted_cppipe,
ExampleFlyURL,1,6,True,,0.9994149409903912,1.8044429929723265,1092.15234375,,1,/tmp/openhcs_labmeeting_prelim/throughput_2v16_samples_1v2_jobs_20260505_042948/ExampleFlyURL/samples_16/workers_1/replica_006/openhcs/ExampleFly_ExampleFlyURL_source_workspace_ExampleFlyURL_converted_cppipe,
ExampleFlyURL,1,7,True,,1.017853090990684,2.087456083012512,1094.6640625,,1,/tmp/openhcs_labmeeting_prelim/throughput_2v16_samples_1v2_jobs_20260505_042948/ExampleFlyURL/samples_16/workers_1/replica_007/openhcs/ExampleFly_ExampleFlyURL_source_workspace_ExampleFlyURL_converted_cppipe,
ExampleFlyURL,1,8,True,,1.010383194006863,1.8015713740023784,1094.6640625,,1,/tmp/openhcs_labmeeting_prelim/throughput_2v16_samples_1v2_jobs_20260505_042948/ExampleFlyURL/samples_16/workers_1/replica_008/openhcs/ExampleFly_ExampleFlyURL_source_workspace_ExampleFlyURL_converted_cppipe,
ExampleFlyURL,1,9,True,,0.9893452690012055,2.1336428690265166,1094.6640625,,1,/tmp/openhcs_labmeeting_prelim/throughput_2v16_samples_1v2_jobs_20260505_042948/ExampleFlyURL/samples_16/workers_1/replica_009/openhcs/ExampleFly_ExampleFlyURL_source_workspace_ExampleFlyURL_converted_cppipe,
ExampleFlyURL,1,10,True,,0.9762423520005541,1.7650482100289082,1094.6640625,,1,/tmp/openhcs_labmeeting_prelim/throughput_2v16_samples_1v2_jobs_20260505_042948/ExampleFlyURL/samples_16/workers_1/replica_010/openhcs/ExampleFly_ExampleFlyURL_source_workspace_ExampleFlyURL_converted_cppipe,
ExampleFlyURL,1,11,True,,1.0182660730060888,1.846107580975513,1094.6640625,,1,/tmp/openhcs_labmeeting_prelim/throughput_2v16_samples_1v2_jobs_20260505_042948/ExampleFlyURL/samples_16/workers_1/replica_011/openhcs/ExampleFly_ExampleFlyURL_source_workspace_ExampleFlyURL_converted_cppipe,
ExampleFlyURL,1,12,True,,0.9674932119960431,1.7522200149978744,1094.8125,,1,/tmp/openhcs_labmeeting_prelim/throughput_2v16_samples_1v2_jobs_20260505_042948/ExampleFlyURL/samples_16/workers_1/replica_012/openhcs/ExampleFly_ExampleFlyURL_source_workspace_ExampleFlyURL_converted_cppipe,
ExampleFlyURL,1,13,True,,0.9761071359971538,1.7932200159848435,1096.3125,,1,/tmp/openhcs_labmeeting_prelim/throughput_2v16_samples_1v2_jobs_20260505_042948/ExampleFlyURL/samples_16/workers_1/replica_013/openhcs/ExampleFly_ExampleFlyURL_source_workspace_ExampleFlyURL_converted_cppipe,
ExampleFlyURL,1,14,True,,0.9842011959990487,1.8184158159710933,1097.8125,,1,/tmp/openhcs_labmeeting_prelim/throughput_2v16_samples_1v2_jobs_20260505_042948/ExampleFlyURL/samples_16/workers_1/replica_014/openhcs/ExampleFly_ExampleFlyURL_source_workspace_ExampleFlyURL_converted_cppipe,
ExampleFlyURL,1,15,True,,0.9828880579880206,1.977376586990431,1099.4375,,1,/tmp/openhcs_labmeeting_prelim/throughput_2v16_samples_1v2_jobs_20260505_042948/ExampleFlyURL/samples_16/workers_1/replica_015/openhcs/ExampleFly_ExampleFlyURL_source_workspace_ExampleFlyURL_converted_cppipe,
ExampleFlyURL,1,16,True,,0.9931494719930924,1.8130652879626723,1111.44140625,,1,/tmp/openhcs_labmeeting_prelim/throughput_2v16_samples_1v2_jobs_20260505_042948/ExampleFlyURL/samples_16/workers_1/replica_016/openhcs/ExampleFly_ExampleFlyURL_source_workspace_ExampleFlyURL_converted_cppipe,
ExampleFlyURL,2,1,True,,0.9891362710040994,8.910874601991964,839.5703125,,1,/tmp/openhcs_labmeeting_prelim/throughput_2v16_samples_1v2_jobs_20260505_042948/ExampleFlyURL/samples_16/workers_2/replica_001/openhcs/ExampleFly_ExampleFlyURL_source_workspace_ExampleFlyURL_converted_cppipe,
ExampleFlyURL,2,2,True,,1.0081028830027208,8.347158180986298,886.5234375,,1,/tmp/openhcs_labmeeting_prelim/throughput_2v16_samples_1v2_jobs_20260505_042948/ExampleFlyURL/samples_16/workers_2/replica_002/openhcs/ExampleFly_ExampleFlyURL_source_workspace_ExampleFlyURL_converted_cppipe,
ExampleFlyURL,2,3,True,,0.9727351379988249,1.984948685974814,861.48046875,,1,/tmp/openhcs_labmeeting_prelim/throughput_2v16_samples_1v2_jobs_20260505_042948/ExampleFlyURL/samples_16/workers_2/replica_003/openhcs/ExampleFly_ExampleFlyURL_source_workspace_ExampleFlyURL_converted_cppipe,
ExampleFlyURL,2,4,True,,0.9712637119955616,1.9369646180130076,901.51171875,,1,/tmp/openhcs_labmeeting_prelim/throughput_2v16_samples_1v2_jobs_20260505_042948/ExampleFlyURL/samples_16/workers_2/replica_004/openhcs/ExampleFly_ExampleFlyURL_source_workspace_ExampleFlyURL_converted_cppipe,
ExampleFlyURL,2,5,True,,0.950309745996492,1.7001260469987756,862.78515625,,1,/tmp/openhcs_labmeeting_prelim/throughput_2v16_samples_1v2_jobs_20260505_042948/ExampleFlyURL/samples_16/workers_2/replica_005/openhcs/ExampleFly_ExampleFlyURL_source_workspace_ExampleFlyURL_converted_cppipe,
ExampleFlyURL,2,6,True,,0.9666123720089672,1.81050489001791,902.48828125,,1,/tmp/openhcs_labmeeting_prelim/throughput_2v16_samples_1v2_jobs_20260505_042948/ExampleFlyURL/samples_16/workers_2/replica_006/openhcs/ExampleFly_ExampleFlyURL_source_workspace_ExampleFlyURL_converted_cppipe,
ExampleFlyURL,2,7,True,,0.9556505009968532,1.798525781967328,864.94140625,,1,/tmp/openhcs_labmeeting_prelim/throughput_2v16_samples_1v2_jobs_20260505_042948/ExampleFlyURL/samples_16/workers_2/replica_007/openhcs/ExampleFly_ExampleFlyURL_source_workspace_ExampleFlyURL_converted_cppipe,
ExampleFlyURL,2,8,True,,0.9781701820029411,1.8403002920094877,903.640625,,1,/tmp/openhcs_labmeeting_prelim/throughput_2v16_samples_1v2_jobs_20260505_042948/ExampleFlyURL/samples_16/workers_2/replica_008/openhcs/ExampleFly_ExampleFlyURL_source_workspace_ExampleFlyURL_converted_cppipe,
ExampleFlyURL,2,9,True,,0.9779695909965085,1.8186514460248873,860.74609375,,1,/tmp/openhcs_labmeeting_prelim/throughput_2v16_samples_1v2_jobs_20260505_042948/ExampleFlyURL/samples_16/workers_2/replica_009/openhcs/ExampleFly_ExampleFlyURL_source_workspace_ExampleFlyURL_converted_cppipe,
ExampleFlyURL,2,10,True,,0.9539567320025526,1.7539737700135447,905.484375,,1,/tmp/openhcs_labmeeting_prelim/throughput_2v16_samples_1v2_jobs_20260505_042948/ExampleFlyURL/samples_16/workers_2/replica_010/openhcs/ExampleFly_ExampleFlyURL_source_workspace_ExampleFlyURL_converted_cppipe,
ExampleFlyURL,2,11,True,,0.9684491100051673,1.8061833219981054,869.2265625,,1,/tmp/openhcs_labmeeting_prelim/throughput_2v16_samples_1v2_jobs_20260505_042948/ExampleFlyURL/samples_16/workers_2/replica_011/openhcs/ExampleFly_ExampleFlyURL_source_workspace_ExampleFlyURL_converted_cppipe,
ExampleFlyURL,2,12,True,,0.9550342230068054,1.7724345569731668,907.5703125,,1,/tmp/openhcs_labmeeting_prelim/throughput_2v16_samples_1v2_jobs_20260505_042948/ExampleFlyURL/samples_16/workers_2/replica_012/openhcs/ExampleFly_ExampleFlyURL_source_workspace_ExampleFlyURL_converted_cppipe,
ExampleFlyURL,2,13,True,,0.9712817949912278,1.935002499987604,926.40625,,1,/tmp/openhcs_labmeeting_prelim/throughput_2v16_samples_1v2_jobs_20260505_042948/ExampleFlyURL/samples_16/workers_2/replica_013/openhcs/ExampleFly_ExampleFlyURL_source_workspace_ExampleFlyURL_converted_cppipe,
ExampleFlyURL,2,14,True,,0.9610385150008369,1.9168089929735288,909.70703125,,1,/tmp/openhcs_labmeeting_prelim/throughput_2v16_samples_1v2_jobs_20260505_042948/ExampleFlyURL/samples_16/workers_2/replica_014/openhcs/ExampleFly_ExampleFlyURL_source_workspace_ExampleFlyURL_converted_cppipe,
ExampleFlyURL,2,15,True,,0.9622968979965663,1.8091434619855136,926.41015625,,1,/tmp/openhcs_labmeeting_prelim/throughput_2v16_samples_1v2_jobs_20260505_042948/ExampleFlyURL/samples_16/workers_2/replica_015/openhcs/ExampleFly_ExampleFlyURL_source_workspace_ExampleFlyURL_converted_cppipe,
ExampleFlyURL,2,16,True,,0.9629036569967866,1.807976117997896,909.70703125,,1,/tmp/openhcs_labmeeting_prelim/throughput_2v16_samples_1v2_jobs_20260505_042948/ExampleFlyURL/samples_16/workers_2/replica_016/openhcs/ExampleFly_ExampleFlyURL_source_workspace_ExampleFlyURL_converted_cppipe,
ExampleHuman,1,1,True,,0.6475127839948982,1.1308214439923177,1078.78515625,,1,/tmp/openhcs_labmeeting_prelim/throughput_2v16_samples_1v2_jobs_20260505_042948/ExampleHuman/samples_2/workers_1/replica_001/openhcs/ExampleHuman_ExampleHuman_source_workspace_ExampleHuman_converted_cppipe,
ExampleHuman,1,2,True,,0.558514454998658,1.0402471300039906,1079.2578125,,1,/tmp/openhcs_labmeeting_prelim/throughput_2v16_samples_1v2_jobs_20260505_042948/ExampleHuman/samples_2/workers_1/replica_002/openhcs/ExampleHuman_ExampleHuman_source_workspace_ExampleHuman_converted_cppipe,
ExampleHuman,2,1,True,,0.6883124050073093,7.641525065002497,756.25,,1,/tmp/openhcs_labmeeting_prelim/throughput_2v16_samples_1v2_jobs_20260505_042948/ExampleHuman/samples_2/workers_2/replica_001/openhcs/ExampleHuman_ExampleHuman_source_workspace_ExampleHuman_converted_cppipe,
ExampleHuman,2,2,True,,0.6881328250019578,7.594683932969929,755.9140625,,1,/tmp/openhcs_labmeeting_prelim/throughput_2v16_samples_1v2_jobs_20260505_042948/ExampleHuman/samples_2/workers_2/replica_002/openhcs/ExampleHuman_ExampleHuman_source_workspace_ExampleHuman_converted_cppipe,
ExampleHuman,1,1,True,,0.5406391410069773,1.004448299005162,1079.73046875,,1,/tmp/openhcs_labmeeting_prelim/throughput_2v16_samples_1v2_jobs_20260505_042948/ExampleHuman/samples_16/workers_1/replica_001/openhcs/ExampleHuman_ExampleHuman_source_workspace_ExampleHuman_converted_cppipe,
ExampleHuman,1,2,True,,0.5493820190022234,1.0040519390022382,1080.234375,,1,/tmp/openhcs_labmeeting_prelim/throughput_2v16_samples_1v2_jobs_20260505_042948/ExampleHuman/samples_16/workers_1/replica_002/openhcs/ExampleHuman_ExampleHuman_source_workspace_ExampleHuman_converted_cppipe,
ExampleHuman,1,3,True,,0.5396587229915895,0.9848801110056229,1081.7109375,,1,/tmp/openhcs_labmeeting_prelim/throughput_2v16_samples_1v2_jobs_20260505_042948/ExampleHuman/samples_16/workers_1/replica_003/openhcs/ExampleHuman_ExampleHuman_source_workspace_ExampleHuman_converted_cppipe,
ExampleHuman,1,4,True,,0.5431347569974605,1.0125452149804914,1083.0390625,,1,/tmp/openhcs_labmeeting_prelim/throughput_2v16_samples_1v2_jobs_20260505_042948/ExampleHuman/samples_16/workers_1/replica_004/openhcs/ExampleHuman_ExampleHuman_source_workspace_ExampleHuman_converted_cppipe,
ExampleHuman,1,5,True,,0.7929142259963555,1.233279110994772,1084.51953125,,1,/tmp/openhcs_labmeeting_prelim/throughput_2v16_samples_1v2_jobs_20260505_042948/ExampleHuman/samples_16/workers_1/replica_005/openhcs/ExampleHuman_ExampleHuman_source_workspace_ExampleHuman_converted_cppipe,
ExampleHuman,1,6,True,,0.579413276995183,1.0627924389700638,1084.51953125,,1,/tmp/openhcs_labmeeting_prelim/throughput_2v16_samples_1v2_jobs_20260505_042948/ExampleHuman/samples_16/workers_1/replica_006/openhcs/ExampleHuman_ExampleHuman_source_workspace_ExampleHuman_converted_cppipe,
ExampleHuman,1,7,True,,0.5595056719903369,1.0122917339758715,1084.5234375,,1,/tmp/openhcs_labmeeting_prelim/throughput_2v16_samples_1v2_jobs_20260505_042948/ExampleHuman/samples_16/workers_1/replica_007/openhcs/ExampleHuman_ExampleHuman_source_workspace_ExampleHuman_converted_cppipe,
ExampleHuman,1,8,True,,0.5633895280043362,1.0297850369970547,1084.5234375,,1,/tmp/openhcs_labmeeting_prelim/throughput_2v16_samples_1v2_jobs_20260505_042948/ExampleHuman/samples_16/workers_1/replica_008/openhcs/ExampleHuman_ExampleHuman_source_workspace_ExampleHuman_converted_cppipe,
ExampleHuman,1,9,True,,0.5613404770119814,1.046850737024215,1084.5234375,,1,/tmp/openhcs_labmeeting_prelim/throughput_2v16_samples_1v2_jobs_20260505_042948/ExampleHuman/samples_16/workers_1/replica_009/openhcs/ExampleHuman_ExampleHuman_source_workspace_ExampleHuman_converted_cppipe,
ExampleHuman,1,10,True,,0.5559591749915853,1.0288978739554295,1084.55078125,,1,/tmp/openhcs_labmeeting_prelim/throughput_2v16_samples_1v2_jobs_20260505_042948/ExampleHuman/samples_16/workers_1/replica_010/openhcs/ExampleHuman_ExampleHuman_source_workspace_ExampleHuman_converted_cppipe,
ExampleHuman,1,11,True,,0.5437691779952729,1.0188504029938485,1085.0390625,,1,/tmp/openhcs_labmeeting_prelim/throughput_2v16_samples_1v2_jobs_20260505_042948/ExampleHuman/samples_16/workers_1/replica_011/openhcs/ExampleHuman_ExampleHuman_source_workspace_ExampleHuman_converted_cppipe,
ExampleHuman,1,12,True,,0.5478130769915879,1.018099030974554,1086.2890625,,1,/tmp/openhcs_labmeeting_prelim/throughput_2v16_samples_1v2_jobs_20260505_042948/ExampleHuman/samples_16/workers_1/replica_012/openhcs/ExampleHuman_ExampleHuman_source_workspace_ExampleHuman_converted_cppipe,
ExampleHuman,1,13,True,,0.5536621049977839,1.0296422940009506,1088.0078125,,1,/tmp/openhcs_labmeeting_prelim/throughput_2v16_samples_1v2_jobs_20260505_042948/ExampleHuman/samples_16/workers_1/replica_013/openhcs/ExampleHuman_ExampleHuman_source_workspace_ExampleHuman_converted_cppipe,
ExampleHuman,1,14,True,,0.556307584993192,1.0160577949718572,1090.46484375,,1,/tmp/openhcs_labmeeting_prelim/throughput_2v16_samples_1v2_jobs_20260505_042948/ExampleHuman/samples_16/workers_1/replica_014/openhcs/ExampleHuman_ExampleHuman_source_workspace_ExampleHuman_converted_cppipe,
ExampleHuman,1,15,True,,0.5522946550045162,1.268650201993296,1091.03515625,,1,/tmp/openhcs_labmeeting_prelim/throughput_2v16_samples_1v2_jobs_20260505_042948/ExampleHuman/samples_16/workers_1/replica_015/openhcs/ExampleHuman_ExampleHuman_source_workspace_ExampleHuman_converted_cppipe,
ExampleHuman,1,16,True,,0.5597010420024162,1.0255516859906493,1091.03515625,,1,/tmp/openhcs_labmeeting_prelim/throughput_2v16_samples_1v2_jobs_20260505_042948/ExampleHuman/samples_16/workers_1/replica_016/openhcs/ExampleHuman_ExampleHuman_source_workspace_ExampleHuman_converted_cppipe,
ExampleHuman,2,1,True,,0.672531345000607,7.352508049007156,758.80859375,,1,/tmp/openhcs_labmeeting_prelim/throughput_2v16_samples_1v2_jobs_20260505_042948/ExampleHuman/samples_16/workers_2/replica_001/openhcs/ExampleHuman_ExampleHuman_source_workspace_ExampleHuman_converted_cppipe,
ExampleHuman,2,2,True,,0.6519217220047722,7.443990103027318,759.24609375,,1,/tmp/openhcs_labmeeting_prelim/throughput_2v16_samples_1v2_jobs_20260505_042948/ExampleHuman/samples_16/workers_2/replica_002/openhcs/ExampleHuman_ExampleHuman_source_workspace_ExampleHuman_converted_cppipe,
ExampleHuman,2,3,True,,0.5466624580003554,1.03684395297023,771.08984375,,1,/tmp/openhcs_labmeeting_prelim/throughput_2v16_samples_1v2_jobs_20260505_042948/ExampleHuman/samples_16/workers_2/replica_003/openhcs/ExampleHuman_ExampleHuman_source_workspace_ExampleHuman_converted_cppipe,
ExampleHuman,2,4,True,,0.5633899480017135,1.018722703011008,772.1484375,,1,/tmp/openhcs_labmeeting_prelim/throughput_2v16_samples_1v2_jobs_20260505_042948/ExampleHuman/samples_16/workers_2/replica_004/openhcs/ExampleHuman_ExampleHuman_source_workspace_ExampleHuman_converted_cppipe,
ExampleHuman,2,5,True,,0.544153365000966,1.1312775050027994,772.08984375,,1,/tmp/openhcs_labmeeting_prelim/throughput_2v16_samples_1v2_jobs_20260505_042948/ExampleHuman/samples_16/workers_2/replica_005/openhcs/ExampleHuman_ExampleHuman_source_workspace_ExampleHuman_converted_cppipe,
ExampleHuman,2,6,True,,0.6841745479905512,1.1249015209905338,773.6796875,,1,/tmp/openhcs_labmeeting_prelim/throughput_2v16_samples_1v2_jobs_20260505_042948/ExampleHuman/samples_16/workers_2/replica_006/openhcs/ExampleHuman_ExampleHuman_source_workspace_ExampleHuman_converted_cppipe,
ExampleHuman,2,7,True,,0.5402215380017878,0.9776986849901732,772.8984375,,1,/tmp/openhcs_labmeeting_prelim/throughput_2v16_samples_1v2_jobs_20260505_042948/ExampleHuman/samples_16/workers_2/replica_007/openhcs/ExampleHuman_ExampleHuman_source_workspace_ExampleHuman_converted_cppipe,
ExampleHuman,2,8,True,,0.5453255050088046,0.9948012759996345,774.04296875,,1,/tmp/openhcs_labmeeting_prelim/throughput_2v16_samples_1v2_jobs_20260505_042948/ExampleHuman/samples_16/workers_2/replica_008/openhcs/ExampleHuman_ExampleHuman_source_workspace_ExampleHuman_converted_cppipe,
ExampleHuman,2,9,True,,0.5426819380081724,0.9911743060074514,773.75,,1,/tmp/openhcs_labmeeting_prelim/throughput_2v16_samples_1v2_jobs_20260505_042948/ExampleHuman/samples_16/workers_2/replica_009/openhcs/ExampleHuman_ExampleHuman_source_workspace_ExampleHuman_converted_cppipe,
ExampleHuman,2,10,True,,0.54522538499441,1.007959116002894,774.82421875,,1,/tmp/openhcs_labmeeting_prelim/throughput_2v16_samples_1v2_jobs_20260505_042948/ExampleHuman/samples_16/workers_2/replica_010/openhcs/ExampleHuman_ExampleHuman_source_workspace_ExampleHuman_converted_cppipe,
ExampleHuman,2,11,True,,0.5366684600012377,0.9739249069825746,776.5859375,,1,/tmp/openhcs_labmeeting_prelim/throughput_2v16_samples_1v2_jobs_20260505_042948/ExampleHuman/samples_16/workers_2/replica_011/openhcs/ExampleHuman_ExampleHuman_source_workspace_ExampleHuman_converted_cppipe,
ExampleHuman,2,12,True,,0.5334010609949473,0.9891254489921266,776.7109375,,1,/tmp/openhcs_labmeeting_prelim/throughput_2v16_samples_1v2_jobs_20260505_042948/ExampleHuman/samples_16/workers_2/replica_012/openhcs/ExampleHuman_ExampleHuman_source_workspace_ExampleHuman_converted_cppipe,
ExampleHuman,2,13,True,,0.5689907960040728,1.0018806440057233,778.0546875,,1,/tmp/openhcs_labmeeting_prelim/throughput_2v16_samples_1v2_jobs_20260505_042948/ExampleHuman/samples_16/workers_2/replica_013/openhcs/ExampleHuman_ExampleHuman_source_workspace_ExampleHuman_converted_cppipe,
ExampleHuman,2,14,True,,0.5692939199943794,1.0115869980218122,778.65625,,1,/tmp/openhcs_labmeeting_prelim/throughput_2v16_samples_1v2_jobs_20260505_042948/ExampleHuman/samples_16/workers_2/replica_014/openhcs/ExampleHuman_ExampleHuman_source_workspace_ExampleHuman_converted_cppipe,
ExampleHuman,2,15,True,,0.5602098550007213,1.0042800290102605,779.4375,,1,/tmp/openhcs_labmeeting_prelim/throughput_2v16_samples_1v2_jobs_20260505_042948/ExampleHuman/samples_16/workers_2/replica_015/openhcs/ExampleHuman_ExampleHuman_source_workspace_ExampleHuman_converted_cppipe,
ExampleHuman,2,16,True,,0.5339656809956068,0.9853714979981305,780.63671875,,1,/tmp/openhcs_labmeeting_prelim/throughput_2v16_samples_1v2_jobs_20260505_042948/ExampleHuman/samples_16/workers_2/replica_016/openhcs/ExampleHuman_ExampleHuman_source_workspace_ExampleHuman_converted_cppipe,
ExampleIlluminationCorrection_Example1_AllMethod,1,1,True,,0.9943057570053497,1.3313376959995367,1179.06640625,,1,/tmp/openhcs_labmeeting_prelim/throughput_2v16_samples_1v2_jobs_20260505_042948/ExampleIlluminationCorrection_Example1_AllMethod/samples_2/workers_1/replica_001/openhcs/ExampleIlluminationCorrection_ExampleIlluminationCorrection_Example1_AllMethod_source_workspace_ExampleIlluminationCorrection_Example1_AllMethod_converted_cppipe,
ExampleIlluminationCorrection_Example1_AllMethod,1,2,True,,0.9223886710096849,1.259226510010194,1179.07421875,,1,/tmp/openhcs_labmeeting_prelim/throughput_2v16_samples_1v2_jobs_20260505_042948/ExampleIlluminationCorrection_Example1_AllMethod/samples_2/workers_1/replica_002/openhcs/ExampleIlluminationCorrection_ExampleIlluminationCorrection_Example1_AllMethod_source_workspace_ExampleIlluminationCorrection_Example1_AllMethod_converted_cppipe,
ExampleIlluminationCorrection_Example1_AllMethod,2,1,True,,1.0393460100021912,7.3945587600028375,913.76171875,,1,/tmp/openhcs_labmeeting_prelim/throughput_2v16_samples_1v2_jobs_20260505_042948/ExampleIlluminationCorrection_Example1_AllMethod/samples_2/workers_2/replica_001/openhcs/ExampleIlluminationCorrection_ExampleIlluminationCorrection_Example1_AllMethod_source_workspace_ExampleIlluminationCorrection_Example1_AllMethod_converted_cppipe,
ExampleIlluminationCorrection_Example1_AllMethod,2,2,True,,1.0334575779997976,7.410260188029497,983.17578125,,1,/tmp/openhcs_labmeeting_prelim/throughput_2v16_samples_1v2_jobs_20260505_042948/ExampleIlluminationCorrection_Example1_AllMethod/samples_2/workers_2/replica_002/openhcs/ExampleIlluminationCorrection_ExampleIlluminationCorrection_Example1_AllMethod_source_workspace_ExampleIlluminationCorrection_Example1_AllMethod_converted_cppipe,
ExampleIlluminationCorrection_Example1_AllMethod,1,1,True,,0.9154897639964474,1.2705857030086918,1179.07421875,,1,/tmp/openhcs_labmeeting_prelim/throughput_2v16_samples_1v2_jobs_20260505_042948/ExampleIlluminationCorrection_Example1_AllMethod/samples_16/workers_1/replica_001/openhcs/ExampleIlluminationCorrection_ExampleIlluminationCorrection_Example1_AllMethod_source_workspace_ExampleIlluminationCorrection_Example1_AllMethod_converted_cppipe,
ExampleIlluminationCorrection_Example1_AllMethod,1,2,True,,0.9287145609996514,1.2519985320104752,1179.07421875,,1,/tmp/openhcs_labmeeting_prelim/throughput_2v16_samples_1v2_jobs_20260505_042948/ExampleIlluminationCorrection_Example1_AllMethod/samples_16/workers_1/replica_002/openhcs/ExampleIlluminationCorrection_ExampleIlluminationCorrection_Example1_AllMethod_source_workspace_ExampleIlluminationCorrection_Example1_AllMethod_converted_cppipe,
ExampleIlluminationCorrection_Example1_AllMethod,1,3,True,,0.9517415719892597,1.2779167179978685,1179.08203125,,1,/tmp/openhcs_labmeeting_prelim/throughput_2v16_samples_1v2_jobs_20260505_042948/ExampleIlluminationCorrection_Example1_AllMethod/samples_16/workers_1/replica_003/openhcs/ExampleIlluminationCorrection_ExampleIlluminationCorrection_Example1_AllMethod_source_workspace_ExampleIlluminationCorrection_Example1_AllMethod_converted_cppipe,
ExampleIlluminationCorrection_Example1_AllMethod,1,4,True,,0.9596907280065352,1.2994908900145674,1179.76953125,,1,/tmp/openhcs_labmeeting_prelim/throughput_2v16_samples_1v2_jobs_20260505_042948/ExampleIlluminationCorrection_Example1_AllMethod/samples_16/workers_1/replica_004/openhcs/ExampleIlluminationCorrection_ExampleIlluminationCorrection_Example1_AllMethod_source_workspace_ExampleIlluminationCorrection_Example1_AllMethod_converted_cppipe,
ExampleIlluminationCorrection_Example1_AllMethod,1,5,True,,0.9105308719881577,1.2117515959835146,1187.2890625,,1,/tmp/openhcs_labmeeting_prelim/throughput_2v16_samples_1v2_jobs_20260505_042948/ExampleIlluminationCorrection_Example1_AllMethod/samples_16/workers_1/replica_005/openhcs/ExampleIlluminationCorrection_ExampleIlluminationCorrection_Example1_AllMethod_source_workspace_ExampleIlluminationCorrection_Example1_AllMethod_converted_cppipe,
ExampleIlluminationCorrection_Example1_AllMethod,1,6,True,,0.9385473430011189,1.2688950400042813,1182.875,,1,/tmp/openhcs_labmeeting_prelim/throughput_2v16_samples_1v2_jobs_20260505_042948/ExampleIlluminationCorrection_Example1_AllMethod/samples_16/workers_1/replica_006/openhcs/ExampleIlluminationCorrection_ExampleIlluminationCorrection_Example1_AllMethod_source_workspace_ExampleIlluminationCorrection_Example1_AllMethod_converted_cppipe,
ExampleIlluminationCorrection_Example1_AllMethod,1,7,True,,0.9398276279971469,1.2406134969787672,1184.6171875,,1,/tmp/openhcs_labmeeting_prelim/throughput_2v16_samples_1v2_jobs_20260505_042948/ExampleIlluminationCorrection_Example1_AllMethod/samples_16/workers_1/replica_007/openhcs/ExampleIlluminationCorrection_ExampleIlluminationCorrection_Example1_AllMethod_source_workspace_ExampleIlluminationCorrection_Example1_AllMethod_converted_cppipe,
ExampleIlluminationCorrection_Example1_AllMethod,1,8,True,,0.9502992799971253,1.2859540899953572,1187.15234375,,1,/tmp/openhcs_labmeeting_prelim/throughput_2v16_samples_1v2_jobs_20260505_042948/ExampleIlluminationCorrection_Example1_AllMethod/samples_16/workers_1/replica_008/openhcs/ExampleIlluminationCorrection_ExampleIlluminationCorrection_Example1_AllMethod_source_workspace_ExampleIlluminationCorrection_Example1_AllMethod_converted_cppipe,
ExampleIlluminationCorrection_Example1_AllMethod,1,9,True,,0.930761095994967,1.2350008679786697,1188.58203125,,1,/tmp/openhcs_labmeeting_prelim/throughput_2v16_samples_1v2_jobs_20260505_042948/ExampleIlluminationCorrection_Example1_AllMethod/samples_16/workers_1/replica_009/openhcs/ExampleIlluminationCorrection_ExampleIlluminationCorrection_Example1_AllMethod_source_workspace_ExampleIlluminationCorrection_Example1_AllMethod_converted_cppipe,
ExampleIlluminationCorrection_Example1_AllMethod,1,10,True,,1.2223698349989718,1.5221970380080165,1229.921875,,1,/tmp/openhcs_labmeeting_prelim/throughput_2v16_samples_1v2_jobs_20260505_042948/ExampleIlluminationCorrection_Example1_AllMethod/samples_16/workers_1/replica_010/openhcs/ExampleIlluminationCorrection_ExampleIlluminationCorrection_Example1_AllMethod_source_workspace_ExampleIlluminationCorrection_Example1_AllMethod_converted_cppipe,
ExampleIlluminationCorrection_Example1_AllMethod,1,11,True,,0.9418289080058457,1.2494802000146592,1189.91796875,,1,/tmp/openhcs_labmeeting_prelim/throughput_2v16_samples_1v2_jobs_20260505_042948/ExampleIlluminationCorrection_Example1_AllMethod/samples_16/workers_1/replica_011/openhcs/ExampleIlluminationCorrection_ExampleIlluminationCorrection_Example1_AllMethod_source_workspace_ExampleIlluminationCorrection_Example1_AllMethod_converted_cppipe,
ExampleIlluminationCorrection_Example1_AllMethod,1,12,True,,0.9588851509906817,1.2704319209879031,1189.91796875,,1,/tmp/openhcs_labmeeting_prelim/throughput_2v16_samples_1v2_jobs_20260505_042948/ExampleIlluminationCorrection_Example1_AllMethod/samples_16/workers_1/replica_012/openhcs/ExampleIlluminationCorrection_ExampleIlluminationCorrection_Example1_AllMethod_source_workspace_ExampleIlluminationCorrection_Example1_AllMethod_converted_cppipe,
ExampleIlluminationCorrection_Example1_AllMethod,1,13,True,,0.9502887200069381,1.2836659970053006,1189.91796875,,1,/tmp/openhcs_labmeeting_prelim/throughput_2v16_samples_1v2_jobs_20260505_042948/ExampleIlluminationCorrection_Example1_AllMethod/samples_16/workers_1/replica_013/openhcs/ExampleIlluminationCorrection_ExampleIlluminationCorrection_Example1_AllMethod_source_workspace_ExampleIlluminationCorrection_Example1_AllMethod_converted_cppipe,
ExampleIlluminationCorrection_Example1_AllMethod,1,14,True,,0.9872031730046729,1.316451095015509,1189.91796875,,1,/tmp/openhcs_labmeeting_prelim/throughput_2v16_samples_1v2_jobs_20260505_042948/ExampleIlluminationCorrection_Example1_AllMethod/samples_16/workers_1/replica_014/openhcs/ExampleIlluminationCorrection_ExampleIlluminationCorrection_Example1_AllMethod_source_workspace_ExampleIlluminationCorrection_Example1_AllMethod_converted_cppipe,
ExampleIlluminationCorrection_Example1_AllMethod,1,15,True,,0.9548507900035474,1.2926821210276103,1189.91796875,,1,/tmp/openhcs_labmeeting_prelim/throughput_2v16_samples_1v2_jobs_20260505_042948/ExampleIlluminationCorrection_Example1_AllMethod/samples_16/workers_1/replica_015/openhcs/ExampleIlluminationCorrection_ExampleIlluminationCorrection_Example1_AllMethod_source_workspace_ExampleIlluminationCorrection_Example1_AllMethod_converted_cppipe,
ExampleIlluminationCorrection_Example1_AllMethod,1,16,True,,0.9416187689930666,1.2498263049928937,1189.91796875,,1,/tmp/openhcs_labmeeting_prelim/throughput_2v16_samples_1v2_jobs_20260505_042948/ExampleIlluminationCorrection_Example1_AllMethod/samples_16/workers_1/replica_016/openhcs/ExampleIlluminationCorrection_ExampleIlluminationCorrection_Example1_AllMethod_source_workspace_ExampleIlluminationCorrection_Example1_AllMethod_converted_cppipe,
ExampleIlluminationCorrection_Example1_AllMethod,2,1,True,,1.0299862420069985,7.595332108990988,926.9453125,,1,/tmp/openhcs_labmeeting_prelim/throughput_2v16_samples_1v2_jobs_20260505_042948/ExampleIlluminationCorrection_Example1_AllMethod/samples_16/workers_2/replica_001/openhcs/ExampleIlluminationCorrection_ExampleIlluminationCorrection_Example1_AllMethod_source_workspace_ExampleIlluminationCorrection_Example1_AllMethod_converted_cppipe,
ExampleIlluminationCorrection_Example1_AllMethod,2,2,True,,1.054087376993266,7.592698117965483,939.265625,,1,/tmp/openhcs_labmeeting_prelim/throughput_2v16_samples_1v2_jobs_20260505_042948/ExampleIlluminationCorrection_Example1_AllMethod/samples_16/workers_2/replica_002/openhcs/ExampleIlluminationCorrection_ExampleIlluminationCorrection_Example1_AllMethod_source_workspace_ExampleIlluminationCorrection_Example1_AllMethod_converted_cppipe,
ExampleIlluminationCorrection_Example1_AllMethod,2,3,True,,1.052512194000883,1.350485226008459,966.5234375,,1,/tmp/openhcs_labmeeting_prelim/throughput_2v16_samples_1v2_jobs_20260505_042948/ExampleIlluminationCorrection_Example1_AllMethod/samples_16/workers_2/replica_003/openhcs/ExampleIlluminationCorrection_ExampleIlluminationCorrection_Example1_AllMethod_source_workspace_ExampleIlluminationCorrection_Example1_AllMethod_converted_cppipe,
ExampleIlluminationCorrection_Example1_AllMethod,2,4,True,,1.0322543569927802,1.345787689977442,987.125,,1,/tmp/openhcs_labmeeting_prelim/throughput_2v16_samples_1v2_jobs_20260505_042948/ExampleIlluminationCorrection_Example1_AllMethod/samples_16/workers_2/replica_004/openhcs/ExampleIlluminationCorrection_ExampleIlluminationCorrection_Example1_AllMethod_source_workspace_ExampleIlluminationCorrection_Example1_AllMethod_converted_cppipe,
ExampleIlluminationCorrection_Example1_AllMethod,2,5,True,,0.9799089180014562,1.3123800280154683,921.671875,,1,/tmp/openhcs_labmeeting_prelim/throughput_2v16_samples_1v2_jobs_20260505_042948/ExampleIlluminationCorrection_Example1_AllMethod/samples_16/workers_2/replica_005/openhcs/ExampleIlluminationCorrection_ExampleIlluminationCorrection_Example1_AllMethod_source_workspace_ExampleIlluminationCorrection_Example1_AllMethod_converted_cppipe,
ExampleIlluminationCorrection_Example1_AllMethod,2,6,True,,0.9824773720029043,1.3267984840204008,923.39453125,,1,/tmp/openhcs_labmeeting_prelim/throughput_2v16_samples_1v2_jobs_20260505_042948/ExampleIlluminationCorrection_Example1_AllMethod/samples_16/workers_2/replica_006/openhcs/ExampleIlluminationCorrection_ExampleIlluminationCorrection_Example1_AllMethod_source_workspace_ExampleIlluminationCorrection_Example1_AllMethod_converted_cppipe,
ExampleIlluminationCorrection_Example1_AllMethod,2,7,True,,1.085825385991484,1.391422220011009,998.14453125,,1,/tmp/openhcs_labmeeting_prelim/throughput_2v16_samples_1v2_jobs_20260505_042948/ExampleIlluminationCorrection_Example1_AllMethod/samples_16/workers_2/replica_007/openhcs/ExampleIlluminationCorrection_ExampleIlluminationCorrection_Example1_AllMethod_source_workspace_ExampleIlluminationCorrection_Example1_AllMethod_converted_cppipe,
ExampleIlluminationCorrection_Example1_AllMethod,2,8,True,,0.9043725869996706,1.2067959790001623,929.46875,,1,/tmp/openhcs_labmeeting_prelim/throughput_2v16_samples_1v2_jobs_20260505_042948/ExampleIlluminationCorrection_Example1_AllMethod/samples_16/workers_2/replica_008/openhcs/ExampleIlluminationCorrection_ExampleIlluminationCorrection_Example1_AllMethod_source_workspace_ExampleIlluminationCorrection_Example1_AllMethod_converted_cppipe,
ExampleIlluminationCorrection_Example1_AllMethod,2,9,True,,1.009870993992081,1.4820199550013058,924.46484375,,1,/tmp/openhcs_labmeeting_prelim/throughput_2v16_samples_1v2_jobs_20260505_042948/ExampleIlluminationCorrection_Example1_AllMethod/samples_16/workers_2/replica_009/openhcs/ExampleIlluminationCorrection_ExampleIlluminationCorrection_Example1_AllMethod_source_workspace_ExampleIlluminationCorrection_Example1_AllMethod_converted_cppipe,
ExampleIlluminationCorrection_Example1_AllMethod,2,10,True,,1.006838911009254,1.325097029985045,973.01171875,,1,/tmp/openhcs_labmeeting_prelim/throughput_2v16_samples_1v2_jobs_20260505_042948/ExampleIlluminationCorrection_Example1_AllMethod/samples_16/workers_2/replica_010/openhcs/ExampleIlluminationCorrection_ExampleIlluminationCorrection_Example1_AllMethod_source_workspace_ExampleIlluminationCorrection_Example1_AllMethod_converted_cppipe,
ExampleIlluminationCorrection_Example1_AllMethod,2,11,True,,0.980340123991482,1.2732029279723065,924.47265625,,1,/tmp/openhcs_labmeeting_prelim/throughput_2v16_samples_1v2_jobs_20260505_042948/ExampleIlluminationCorrection_Example1_AllMethod/samples_16/workers_2/replica_011/openhcs/ExampleIlluminationCorrection_ExampleIlluminationCorrection_Example1_AllMethod_source_workspace_ExampleIlluminationCorrection_Example1_AllMethod_converted_cppipe,
ExampleIlluminationCorrection_Example1_AllMethod,2,12,True,,0.9657174390013097,1.2699664160027169,926.1640625,,1,/tmp/openhcs_labmeeting_prelim/throughput_2v16_samples_1v2_jobs_20260505_042948/ExampleIlluminationCorrection_Example1_AllMethod/samples_16/workers_2/replica_012/openhcs/ExampleIlluminationCorrection_ExampleIlluminationCorrection_Example1_AllMethod_source_workspace_ExampleIlluminationCorrection_Example1_AllMethod_converted_cppipe,
ExampleIlluminationCorrection_Example1_AllMethod,2,13,True,,1.0630563930026256,1.3604820270265918,971.546875,,1,/tmp/openhcs_labmeeting_prelim/throughput_2v16_samples_1v2_jobs_20260505_042948/ExampleIlluminationCorrection_Example1_AllMethod/samples_16/workers_2/replica_013/openhcs/ExampleIlluminationCorrection_ExampleIlluminationCorrection_Example1_AllMethod_source_workspace_ExampleIlluminationCorrection_Example1_AllMethod_converted_cppipe,
ExampleIlluminationCorrection_Example1_AllMethod,2,14,True,,1.0177150189992972,1.3428199589980068,954.1796875,,1,/tmp/openhcs_labmeeting_prelim/throughput_2v16_samples_1v2_jobs_20260505_042948/ExampleIlluminationCorrection_Example1_AllMethod/samples_16/workers_2/replica_014/openhcs/ExampleIlluminationCorrection_ExampleIlluminationCorrection_Example1_AllMethod_source_workspace_ExampleIlluminationCorrection_Example1_AllMethod_converted_cppipe,
ExampleIlluminationCorrection_Example1_AllMethod,2,15,True,,0.968180083000334,1.2810900670156116,927.04296875,,1,/tmp/openhcs_labmeeting_prelim/throughput_2v16_samples_1v2_jobs_20260505_042948/ExampleIlluminationCorrection_Example1_AllMethod/samples_16/workers_2/replica_015/openhcs/ExampleIlluminationCorrection_ExampleIlluminationCorrection_Example1_AllMethod_source_workspace_ExampleIlluminationCorrection_Example1_AllMethod_converted_cppipe,
ExampleIlluminationCorrection_Example1_AllMethod,2,16,True,,0.9633610560122179,1.2552186040120432,943.02734375,,1,/tmp/openhcs_labmeeting_prelim/throughput_2v16_samples_1v2_jobs_20260505_042948/ExampleIlluminationCorrection_Example1_AllMethod/samples_16/workers_2/replica_016/openhcs/ExampleIlluminationCorrection_ExampleIlluminationCorrection_Example1_AllMethod_source_workspace_ExampleIlluminationCorrection_Example1_AllMethod_converted_cppipe,
ExampleIlluminationCorrection_Example1_EachMethod,1,1,True,,0.046981951003544964,0.3440398609964177,1117.859375,,1,/tmp/openhcs_labmeeting_prelim/throughput_2v16_samples_1v2_jobs_20260505_042948/ExampleIlluminationCorrection_Example1_EachMethod/samples_2/workers_1/replica_001/openhcs/ExampleIlluminationCorrection_ExampleIlluminationCorrection_Example1_EachMethod_source_workspace_ExampleIlluminationCorrection_Example1_EachMethod_converted_cppipe,
ExampleIlluminationCorrection_Example1_EachMethod,1,2,True,,0.04455383200547658,0.29927831496752333,1117.8828125,,1,/tmp/openhcs_labmeeting_prelim/throughput_2v16_samples_1v2_jobs_20260505_042948/ExampleIlluminationCorrection_Example1_EachMethod/samples_2/workers_1/replica_002/openhcs/ExampleIlluminationCorrection_ExampleIlluminationCorrection_Example1_EachMethod_source_workspace_ExampleIlluminationCorrection_Example1_EachMethod_converted_cppipe,
ExampleIlluminationCorrection_Example1_EachMethod,2,1,True,,0.07499755099706817,6.332911311008502,695.4921875,,1,/tmp/openhcs_labmeeting_prelim/throughput_2v16_samples_1v2_jobs_20260505_042948/ExampleIlluminationCorrection_Example1_EachMethod/samples_2/workers_2/replica_001/openhcs/ExampleIlluminationCorrection_ExampleIlluminationCorrection_Example1_EachMethod_source_workspace_ExampleIlluminationCorrection_Example1_EachMethod_converted_cppipe,
ExampleIlluminationCorrection_Example1_EachMethod,2,2,True,,0.06607820800854824,6.4199767769896425,712.67578125,,1,/tmp/openhcs_labmeeting_prelim/throughput_2v16_samples_1v2_jobs_20260505_042948/ExampleIlluminationCorrection_Example1_EachMethod/samples_2/workers_2/replica_002/openhcs/ExampleIlluminationCorrection_ExampleIlluminationCorrection_Example1_EachMethod_source_workspace_ExampleIlluminationCorrection_Example1_EachMethod_converted_cppipe,
ExampleIlluminationCorrection_Example1_EachMethod,1,1,True,,0.048552776002907194,0.35582023198367096,1117.86328125,,1,/tmp/openhcs_labmeeting_prelim/throughput_2v16_samples_1v2_jobs_20260505_042948/ExampleIlluminationCorrection_Example1_EachMethod/samples_16/workers_1/replica_001/openhcs/ExampleIlluminationCorrection_ExampleIlluminationCorrection_Example1_EachMethod_source_workspace_ExampleIlluminationCorrection_Example1_EachMethod_converted_cppipe,
ExampleIlluminationCorrection_Example1_EachMethod,1,2,True,,0.04752789500344079,0.30824949700036086,1118.4765625,,1,/tmp/openhcs_labmeeting_prelim/throughput_2v16_samples_1v2_jobs_20260505_042948/ExampleIlluminationCorrection_Example1_EachMethod/samples_16/workers_1/replica_002/openhcs/ExampleIlluminationCorrection_ExampleIlluminationCorrection_Example1_EachMethod_source_workspace_ExampleIlluminationCorrection_Example1_EachMethod_converted_cppipe,
ExampleIlluminationCorrection_Example1_EachMethod,1,3,True,,0.049753186001908034,0.3019821259949822,1119.25390625,,1,/tmp/openhcs_labmeeting_prelim/throughput_2v16_samples_1v2_jobs_20260505_042948/ExampleIlluminationCorrection_Example1_EachMethod/samples_16/workers_1/replica_003/openhcs/ExampleIlluminationCorrection_ExampleIlluminationCorrection_Example1_EachMethod_source_workspace_ExampleIlluminationCorrection_Example1_EachMethod_converted_cppipe,
ExampleIlluminationCorrection_Example1_EachMethod,1,4,True,,0.049544661000254564,0.3039622879878152,1120.0859375,,1,/tmp/openhcs_labmeeting_prelim/throughput_2v16_samples_1v2_jobs_20260505_042948/ExampleIlluminationCorrection_Example1_EachMethod/samples_16/workers_1/replica_004/openhcs/ExampleIlluminationCorrection_ExampleIlluminationCorrection_Example1_EachMethod_source_workspace_ExampleIlluminationCorrection_Example1_EachMethod_converted_cppipe,
ExampleIlluminationCorrection_Example1_EachMethod,1,5,True,,0.05035019699425902,0.3023394440242555,1121.0546875,,1,/tmp/openhcs_labmeeting_prelim/throughput_2v16_samples_1v2_jobs_20260505_042948/ExampleIlluminationCorrection_Example1_EachMethod/samples_16/workers_1/replica_005/openhcs/ExampleIlluminationCorrection_ExampleIlluminationCorrection_Example1_EachMethod_source_workspace_ExampleIlluminationCorrection_Example1_EachMethod_converted_cppipe,
ExampleIlluminationCorrection_Example1_EachMethod,1,6,True,,0.051325644002645276,0.32652027301082853,1122.07421875,,1,/tmp/openhcs_labmeeting_prelim/throughput_2v16_samples_1v2_jobs_20260505_042948/ExampleIlluminationCorrection_Example1_EachMethod/samples_16/workers_1/replica_006/openhcs/ExampleIlluminationCorrection_ExampleIlluminationCorrection_Example1_EachMethod_source_workspace_ExampleIlluminationCorrection_Example1_EachMethod_converted_cppipe,
ExampleIlluminationCorrection_Example1_EachMethod,1,7,True,,0.06490584700077306,0.3201076290133642,1123.07421875,,1,/tmp/openhcs_labmeeting_prelim/throughput_2v16_samples_1v2_jobs_20260505_042948/ExampleIlluminationCorrection_Example1_EachMethod/samples_16/workers_1/replica_007/openhcs/ExampleIlluminationCorrection_ExampleIlluminationCorrection_Example1_EachMethod_source_workspace_ExampleIlluminationCorrection_Example1_EachMethod_converted_cppipe,
ExampleIlluminationCorrection_Example1_EachMethod,1,8,True,,0.04909065201354679,0.32368317899818067,1124.140625,,1,/tmp/openhcs_labmeeting_prelim/throughput_2v16_samples_1v2_jobs_20260505_042948/ExampleIlluminationCorrection_Example1_EachMethod/samples_16/workers_1/replica_008/openhcs/ExampleIlluminationCorrection_ExampleIlluminationCorrection_Example1_EachMethod_source_workspace_ExampleIlluminationCorrection_Example1_EachMethod_converted_cppipe,
ExampleIlluminationCorrection_Example1_EachMethod,1,9,True,,0.05037703701236751,0.6118152209965046,1125.17578125,,1,/tmp/openhcs_labmeeting_prelim/throughput_2v16_samples_1v2_jobs_20260505_042948/ExampleIlluminationCorrection_Example1_EachMethod/samples_16/workers_1/replica_009/openhcs/ExampleIlluminationCorrection_ExampleIlluminationCorrection_Example1_EachMethod_source_workspace_ExampleIlluminationCorrection_Example1_EachMethod_converted_cppipe,
ExampleIlluminationCorrection_Example1_EachMethod,1,10,True,,0.04823191498871893,0.3012324070004979,1125.1875,,1,/tmp/openhcs_labmeeting_prelim/throughput_2v16_samples_1v2_jobs_20260505_042948/ExampleIlluminationCorrection_Example1_EachMethod/samples_16/workers_1/replica_010/openhcs/ExampleIlluminationCorrection_ExampleIlluminationCorrection_Example1_EachMethod_source_workspace_ExampleIlluminationCorrection_Example1_EachMethod_converted_cppipe,
ExampleIlluminationCorrection_Example1_EachMethod,1,11,True,,0.05239687299763318,0.31337087698921096,1125.1875,,1,/tmp/openhcs_labmeeting_prelim/throughput_2v16_samples_1v2_jobs_20260505_042948/ExampleIlluminationCorrection_Example1_EachMethod/samples_16/workers_1/replica_011/openhcs/ExampleIlluminationCorrection_ExampleIlluminationCorrection_Example1_EachMethod_source_workspace_ExampleIlluminationCorrection_Example1_EachMethod_converted_cppipe,
ExampleIlluminationCorrection_Example1_EachMethod,1,12,True,,0.05057737699826248,0.3004902210086584,1125.1875,,1,/tmp/openhcs_labmeeting_prelim/throughput_2v16_samples_1v2_jobs_20260505_042948/ExampleIlluminationCorrection_Example1_EachMethod/samples_16/workers_1/replica_012/openhcs/ExampleIlluminationCorrection_ExampleIlluminationCorrection_Example1_EachMethod_source_workspace_ExampleIlluminationCorrection_Example1_EachMethod_converted_cppipe,
ExampleIlluminationCorrection_Example1_EachMethod,1,13,True,,0.051566170004662126,0.30704203799541574,1125.1875,,1,/tmp/openhcs_labmeeting_prelim/throughput_2v16_samples_1v2_jobs_20260505_042948/ExampleIlluminationCorrection_Example1_EachMethod/samples_16/workers_1/replica_013/openhcs/ExampleIlluminationCorrection_ExampleIlluminationCorrection_Example1_EachMethod_source_workspace_ExampleIlluminationCorrection_Example1_EachMethod_converted_cppipe,
ExampleIlluminationCorrection_Example1_EachMethod,1,14,True,,0.05012501099554356,0.3203050309821265,1125.1953125,,1,/tmp/openhcs_labmeeting_prelim/throughput_2v16_samples_1v2_jobs_20260505_042948/ExampleIlluminationCorrection_Example1_EachMethod/samples_16/workers_1/replica_014/openhcs/ExampleIlluminationCorrection_ExampleIlluminationCorrection_Example1_EachMethod_source_workspace_ExampleIlluminationCorrection_Example1_EachMethod_converted_cppipe,
ExampleIlluminationCorrection_Example1_EachMethod,1,15,True,,0.05089266400318593,0.3164391890022671,1125.1875,,1,/tmp/openhcs_labmeeting_prelim/throughput_2v16_samples_1v2_jobs_20260505_042948/ExampleIlluminationCorrection_Example1_EachMethod/samples_16/workers_1/replica_015/openhcs/ExampleIlluminationCorrection_ExampleIlluminationCorrection_Example1_EachMethod_source_workspace_ExampleIlluminationCorrection_Example1_EachMethod_converted_cppipe,
ExampleIlluminationCorrection_Example1_EachMethod,1,16,True,,0.05004846600058954,0.31094931199913844,1125.1875,,1,/tmp/openhcs_labmeeting_prelim/throughput_2v16_samples_1v2_jobs_20260505_042948/ExampleIlluminationCorrection_Example1_EachMethod/samples_16/workers_1/replica_016/openhcs/ExampleIlluminationCorrection_ExampleIlluminationCorrection_Example1_EachMethod_source_workspace_ExampleIlluminationCorrection_Example1_EachMethod_converted_cppipe,
ExampleIlluminationCorrection_Example1_EachMethod,2,1,True,,0.07306632299150806,6.5898281509871595,700.55859375,,1,/tmp/openhcs_labmeeting_prelim/throughput_2v16_samples_1v2_jobs_20260505_042948/ExampleIlluminationCorrection_Example1_EachMethod/samples_16/workers_2/replica_001/openhcs/ExampleIlluminationCorrection_ExampleIlluminationCorrection_Example1_EachMethod_source_workspace_ExampleIlluminationCorrection_Example1_EachMethod_converted_cppipe,
ExampleIlluminationCorrection_Example1_EachMethod,2,2,True,,0.07501814900024328,6.55433705598989,690.29296875,,1,/tmp/openhcs_labmeeting_prelim/throughput_2v16_samples_1v2_jobs_20260505_042948/ExampleIlluminationCorrection_Example1_EachMethod/samples_16/workers_2/replica_002/openhcs/ExampleIlluminationCorrection_ExampleIlluminationCorrection_Example1_EachMethod_source_workspace_ExampleIlluminationCorrection_Example1_EachMethod_converted_cppipe,
ExampleIlluminationCorrection_Example1_EachMethod,2,3,True,,0.050626019001356326,0.30517355997289997,711.5703125,,1,/tmp/openhcs_labmeeting_prelim/throughput_2v16_samples_1v2_jobs_20260505_042948/ExampleIlluminationCorrection_Example1_EachMethod/samples_16/workers_2/replica_003/openhcs/ExampleIlluminationCorrection_ExampleIlluminationCorrection_Example1_EachMethod_source_workspace_ExampleIlluminationCorrection_Example1_EachMethod_converted_cppipe,
ExampleIlluminationCorrection_Example1_EachMethod,2,4,True,,0.0491741799924057,0.30322640399390366,708.5234375,,1,/tmp/openhcs_labmeeting_prelim/throughput_2v16_samples_1v2_jobs_20260505_042948/ExampleIlluminationCorrection_Example1_EachMethod/samples_16/workers_2/replica_004/openhcs/ExampleIlluminationCorrection_ExampleIlluminationCorrection_Example1_EachMethod_source_workspace_ExampleIlluminationCorrection_Example1_EachMethod_converted_cppipe,
ExampleIlluminationCorrection_Example1_EachMethod,2,5,True,,0.04533383600937668,0.29578752400993835,718.73828125,,1,/tmp/openhcs_labmeeting_prelim/throughput_2v16_samples_1v2_jobs_20260505_042948/ExampleIlluminationCorrection_Example1_EachMethod/samples_16/workers_2/replica_005/openhcs/ExampleIlluminationCorrection_ExampleIlluminationCorrection_Example1_EachMethod_source_workspace_ExampleIlluminationCorrection_Example1_EachMethod_converted_cppipe,
ExampleIlluminationCorrection_Example1_EachMethod,2,6,True,,0.05331212699820753,0.30185277901182417,715.69140625,,1,/tmp/openhcs_labmeeting_prelim/throughput_2v16_samples_1v2_jobs_20260505_042948/ExampleIlluminationCorrection_Example1_EachMethod/samples_16/workers_2/replica_006/openhcs/ExampleIlluminationCorrection_ExampleIlluminationCorrection_Example1_EachMethod_source_workspace_ExampleIlluminationCorrection_Example1_EachMethod_converted_cppipe,
ExampleIlluminationCorrection_Example1_EachMethod,2,7,True,,0.05788771300285589,0.30985673000395764,720.38671875,,1,/tmp/openhcs_labmeeting_prelim/throughput_2v16_samples_1v2_jobs_20260505_042948/ExampleIlluminationCorrection_Example1_EachMethod/samples_16/workers_2/replica_007/openhcs/ExampleIlluminationCorrection_ExampleIlluminationCorrection_Example1_EachMethod_source_workspace_ExampleIlluminationCorrection_Example1_EachMethod_converted_cppipe,
ExampleIlluminationCorrection_Example1_EachMethod,2,8,True,,0.050255567010026425,0.29761612802394666,717.37109375,,1,/tmp/openhcs_labmeeting_prelim/throughput_2v16_samples_1v2_jobs_20260505_042948/ExampleIlluminationCorrection_Example1_EachMethod/samples_16/workers_2/replica_008/openhcs/ExampleIlluminationCorrection_ExampleIlluminationCorrection_Example1_EachMethod_source_workspace_ExampleIlluminationCorrection_Example1_EachMethod_converted_cppipe,
ExampleIlluminationCorrection_Example1_EachMethod,2,9,True,,0.057592835000832565,0.30774637301510666,721.95703125,,1,/tmp/openhcs_labmeeting_prelim/throughput_2v16_samples_1v2_jobs_20260505_042948/ExampleIlluminationCorrection_Example1_EachMethod/samples_16/workers_2/replica_009/openhcs/ExampleIlluminationCorrection_ExampleIlluminationCorrection_Example1_EachMethod_source_workspace_ExampleIlluminationCorrection_Example1_EachMethod_converted_cppipe,
ExampleIlluminationCorrection_Example1_EachMethod,2,10,True,,0.04774990199075546,0.29582919302629307,718.9140625,,1,/tmp/openhcs_labmeeting_prelim/throughput_2v16_samples_1v2_jobs_20260505_042948/ExampleIlluminationCorrection_Example1_EachMethod/samples_16/workers_2/replica_010/openhcs/ExampleIlluminationCorrection_ExampleIlluminationCorrection_Example1_EachMethod_source_workspace_ExampleIlluminationCorrection_Example1_EachMethod_converted_cppipe,
ExampleIlluminationCorrection_Example1_EachMethod,2,11,True,,0.05055108699889388,0.3188135349919321,723.61328125,,1,/tmp/openhcs_labmeeting_prelim/throughput_2v16_samples_1v2_jobs_20260505_042948/ExampleIlluminationCorrection_Example1_EachMethod/samples_16/workers_2/replica_011/openhcs/ExampleIlluminationCorrection_ExampleIlluminationCorrection_Example1_EachMethod_source_workspace_ExampleIlluminationCorrection_Example1_EachMethod_converted_cppipe,
ExampleIlluminationCorrection_Example1_EachMethod,2,12,True,,0.04412795200187247,0.3115212410048116,720.57421875,,1,/tmp/openhcs_labmeeting_prelim/throughput_2v16_samples_1v2_jobs_20260505_042948/ExampleIlluminationCorrection_Example1_EachMethod/samples_16/workers_2/replica_012/openhcs/ExampleIlluminationCorrection_ExampleIlluminationCorrection_Example1_EachMethod_source_workspace_ExampleIlluminationCorrection_Example1_EachMethod_converted_cppipe,
ExampleIlluminationCorrection_Example1_EachMethod,2,13,True,,0.05246679599804338,0.31015187098819297,725.23828125,,1,/tmp/openhcs_labmeeting_prelim/throughput_2v16_samples_1v2_jobs_20260505_042948/ExampleIlluminationCorrection_Example1_EachMethod/samples_16/workers_2/replica_013/openhcs/ExampleIlluminationCorrection_ExampleIlluminationCorrection_Example1_EachMethod_source_workspace_ExampleIlluminationCorrection_Example1_EachMethod_converted_cppipe,
ExampleIlluminationCorrection_Example1_EachMethod,2,14,True,,0.0526006599975517,0.3031193990027532,722.21875,,1,/tmp/openhcs_labmeeting_prelim/throughput_2v16_samples_1v2_jobs_20260505_042948/ExampleIlluminationCorrection_Example1_EachMethod/samples_16/workers_2/replica_014/openhcs/ExampleIlluminationCorrection_ExampleIlluminationCorrection_Example1_EachMethod_source_workspace_ExampleIlluminationCorrection_Example1_EachMethod_converted_cppipe,
ExampleIlluminationCorrection_Example1_EachMethod,2,15,True,,0.05217355000786483,0.3088601130148163,726.80859375,,1,/tmp/openhcs_labmeeting_prelim/throughput_2v16_samples_1v2_jobs_20260505_042948/ExampleIlluminationCorrection_Example1_EachMethod/samples_16/workers_2/replica_015/openhcs/ExampleIlluminationCorrection_ExampleIlluminationCorrection_Example1_EachMethod_source_workspace_ExampleIlluminationCorrection_Example1_EachMethod_converted_cppipe,
ExampleIlluminationCorrection_Example1_EachMethod,2,16,True,,0.055685341998469085,0.3021064099884825,723.78515625,,1,/tmp/openhcs_labmeeting_prelim/throughput_2v16_samples_1v2_jobs_20260505_042948/ExampleIlluminationCorrection_Example1_EachMethod/samples_16/workers_2/replica_016/openhcs/ExampleIlluminationCorrection_ExampleIlluminationCorrection_Example1_EachMethod_source_workspace_ExampleIlluminationCorrection_Example1_EachMethod_converted_cppipe,
ExampleIlluminationCorrection_Example2,1,1,True,,1.4423833360051503,1.9569188650202705,1152.63671875,,1,/tmp/openhcs_labmeeting_prelim/throughput_2v16_samples_1v2_jobs_20260505_042948/ExampleIlluminationCorrection_Example2/samples_2/workers_1/replica_001/openhcs/ExampleIlluminationCorrection_ExampleIlluminationCorrection_Example2_source_workspace_ExampleIlluminationCorrection_Example2_converted_cppipe,
ExampleIlluminationCorrection_Example2,1,2,True,,1.4368416499928571,1.9259006929933093,1152.63671875,,1,/tmp/openhcs_labmeeting_prelim/throughput_2v16_samples_1v2_jobs_20260505_042948/ExampleIlluminationCorrection_Example2/samples_2/workers_1/replica_002/openhcs/ExampleIlluminationCorrection_ExampleIlluminationCorrection_Example2_source_workspace_ExampleIlluminationCorrection_Example2_converted_cppipe,
ExampleIlluminationCorrection_Example2,2,1,True,,1.7678125709935557,8.457476165989647,920.23828125,,1,/tmp/openhcs_labmeeting_prelim/throughput_2v16_samples_1v2_jobs_20260505_042948/ExampleIlluminationCorrection_Example2/samples_2/workers_2/replica_001/openhcs/ExampleIlluminationCorrection_ExampleIlluminationCorrection_Example2_source_workspace_ExampleIlluminationCorrection_Example2_converted_cppipe,
ExampleIlluminationCorrection_Example2,2,2,True,,1.7123017789999722,8.443323846993735,920.10546875,,1,/tmp/openhcs_labmeeting_prelim/throughput_2v16_samples_1v2_jobs_20260505_042948/ExampleIlluminationCorrection_Example2/samples_2/workers_2/replica_002/openhcs/ExampleIlluminationCorrection_ExampleIlluminationCorrection_Example2_source_workspace_ExampleIlluminationCorrection_Example2_converted_cppipe,
ExampleIlluminationCorrection_Example2,1,1,True,,1.4288302839995595,1.9338007740298053,1152.63671875,,1,/tmp/openhcs_labmeeting_prelim/throughput_2v16_samples_1v2_jobs_20260505_042948/ExampleIlluminationCorrection_Example2/samples_16/workers_1/replica_001/openhcs/ExampleIlluminationCorrection_ExampleIlluminationCorrection_Example2_source_workspace_ExampleIlluminationCorrection_Example2_converted_cppipe,
ExampleIlluminationCorrection_Example2,1,2,True,,1.4525887439958751,1.9346116380038438,1152.63671875,,1,/tmp/openhcs_labmeeting_prelim/throughput_2v16_samples_1v2_jobs_20260505_042948/ExampleIlluminationCorrection_Example2/samples_16/workers_1/replica_002/openhcs/ExampleIlluminationCorrection_ExampleIlluminationCorrection_Example2_source_workspace_ExampleIlluminationCorrection_Example2_converted_cppipe,
ExampleIlluminationCorrection_Example2,1,3,True,,1.4149172510078643,1.925278189999517,1152.93359375,,1,/tmp/openhcs_labmeeting_prelim/throughput_2v16_samples_1v2_jobs_20260505_042948/ExampleIlluminationCorrection_Example2/samples_16/workers_1/replica_003/openhcs/ExampleIlluminationCorrection_ExampleIlluminationCorrection_Example2_source_workspace_ExampleIlluminationCorrection_Example2_converted_cppipe,
ExampleIlluminationCorrection_Example2,1,4,True,,1.3999169790040469,1.8830557279579807,1153.41796875,,1,/tmp/openhcs_labmeeting_prelim/throughput_2v16_samples_1v2_jobs_20260505_042948/ExampleIlluminationCorrection_Example2/samples_16/workers_1/replica_004/openhcs/ExampleIlluminationCorrection_ExampleIlluminationCorrection_Example2_source_workspace_ExampleIlluminationCorrection_Example2_converted_cppipe,
ExampleIlluminationCorrection_Example2,1,5,True,,1.4187666310026543,2.231920982012525,1154.33203125,,1,/tmp/openhcs_labmeeting_prelim/throughput_2v16_samples_1v2_jobs_20260505_042948/ExampleIlluminationCorrection_Example2/samples_16/workers_1/replica_005/openhcs/ExampleIlluminationCorrection_ExampleIlluminationCorrection_Example2_source_workspace_ExampleIlluminationCorrection_Example2_converted_cppipe,
ExampleIlluminationCorrection_Example2,1,6,True,,1.4212262299988652,1.9132895009970525,1154.1796875,,1,/tmp/openhcs_labmeeting_prelim/throughput_2v16_samples_1v2_jobs_20260505_042948/ExampleIlluminationCorrection_Example2/samples_16/workers_1/replica_006/openhcs/ExampleIlluminationCorrection_ExampleIlluminationCorrection_Example2_source_workspace_ExampleIlluminationCorrection_Example2_converted_cppipe,
ExampleIlluminationCorrection_Example2,1,7,True,,1.4050163569918368,1.878805715998169,1154.1796875,,1,/tmp/openhcs_labmeeting_prelim/throughput_2v16_samples_1v2_jobs_20260505_042948/ExampleIlluminationCorrection_Example2/samples_16/workers_1/replica_007/openhcs/ExampleIlluminationCorrection_ExampleIlluminationCorrection_Example2_source_workspace_ExampleIlluminationCorrection_Example2_converted_cppipe,
ExampleIlluminationCorrection_Example2,1,8,True,,1.3926986759906868,1.8714852989796782,1154.1796875,,1,/tmp/openhcs_labmeeting_prelim/throughput_2v16_samples_1v2_jobs_20260505_042948/ExampleIlluminationCorrection_Example2/samples_16/workers_1/replica_008/openhcs/ExampleIlluminationCorrection_ExampleIlluminationCorrection_Example2_source_workspace_ExampleIlluminationCorrection_Example2_converted_cppipe,
ExampleIlluminationCorrection_Example2,1,9,True,,1.3951594370009843,1.9202500160172349,1154.1796875,,1,/tmp/openhcs_labmeeting_prelim/throughput_2v16_samples_1v2_jobs_20260505_042948/ExampleIlluminationCorrection_Example2/samples_16/workers_1/replica_009/openhcs/ExampleIlluminationCorrection_ExampleIlluminationCorrection_Example2_source_workspace_ExampleIlluminationCorrection_Example2_converted_cppipe,
ExampleIlluminationCorrection_Example2,1,10,True,,1.417974771000445,1.9320141390053323,1154.1796875,,1,/tmp/openhcs_labmeeting_prelim/throughput_2v16_samples_1v2_jobs_20260505_042948/ExampleIlluminationCorrection_Example2/samples_16/workers_1/replica_010/openhcs/ExampleIlluminationCorrection_ExampleIlluminationCorrection_Example2_source_workspace_ExampleIlluminationCorrection_Example2_converted_cppipe,
ExampleIlluminationCorrection_Example2,1,11,True,,1.4194983060006052,1.8913016039587092,1154.1796875,,1,/tmp/openhcs_labmeeting_prelim/throughput_2v16_samples_1v2_jobs_20260505_042948/ExampleIlluminationCorrection_Example2/samples_16/workers_1/replica_011/openhcs/ExampleIlluminationCorrection_ExampleIlluminationCorrection_Example2_source_workspace_ExampleIlluminationCorrection_Example2_converted_cppipe,
ExampleIlluminationCorrection_Example2,1,12,True,,1.422106645986787,1.9065021349670133,1154.1796875,,1,/tmp/openhcs_labmeeting_prelim/throughput_2v16_samples_1v2_jobs_20260505_042948/ExampleIlluminationCorrection_Example2/samples_16/workers_1/replica_012/openhcs/ExampleIlluminationCorrection_ExampleIlluminationCorrection_Example2_source_workspace_ExampleIlluminationCorrection_Example2_converted_cppipe,
ExampleIlluminationCorrection_Example2,1,13,True,,1.3933413920021849,1.8830008990044007,1154.1796875,,1,/tmp/openhcs_labmeeting_prelim/throughput_2v16_samples_1v2_jobs_20260505_042948/ExampleIlluminationCorrection_Example2/samples_16/workers_1/replica_013/openhcs/ExampleIlluminationCorrection_ExampleIlluminationCorrection_Example2_source_workspace_ExampleIlluminationCorrection_Example2_converted_cppipe,
ExampleIlluminationCorrection_Example2,1,14,True,,1.4202558399992995,1.9112258409732021,1154.421875,,1,/tmp/openhcs_labmeeting_prelim/throughput_2v16_samples_1v2_jobs_20260505_042948/ExampleIlluminationCorrection_Example2/samples_16/workers_1/replica_014/openhcs/ExampleIlluminationCorrection_ExampleIlluminationCorrection_Example2_source_workspace_ExampleIlluminationCorrection_Example2_converted_cppipe,
ExampleIlluminationCorrection_Example2,1,15,True,,1.4214384690130828,1.912895952045801,1154.91015625,,1,/tmp/openhcs_labmeeting_prelim/throughput_2v16_samples_1v2_jobs_20260505_042948/ExampleIlluminationCorrection_Example2/samples_16/workers_1/replica_015/openhcs/ExampleIlluminationCorrection_ExampleIlluminationCorrection_Example2_source_workspace_ExampleIlluminationCorrection_Example2_converted_cppipe,
ExampleIlluminationCorrection_Example2,1,16,True,,1.4512747109984048,1.927502999009448,1155.3984375,,1,/tmp/openhcs_labmeeting_prelim/throughput_2v16_samples_1v2_jobs_20260505_042948/ExampleIlluminationCorrection_Example2/samples_16/workers_1/replica_016/openhcs/ExampleIlluminationCorrection_ExampleIlluminationCorrection_Example2_source_workspace_ExampleIlluminationCorrection_Example2_converted_cppipe,
