case_name,mode_name,worker_count,well_count,compile_seconds,prepare_seconds,execute_seconds,total_seconds,wells_per_second,successful_wells,native_single_sample_execution_seconds,projected_native_execution_seconds,projected_execution_speedup,peak_memory_mb,status,memory_limit_mb,error_message
ExampleColocalization,2w_2c,2,2,3.5373306369874626,0.0,5.100792048033327,8.7004216540372,0.39209596885470455,2,48.93594650994055,97.8718930198811,19.18758735863714,2448.65234375,success,,
ExampleCometAssay,2w_2c,2,2,0.5674594190204516,0.0,4.318055287003517,4.902942204033025,0.46317146656727626,2,15.649703019065782,31.299406038131565,7.2484958986830295,2335.3671875,success,,
ExampleFly,2w_2c,2,2,0.4955745729384944,0.0,2.395803389023058,2.9270247999811545,0.8347930423520873,2,9.218601097003557,18.437202194007114,7.695624055997889,2252.12109375,success,,
ExampleFlyURL,2w_2c,2,2,0.3440127039793879,0.0,1.238326405058615,1.6331993619678542,1.615083060354618,2,5.407788787037134,10.815577574074268,8.734028063919322,2191.06640625,success,,
ExampleHuman,2w_2c,2,2,0.3111562919802964,0.0,1.0778593990253285,1.4010695619508624,1.8555295818810245,2,5.046770330984145,10.09354066196829,9.364431642100572,2047.875,success,,
ExampleIlluminationCorrection_Example1_AllMethod,2w_2c,2,2,0.2434251040685922,0.0,0.7290705579798669,1.0114194670459256,2.7432187160892454,2,23.845759848016314,47.69151969603263,65.41413471444778,1979.29296875,success,,
ExampleIlluminationCorrection_Example1_EachMethod,2w_2c,2,2,0.2316791359335184,0.0,0.5242454059189186,0.7941216299077496,3.8150072035334657,2,4.95255577005446,9.90511154010892,18.894035938658995,1961.79296875,success,,
ExampleIlluminationCorrection_Example2,2w_2c,2,2,0.3142247019568458,0.0,2.8032754320884123,3.1825490610208362,0.7134511211800618,2,49.62061384797562,99.24122769595124,35.401882583481104,2304.87890625,success,,
ExampleIlluminationCorrection_Example3,2w_2c,2,2,0.6194560709409416,0.0,0.802526718005538,1.4589217440225184,2.492128866401428,2,2.5101164190564305,5.020232838112861,6.255533585958714,2081.49609375,success,,
ExampleImagingFlowCytometryObjectsInGrid,2w_2c,2,2,0.6067142860265449,0.0,16.837818523985334,17.476583205978386,0.1187802325551268,2,74.15655832295306,148.31311664590612,8.808333243088189,5569.109375,success,,
ExampleNeighbors,2w_2c,2,2,0.30927981401328,0.0,1.1473540579900146,1.4794542150339112,1.7431410871581248,2,4.998261964996345,9.99652392999269,8.712675795564834,2153.72265625,success,,
ExamplePercentPositive,2w_2c,2,2,0.31292188295628875,0.0,0.9516550409607589,1.3212743629701436,2.1016018556270843,2,2.9019863170105964,5.803972634021193,6.098819828833878,2104.73828125,success,,
ExampleSpeckles,2w_2c,2,2,0.31003898195922375,0.0,1.238188904011622,1.5732553290436044,1.6152624155491764,2,3.7868143749656156,7.573628749931231,6.1166989345433045,2330.77734375,success,,
ExampleTrackObjects,2w_2c,2,2,0.28055170096922666,0.0,2.7717416909290478,3.062867450993508,0.7215679608764801,2,10.91889769793488,21.83779539586976,7.878726746917765,2310.00390625,success,,
ExampleTumor,2w_2c,2,2,0.25142500398214906,0.0,1.5433700720313936,1.7961070709861815,1.2958654805114804,2,5.267196976928972,10.534393953857943,6.825578741456678,2405.875,success,,
ExampleUntangleAndStraightenWorms,2w_2c,2,2,0.32095560792367905,0.0,1.2180586229078472,1.5431672770064324,1.641957096634183,2,3.9757227909285575,7.951445581857115,6.527966250815406,2181.421875,success,,
ExampleUntangleWorms,2w_2c,2,2,0.3601790099637583,0.0,1.0601268600439653,1.4256903879577294,1.8865666698767132,2,3.7546325019793585,7.509265003958717,7.0833645358700705,2153.94921875,success,,
ExampleUntangleWormsBrightField,2w_2c,2,2,0.4564927429892123,0.0,2.605280937976204,3.0761860880302265,0.767671528565979,2,8.755023359903134,17.51004671980627,6.720982165327693,2355.3671875,success,,
ExampleVitra,2w_2c,2,2,0.3140462409937754,0.0,1.6030305669410154,1.948656721971929,1.24763684563826,2,4.7962324189720675,9.592464837944135,5.983956286154272,2404.93359375,success,,
ExampleWoundHealing,2w_2c,2,2,0.26486231305170804,0.0,1.934720775927417,2.2523039859952405,1.0337409019868984,2,900.0,1800.0,930.3668117882086,3109.875,success,,
ExampleYeastColonies,2w_2c,2,2,0.4132497070822865,0.0,3.406802885932848,3.8772062150528654,0.5870606744693894,2,15.847964417072944,31.69592883414589,9.303716679653727,2788.55078125,success,,
ExampleYeastPatches,2w_2c,2,2,0.3816587420878932,0.0,1.8056861930526793,2.207100924104452,1.1076121685456404,2,7.491444787941873,14.982889575883746,8.297615407112234,2518.09765625,success,,
cp_tutorial_3d_monolayer,2w_2c,2,2,0.5318101149750873,0.0,4.500452978070825,5.049602325074375,0.44439971037256004,2,16.86580688902177,33.73161377804354,7.495159696680802,4281.98828125,success,,
cp_tutorial_advanced_segmentation_final,2w_2c,2,2,0.49439858505502343,0.0,8.82781114790123,9.34358351607807,0.22655672697251691,2,39.616525655961595,79.23305131192319,8.975390386637402,3270.55859375,success,,
cp_tutorial_quality_control,2w_2c,2,2,0.25128147890791297,0.0,1.0096194149227813,1.2916779679944739,1.9809444731735533,2,5.391568231047131,10.783136462094262,10.680397289030925,2361.08984375,success,,
cp_tutorial_beginner_segmentation_final,2w_2c,2,2,0.3573192789917812,0.0,4.320470507023856,4.683325681020506,0.4629125454620206,2,18.625088742002845,37.25017748400569,8.62178723901656,2732.00390625,success,,
cp_tutorial_pixel_based_classification,2w_2c,2,2,0.291194636025466,0.0,1.3576812270330265,1.6752292979508638,1.4730998412422982,2,5.106353026931174,10.212706053862348,7.5221678332994415,2689.0625,success,,
cp_tutorial_translocation_final,2w_2c,2,2,0.30595416005235165,0.0,1.117689962964505,1.4261991219827905,1.7894049926826756,2,3.5820830130251125,7.164166026050225,6.409797227710938,2412.31640625,success,,
cp4_supplement_combine_objects,2w_2c,2,2,0.24330930795986205,0.0,0.6165715620154515,0.890272072982043,3.243743505559018,2,2.078912112978287,4.157824225956574,6.743457665101293,2334.76953125,success,,
cp_tutorial_translocation_start,2w_2c,2,2,0.23614706296939403,0.0,0.9610116969561204,1.2325526779750362,2.0811401217433043,2,2.469631485058926,4.939262970117852,5.139649169476631,2443.234375,success,,
ExampleColocalization,4w_2c,2,4,0.5390424360521138,0.0,10.32853558799252,10.868527253041975,0.38727658591312947,4,48.93594650994055,195.7437860397622,18.9517462927973,2510.38671875,success,,
ExampleCometAssay,4w_2c,2,4,0.36193326802458614,0.0,8.207706121960655,8.583947711042129,0.48734688359486256,4,15.649703019065782,62.59881207626313,7.6268339955268205,2399.32421875,success,,
ExampleFly,4w_2c,2,4,0.47052565799094737,0.0,4.351002100971527,4.850567052024417,0.9193284459933603,4,9.218601097003557,36.87440438801423,8.474922220740966,2286.6328125,success,,
ExampleFlyURL,4w_2c,2,4,0.3537016250193119,0.0,2.2929042779142037,2.6660627860110253,1.7445124240592798,4,5.407788787037134,21.631155148148537,9.433954725674743,2206.0078125,success,,
ExampleHuman,4w_2c,2,4,0.3498723719967529,0.0,1.8426840889733285,2.209569524973631,2.170746480059229,4,5.046770330984145,20.18708132393658,10.955258931651183,2069.390625,success,,
ExampleIlluminationCorrection_Example1_AllMethod,4w_2c,2,4,0.272951157996431,0.0,1.2639550770400092,1.5694387929979712,3.1646694353785043,4,23.845759848016314,95.38303939206526,75.4639473543932,1999.99609375,success,,
ExampleIlluminationCorrection_Example1_EachMethod,4w_2c,2,4,0.24641435605008155,0.0,0.9916121000424027,1.2515338798984885,4.033835407846429,4,4.95255577005446,19.81022308021784,19.977794824579817,1981.875,success,,
ExampleIlluminationCorrection_Example2,4w_2c,2,4,0.34081552794668823,0.0,5.368501771939918,5.764317361987196,0.7450868361275761,4,49.62061384797562,198.48245539190248,36.971666178696346,2353.96484375,success,,
ExampleIlluminationCorrection_Example3,4w_2c,2,4,0.3302144870394841,0.0,1.121125495992601,1.4894778090529144,3.5678432203154524,4,2.5101164190564305,10.040465676225722,8.955701847932986,2097.40625,success,,
ExampleImagingFlowCytometryObjectsInGrid,4w_2c,2,4,0.6043489160947502,0.0,25.383302271016873,26.048904294031672,0.15758390918928128,4,74.15655832295306,296.62623329181224,11.685880352553875,5797.0,success,,
ExampleNeighbors,4w_2c,2,4,0.34699899703264236,0.0,1.7927567890146747,2.16810233599972,2.23120058700124,4,4.998261964996345,19.99304785998538,11.152125030285816,2169.87109375,success,,
ExamplePercentPositive,4w_2c,2,4,0.6723356439033523,0.0,1.3727871209848672,2.065008920035325,2.9137802495774534,4,2.9019863170105964,11.607945268042386,8.45575041504949,2107.69921875,success,,
ExampleSpeckles,4w_2c,2,4,0.38425060303416103,0.0,2.160527055966668,2.590149977011606,1.8514000965427906,4,3.7868143749656156,15.147257499862462,7.010908499400968,2349.09765625,success,,
ExampleTrackObjects,4w_2c,2,4,0.3241734729381278,0.0,5.197239205008373,5.5445756810950115,0.7696393878013849,4,10.91889769793488,43.67559079173952,8.403613739704552,2433.20703125,success,,
ExampleTumor,4w_2c,2,4,0.2846034050453454,0.0,2.3210728149861097,2.6188366460846737,1.723341023243141,4,5.267196976928972,21.068787907715887,9.077176627843953,2503.91015625,success,,
ExampleUntangleAndStraightenWorms,4w_2c,2,4,0.3449270509881899,0.0,2.5664304960519075,2.95114138990175,1.5585849708976875,4,3.9757227909285575,15.90289116371423,6.196501790396659,2196.17578125,success,,
ExampleUntangleWorms,4w_2c,2,4,0.39590446604415774,0.0,2.018395594903268,2.4158524599624798,1.9817720619786137,4,3.7546325019793585,15.018530007917434,7.4408257954195545,2178.234375,success,,
ExampleUntangleWormsBrightField,4w_2c,2,4,0.46810103894677013,0.0,4.726646481081843,5.254406096995808,0.8462659553681012,4,8.755023359903134,35.02009343961254,7.40907820793847,2384.1015625,success,,
ExampleVitra,4w_2c,2,4,0.33794469595886767,0.0,2.683066275087185,3.0606353509938344,1.4908316045491725,4,4.7962324189720675,19.18492967588827,7.150374872966887,2472.29296875,success,,
ExampleWoundHealing,4w_2c,2,4,0.3011016530217603,0.0,3.5028375040274113,3.870680678053759,1.1419313614750821,4,900.0,3600.0,1027.738225327574,3164.421875,success,,
ExampleYeastColonies,4w_2c,2,4,0.4662356049520895,0.0,6.44199513096828,6.921780388918705,0.620925647827798,4,15.847964417072944,63.39185766829178,9.84040757242291,2854.61328125,success,,
ExampleYeastPatches,4w_2c,2,4,0.43172246497124434,0.0,3.1604457780485973,3.596845049993135,1.2656442416391593,4,7.491444787941873,29.965779151767492,9.481503957416326,2570.7578125,success,,
cp_tutorial_3d_monolayer,4w_2c,2,4,0.5740431169979274,0.0,8.452565899002366,9.060111150029115,0.4732290818900459,4,16.86580688902177,67.46322755608708,7.981390309426583,4694.765625,success,,
cp_tutorial_advanced_segmentation_final,4w_2c,2,4,0.5032090429449454,0.0,16.317481260979548,16.844233194948174,0.2451358721376511,4,39.616525655961595,158.46610262384638,9.711431567737776,3534.34375,success,,
cp_tutorial_quality_control,4w_2c,2,4,0.258049426949583,0.0,1.9545613679802045,2.2280892729759216,2.0464949658416205,4,5.391568231047131,21.566272924188524,11.033817242829565,2396.09375,success,,
cp_tutorial_beginner_segmentation_final,4w_2c,2,4,0.38895351509563625,0.0,7.972355691948906,8.380721353925765,0.5017337603287703,4,18.625088742002845,74.50035496801138,9.344835810982133,2824.1875,success,,
cp_tutorial_pixel_based_classification,4w_2c,2,4,0.31360343797132373,0.0,2.3573449651012197,2.6775794220156968,1.6968242065616594,4,5.106353026931174,20.425412107724696,8.664583423346217,2793.46875,success,,
cp_tutorial_translocation_final,4w_2c,2,4,0.31904157903045416,0.0,1.6199306689668447,1.9449356120312586,2.4692414784338332,4,3.5820830130251125,14.32833205210045,8.845027954954848,2445.6875,success,,
cp4_supplement_combine_objects,4w_2c,2,4,0.24283613206353039,0.0,0.9494120971066877,1.2154234739718959,4.213133593083458,4,2.078912112978287,8.315648451913148,8.758734460256933,2339.35546875,success,,
cp_tutorial_translocation_start,4w_2c,2,4,0.24377309693954885,0.0,1.256848224089481,1.5286153830820695,3.1825640704531253,4,2.469631485058926,9.878525940235704,7.859760431608332,2461.9453125,success,,
ExampleColocalization,6w_2c,2,6,0.5908716149860993,0.0,14.853135084034875,15.499101080931723,0.4039551223397405,6,48.93594650994055,293.6156790596433,19.767926259234034,2589.84765625,success,,
ExampleCometAssay,6w_2c,2,6,0.39393086289055645,0.0,12.595158395008184,13.021748077007942,0.47637352479647804,6,15.649703019065782,93.8982181143947,7.455104189210451,2417.26171875,success,,
ExampleFly,6w_2c,2,6,0.48369002307299525,0.0,6.734606491983868,7.264370752964169,0.8909206509900374,6,9.218601097003557,55.31160658202134,8.213042090559881,2317.3125,success,,
ExampleFlyURL,6w_2c,2,6,0.39799056097399443,0.0,3.5836493469541892,4.0024750620359555,1.674270950951022,6,5.407788787037134,32.446732722222805,9.054103675014938,2255.23828125,success,,
ExampleHuman,6w_2c,2,6,0.3586043909890577,0.0,2.79715400992427,3.212845908012241,2.145037412567227,6,5.046770330984145,30.280621985904872,10.825511172595279,2078.3515625,success,,
ExampleIlluminationCorrection_Example1_AllMethod,6w_2c,2,6,0.26295772998128086,0.0,1.8228059579851106,2.0889359560096636,3.2916284773571114,6,23.845759848016314,143.07455908809789,78.49138217994928,2003.53125,success,,
ExampleIlluminationCorrection_Example1_EachMethod,6w_2c,2,6,0.2436556899920106,0.0,1.2668894439702854,1.5612468470353633,4.736009151040593,6,4.95255577005446,29.715334620326757,23.45534944801681,1987.765625,success,,
ExampleIlluminationCorrection_Example2,6w_2c,2,6,0.3920037019997835,0.0,7.953707370907068,8.390251694945619,0.7543651935129894,6,49.62061384797562,297.7236830878537,37.43206396766144,2364.8671875,success,,
ExampleIlluminationCorrection_Example3,6w_2c,2,6,0.371389486012049,0.0,1.5589705220190808,1.9866896300809458,3.8486936829499356,6,2.5101164190564305,15.060698514338583,9.660669205491397,2099.61328125,success,,
ExampleImagingFlowCytometryObjectsInGrid,6w_2c,2,6,0.6690581880975515,0.0,33.7572716709692,34.46321474201977,0.1777394825767249,6,74.15655832295306,444.93934993771836,13.1805483059924,6186.7890625,success,,
ExampleNeighbors,6w_2c,2,6,0.3508080510655418,0.0,2.7942603059345856,3.1963467929745093,2.1472587887595544,6,4.998261964996345,29.989571789978072,10.732561932861003,2186.17578125,success,,
ExamplePercentPositive,6w_2c,2,6,0.35179139394313097,0.0,1.5805267320247367,1.9579685190692544,3.7962027964650042,6,2.9019863170105964,17.41191790206358,11.016528571938805,2109.734375,success,,
ExampleSpeckles,6w_2c,2,6,0.35730451601557434,0.0,3.2491393020609394,3.648391428985633,1.8466428928406304,6,3.7868143749656156,22.720886249793693,6.992893852036988,2367.42578125,success,,
ExampleTrackObjects,6w_2c,2,6,0.31785007601138204,0.0,7.896802664035931,8.263195091974922,0.7598011822336073,6,10.91889769793488,65.51338618760929,8.296191379578735,2450.91015625,success,,
ExampleTumor,6w_2c,2,6,0.28748626494780183,0.0,3.409323013969697,3.7084248489700258,1.7598801801457378,6,5.267196976928972,31.60318186157383,9.269635564620843,2533.2265625,success,,
ExampleUntangleAndStraightenWorms,6w_2c,2,6,0.7465907159494236,0.0,3.13874888792634,3.9103019430767745,1.9115896856482797,6,3.9757227909285575,23.854336745571345,7.599950680135823,2200.421875,success,,
ExampleUntangleWorms,6w_2c,2,6,0.4159419370116666,0.0,2.842393613071181,3.266442997031845,2.110896946998503,6,3.7546325019793585,22.52779501187615,7.9256422855295785,2190.08203125,success,,
ExampleUntangleWormsBrightField,6w_2c,2,6,0.49896654998883605,0.0,6.883908212999813,7.405139964888804,0.8715979083900901,6,8.755023359903134,52.530140159418806,7.630860048397951,2388.08203125,success,,
ExampleVitra,6w_2c,2,6,0.3527277949033305,0.0,3.7479157861089334,4.153683453099802,1.6008897591130693,6,4.7962324189720675,28.777394513832405,7.678239361858487,2525.58203125,success,,
ExampleWoundHealing,6w_2c,2,6,0.6422717469977215,0.0,4.697970608947799,5.375344682019204,1.2771471981055702,6,900.0,5400.0,1149.4324782950132,3214.3828125,success,,
ExampleYeastColonies,6w_2c,2,6,0.47728311899118125,0.0,9.660018043010496,10.193300339044072,0.6211168522962852,6,15.847964417072944,95.08778650243767,9.843437774035879,2887.85546875,success,,
ExampleYeastPatches,6w_2c,2,6,0.4517943219980225,0.0,4.5279858589638025,5.0206578250508755,1.3250924775134032,6,7.491444787941873,44.94866872765124,9.926857134208769,2580.40625,success,,
cp_tutorial_3d_monolayer,6w_2c,2,6,0.6481696269474924,0.0,12.918412924045697,13.614107555011287,0.46445333767214514,6,16.86580688902177,101.19484133413061,7.83338030214002,4700.58984375,success,,
cp_tutorial_advanced_segmentation_final,6w_2c,2,6,0.5698046969482675,0.0,23.051978586940095,23.62596479500644,0.26028134536786574,6,39.616525655961595,237.69915393576957,10.311442596534253,3682.19921875,success,,
cp_tutorial_quality_control,6w_2c,2,6,0.2765665400074795,0.0,2.667563337017782,3.0002456929069012,2.2492436887019656,6,5.391568231047131,32.34940938628279,12.12695081588878,2396.1171875,success,,
cp_tutorial_beginner_segmentation_final,6w_2c,2,6,0.43628455291036516,0.0,11.625448519014753,12.073461264953949,0.5161091195910689,6,18.625088742002845,111.75053245201707,9.612578152940618,2912.04296875,success,,
cp_tutorial_pixel_based_classification,6w_2c,2,6,0.3256967730121687,0.0,3.4374347110278904,3.775064176064916,1.7454876977738523,6,5.106353026931174,30.638118161587045,8.913076388998638,2853.9765625,success,,
cp_tutorial_translocation_final,6w_2c,2,6,0.34464144601952285,0.0,2.5345173249952495,2.882541066966951,2.3673146523120514,6,3.5820830130251125,21.492498078150675,8.47991760253245,2448.234375,success,,
cp4_supplement_combine_objects,6w_2c,2,6,0.285449524060823,0.0,1.42962698393967,1.7709068930707872,4.19689895854204,6,2.078912112978287,12.473472677869722,8.724984081859006,2344.0390625,success,,
cp_tutorial_translocation_start,6w_2c,2,6,0.26051495608408004,0.0,1.8335830239811912,2.1550658360356465,3.272281604665177,6,2.469631485058926,14.817788910353556,8.081329678860266,2469.93359375,success,,
ExampleColocalization,8w_2c,2,8,0.7302630909252912,0.0,15.753985758987255,16.486653365078382,0.5078079999809699,8,48.93594650994055,391.4875720795244,24.850065124388635,2657.08203125,success,,
ExampleCometAssay,8w_2c,2,8,0.3976325939875096,0.0,16.510306140989996,16.91671391692944,0.4845458304457764,8,15.649703019065782,125.19762415252626,7.582998345603004,2446.35546875,success,,
ExampleFly,8w_2c,2,8,0.5258583020186052,0.0,8.622831447981298,9.211556414025836,0.9277694975555727,8,9.218601097003557,73.74880877602845,8.55273690793224,2378.69140625,success,,
ExampleFlyURL,8w_2c,2,8,0.641459068050608,0.0,4.293739084969275,4.997235054965131,1.8631779532214512,8,5.407788787037134,43.26231029629707,10.075672843685762,2289.609375,success,,
ExampleHuman,8w_2c,2,8,0.375487818964757,0.0,3.5185942760435864,3.91050884895958,2.2736352566899076,8,5.046770330984145,40.37416264787316,11.474514956942148,2090.02734375,success,,
ExampleIlluminationCorrection_Example1_AllMethod,8w_2c,2,8,0.29393053392414004,0.0,2.507255832082592,2.851671217009425,3.190739412242185,8,23.845759848016314,190.7660787841305,76.08560576192787,2007.71875,success,,
ExampleIlluminationCorrection_Example1_EachMethod,8w_2c,2,8,0.26882973208557814,0.0,1.5254026249749586,1.8271736400201917,5.244517000966437,8,4.95255577005446,39.62044616043568,25.973762934285034,1993.20703125,success,,
ExampleIlluminationCorrection_Example2,8w_2c,2,8,0.41169761295896024,0.0,10.671671992051415,11.101243098033592,0.7496482281275739,8,49.62061384797562,396.96491078380495,37.19800524973748,2370.9375,success,,
ExampleIlluminationCorrection_Example3,8w_2c,2,8,0.38749205600470304,0.0,2.0250431939493865,2.419448633911088,3.9505330177169298,8,2.5101164190564305,20.080931352451444,9.916297791795815,2099.47265625,success,,
ExampleImagingFlowCytometryObjectsInGrid,8w_2c,2,8,0.7255031779641286,0.0,42.159009197028354,42.92061966401525,0.1897577801843572,8,74.15655832295306,593.2524665836245,14.071783893475391,6546.3984375,success,,
ExampleNeighbors,8w_2c,2,8,0.35631977091543376,0.0,3.671395993907936,4.055848177988082,2.1790076617381113,8,4.998261964996345,39.98609571997076,10.891251117101223,2202.07421875,success,,
ExamplePercentPositive,8w_2c,2,8,0.3746585550252348,0.0,2.3504990049405023,2.747945461072959,3.4035326044320118,8,2.9019863170105964,23.21589053608477,9.877005047561136,2115.7578125,success,,
ExampleSpeckles,8w_2c,2,8,0.3745624830480665,0.0,4.196555091999471,4.598872314905748,1.9063255038046831,8,3.7868143749656156,30.294514999724925,7.218900821171143,2380.44921875,success,,
ExampleTrackObjects,8w_2c,2,8,0.332207950996235,0.0,10.655470084981062,11.002457540016621,0.7507880868884461,8,10.91889769793488,87.35118158347905,8.197778313563187,2469.87109375,success,,
ExampleTumor,8w_2c,2,8,0.2963980849599466,0.0,4.545638859970495,4.908853949978948,1.7599286363131643,8,5.267196976928972,42.137575815431774,9.269890792799426,2538.546875,success,,
ExampleUntangleAndStraightenWorms,8w_2c,2,8,0.3943032519891858,0.0,3.9407369090477005,4.392095586983487,2.0300771618710374,8,3.9757227909285575,31.80578232742846,8.071024039794246,2214.51953125,success,,
ExampleUntangleWorms,8w_2c,2,8,0.4565950169926509,0.0,3.742564626969397,4.224010101053864,2.137571638002182,8,3.7546325019793585,30.037060015834868,8.025795947352249,2194.8984375,success,,
ExampleUntangleWormsBrightField,8w_2c,2,8,0.5473976309876889,0.0,8.997534185065888,9.612044912064448,0.8891324929088243,8,8.755023359903134,70.04018687922508,7.784375745465665,2409.28515625,success,,
ExampleVitra,8w_2c,2,8,0.3856557729886845,0.0,4.939980271039531,5.363142862915993,1.619439665963796,8,4.7962324189720675,38.36985935177654,7.767209026464855,2581.16015625,success,,
ExampleWoundHealing,8w_2c,2,8,0.3083405829966068,0.0,6.022394347004592,6.355182285071351,1.3283753170330046,8,900.0,7200.0,1195.537785329704,3322.27734375,success,,
ExampleYeastColonies,8w_2c,2,8,0.5125383539125323,0.0,12.705270125064999,13.235565623035654,0.6296599695442582,8,15.847964417072944,126.78371533658355,9.978828792192637,2917.54296875,success,,
ExampleYeastPatches,8w_2c,2,8,0.46126953791826963,0.0,6.077537729055621,6.565312899998389,1.3163225563789478,8,7.491444787941873,59.931558303534985,9.861157754235391,2615.94921875,success,,
cp_tutorial_3d_monolayer,8w_2c,2,8,0.6798080910230055,0.0,16.689025031984784,17.408273696084507,0.4793569417427245,8,16.86580688902177,134.92645511217415,8.08474161034485,4716.76953125,success,,
cp_tutorial_advanced_segmentation_final,8w_2c,2,8,0.5936720930039883,0.0,30.311431021080352,30.933254174073227,0.26392683322791094,8,39.616525655961595,316.93220524769276,10.45586415987023,3730.1640625,success,,
cp_tutorial_quality_control,8w_2c,2,8,0.26442400098312646,0.0,3.672456380096264,3.9728908960241824,2.1783784943935265,8,5.391568231047131,43.13254584837705,11.744876285568418,2411.49609375,success,,
cp_tutorial_beginner_segmentation_final,8w_2c,2,8,0.4501740001142025,0.0,15.510834924993105,16.006778986076824,0.5157684959375941,8,18.625088742002845,149.00070993602276,9.606234007167025,2997.58984375,success,,
cp_tutorial_pixel_based_classification,8w_2c,2,8,0.33655711403116584,0.0,4.395523192943074,4.790957542951219,1.8200336225830507,8,5.106353026931174,40.85082421544939,9.293734197793471,2909.1484375,success,,
cp_tutorial_translocation_final,8w_2c,2,8,0.38889537507202476,0.0,3.1873306409688666,3.5846498500322923,2.5099372801712865,8,3.5820830130251125,28.6566641042009,8.990803695060018,2474.85546875,success,,
cp4_supplement_combine_objects,8w_2c,2,8,0.2589001179439947,0.0,1.5986352739855647,1.8766414390411228,5.004268409551082,8,2.078912112978287,16.631296903826296,10.403434213210332,2348.75,success,,
cp_tutorial_translocation_start,8w_2c,2,8,0.6404377159196883,0.0,1.9854051619768143,2.634063236997463,4.029404251188012,8,2.469631485058926,19.75705188047141,9.951143604764201,2471.00390625,success,,
ExampleColocalization,3w_3c,3,3,3.056711885961704,0.0,4.584646255010739,7.698876072070561,0.654358010003756,3,48.93594650994055,146.80783952982165,32.02162857589495,3228.9375,success,,
ExampleCometAssay,3w_3c,3,3,0.5648220740258694,0.0,4.511730761965737,5.125438007060438,0.664933294621711,3,15.649703019065782,46.94910905719735,10.406008588318748,3086.375,success,,
ExampleFly,3w_3c,3,3,0.5100391629384831,0.0,2.362433815957047,2.92658687394578,1.2698768446914852,3,9.218601097003557,27.65580329101067,11.706488073532341,2982.51953125,success,,
ExampleFlyURL,3w_3c,3,3,0.35019737703260034,0.0,1.4530747960088775,1.8699715730035678,2.0645874584295463,3,5.407788787037134,16.223366361111403,11.164852907552797,2819.5078125,success,,
ExampleHuman,3w_3c,3,3,0.32476609793957323,0.0,1.1062441860558465,1.4740623260149732,2.7118786591738537,3,5.046770330984145,15.140310992952436,13.686228758347669,2656.9375,success,,
ExampleIlluminationCorrection_Example1_AllMethod,3w_3c,3,3,0.2423254830064252,0.0,0.7668471350334585,1.0257477019913495,3.9121225899463083,3,23.845759848016314,71.53727954404894,93.28753577585927,2556.26953125,success,,
ExampleIlluminationCorrection_Example1_EachMethod,3w_3c,3,3,0.23619904892984778,0.0,0.5692476850235835,0.8382456969702616,5.270113658654075,3,4.95255577005446,14.857667310163379,26.100531809010057,2549.5078125,success,,
ExampleIlluminationCorrection_Example2,3w_3c,3,3,0.5719781959196553,0.0,2.8166242240695283,3.452981585985981,1.0651048067979498,3,49.62061384797562,148.86184154392686,52.85115432574374,3059.63671875,success,,
ExampleIlluminationCorrection_Example3,3w_3c,3,3,0.31664091791026294,0.0,0.6882509200368077,1.0301831410033628,4.3588753936421325,3,2.5101164190564305,7.530349257169291,10.94128469420218,2698.83984375,success,,
ExampleImagingFlowCytometryObjectsInGrid,3w_3c,3,3,0.6324709909968078,0.0,17.409414053079672,18.07167507696431,0.17232056121207073,3,74.15655832295306,222.46967496885918,12.778699747766925,7915.33203125,success,,
ExampleNeighbors,3w_3c,3,3,0.32454891491215676,0.0,1.066961244912818,1.4560371859697625,2.8117234944603178,3,4.998261964996345,14.994785894989036,14.05373059844762,2822.12109375,success,,
ExamplePercentPositive,3w_3c,3,3,0.31793661101255566,0.0,0.7898640850326046,1.1354959009913728,3.798121799494357,3,2.9019863170105964,8.70595895103179,11.022097492472287,2743.6875,success,,
ExampleSpeckles,3w_3c,3,3,0.33358787500765175,0.0,1.312725938973017,1.7016354359220713,2.2853208814834463,3,3.7868143749656156,11.360443124896847,8.654085965410607,3045.45703125,success,,
ExampleTrackObjects,3w_3c,3,3,0.3028267129557207,0.0,2.8262561470037326,3.1879912129370496,1.0614749137938055,3,10.91889769793488,32.75669309380464,11.590135992638809,3070.6875,success,,
ExampleTumor,3w_3c,3,3,0.2616202859207988,0.0,1.3971132899168879,1.7009051790228114,2.147284706008677,3,5.267196976928972,15.801590930786915,11.310171512094719,3258.20703125,success,,
ExampleUntangleAndStraightenWorms,3w_3c,3,3,0.3396131769986823,0.0,1.2427435290301219,1.603676715050824,2.4140137767132845,3,3.9757227909285575,11.927168372785673,9.597449589694527,2858.40625,success,,
ExampleUntangleWorms,3w_3c,3,3,0.3796492249239236,0.0,1.1899575899587944,1.5900398960802704,2.521098252000631,3,3.7546325019793585,11.263897505938075,9.465797437644916,2796.09375,success,,
ExampleUntangleWormsBrightField,3w_3c,3,3,0.4829383280593902,0.0,2.6900357350241393,3.2018497439567,1.1152268205734743,3,8.755023359903134,26.265070079709403,9.76383686571127,3141.24609375,success,,
ExampleVitra,3w_3c,3,3,0.3184001570334658,0.0,1.515683110919781,1.8763784359907731,1.9793055542985316,3,4.7962324189720675,14.388697256916203,9.493209466578096,3186.125,success,,
ExampleWoundHealing,3w_3c,3,3,0.2813748400658369,0.0,1.911870437907055,2.2385061839595437,1.5691439861814758,3,900.0,2700.0,1412.229587563328,4166.73828125,success,,
ExampleYeastColonies,3w_3c,3,3,0.41865692497231066,0.0,3.518680210923776,3.9788864529691637,0.8525923983334637,3,15.847964417072944,47.54389325121883,13.511853991055615,3724.55859375,success,,
ExampleYeastPatches,3w_3c,3,3,0.390842805034481,0.0,2.202985371928662,2.6308348879683763,1.3617884341072906,3,7.491444787941873,22.47433436382562,10.201762866972587,3383.9765625,success,,
cp_tutorial_3d_monolayer,3w_3c,3,3,0.5612461320124567,0.0,4.684063425986096,5.263348384061828,0.6404695511501182,3,16.86580688902177,50.59742066706531,10.802035767996344,6009.140625,success,,
cp_tutorial_advanced_segmentation_final,3w_3c,3,3,0.4883663549553603,0.0,9.174630688037723,9.730460199993104,0.3269886387810169,3,39.616525655961595,118.84957696788479,12.954153797476117,4470.6953125,success,,
cp_tutorial_quality_control,3w_3c,3,3,0.25021536205895245,0.0,1.0907015859847888,1.3836982370121405,2.750523184846491,3,5.391568231047131,16.174704693141393,14.829633422176915,3088.13671875,success,,
cp_tutorial_beginner_segmentation_final,3w_3c,3,3,0.3754437370225787,0.0,4.611299426062033,4.997909972909838,0.650575840520065,3,18.625088742002845,55.875266226008534,12.1170327630893,3659.98046875,success,,
cp_tutorial_pixel_based_classification,3w_3c,3,3,0.3097392910858616,0.0,1.4166600450407714,1.740756709012203,2.1176569569403365,3,5.106353026931174,15.319059080793522,10.813504012074146,3601.44921875,success,,
cp_tutorial_translocation_final,3w_3c,3,3,0.320034881005995,0.0,1.0180882329586893,1.3684231330407783,2.946699414530735,3,3.5820830130251125,10.746249039075337,10.555321917281589,3156.78515625,success,,
cp4_supplement_combine_objects,3w_3c,3,3,0.23671415902208537,0.0,0.6707540979841724,0.940777636016719,4.472577967120807,3,2.078912112978287,6.236736338934861,9.298096512087247,3030.875,success,,
cp_tutorial_translocation_start,3w_3c,3,3,0.23759284405969083,0.0,0.8239310170756653,1.1148846669821069,3.6410815199647915,3,2.469631485058926,7.408894455176778,8.992129561371259,3190.00390625,success,,
ExampleColocalization,6w_3c,3,6,0.5161388679407537,0.0,8.580322735011578,9.138180159963667,0.6992743962318924,6,48.93594650994055,293.6156790596433,34.21965444977486,3388.68359375,success,,
ExampleCometAssay,6w_3c,3,6,0.38995771494228393,0.0,8.484425056027249,8.909926041029394,0.7071781482397163,6,15.649703019065782,93.8982181143947,11.067128001524436,3209.54296875,success,,
ExampleFly,6w_3c,3,6,0.48221207794267684,0.0,4.4335928179789335,4.929703018977307,1.3533042492465779,6,9.218601097003557,55.31160658202134,12.475572036684078,3047.74609375,success,,
ExampleFlyURL,6w_3c,3,6,0.599935017991811,0.0,2.2317506559193134,2.842014767928049,2.688472381126489,6,5.407788787037134,32.446732722222805,14.538690796914851,2913.28515625,success,,
ExampleHuman,6w_3c,3,6,0.36219797597732395,0.0,1.8390349380206317,2.212386858998798,3.2625807568712366,6,5.046770330984145,30.280621985904872,16.465495766217554,2697.015625,success,,
ExampleIlluminationCorrection_Example1_AllMethod,6w_3c,3,6,0.25661059003323317,0.0,1.2845570459030569,1.5979627380147576,4.670870802613471,6,23.845759848016314,143.07455908809789,111.38046344023203,2590.859375,success,,
ExampleIlluminationCorrection_Example1_EachMethod,6w_3c,3,6,0.2484018310206011,0.0,0.8835921239806339,1.1719351059291512,6.79046342442444,6,4.95255577005446,29.715334620326757,33.63014881397703,2586.10546875,success,,
ExampleIlluminationCorrection_Example2,6w_3c,3,6,0.34844284295104444,0.0,5.3897968110395595,5.796034447965212,1.1132145070312487,6,49.62061384797562,297.7236830878537,55.238387183362136,3085.38671875,success,,
ExampleIlluminationCorrection_Example3,6w_3c,3,6,0.3444711290067062,0.0,1.1021998639917001,1.4803471470950171,5.4436588100007075,6,2.5101164190564305,15.060698514338583,13.664217358723965,2717.1640625,success,,
ExampleImagingFlowCytometryObjectsInGrid,6w_3c,3,6,0.6552606950281188,0.0,26.46158917795401,27.173176808981225,0.22674375146745873,6,74.15655832295306,444.93934993771836,16.814536230061776,8451.734375,success,,
ExampleNeighbors,6w_3c,3,6,0.356373472022824,0.0,1.8399706869386137,2.2243935860460624,3.2609215149959483,6,4.998261964996345,29.989571789978072,16.29893997924251,2846.16796875,success,,
ExamplePercentPositive,6w_3c,3,6,0.3564811550313607,0.0,1.2163192930165678,1.6312944670207798,4.932915258722508,6,2.9019863170105964,17.41191790206358,14.315252583785503,2749.734375,success,,
ExampleSpeckles,6w_3c,3,6,0.34760845999699086,0.0,2.228438484016806,2.6167461599688977,2.6924683104488834,6,3.7868143749656156,22.720886249793693,10.195877702147214,3137.01953125,success,,
ExampleTrackObjects,6w_3c,3,6,0.3212046199478209,0.0,5.684276115032844,6.018784331972711,1.055543375898328,6,10.91889769793488,65.51338618760929,11.525370137166664,3263.38671875,success,,
ExampleTumor,6w_3c,3,6,0.28786785900592804,0.0,2.382687792996876,2.679070971091278,2.5181645776819854,6,5.267196976928972,31.60318186157383,13.263668850976174,3390.21875,success,,
ExampleUntangleAndStraightenWorms,6w_3c,3,6,0.3739295731065795,0.0,2.250392222078517,2.6703829939942807,2.666201891889874,6,3.9757227909285575,23.854336745571345,10.60007962680341,2867.37109375,success,,
ExampleUntangleWorms,6w_3c,3,6,0.4326144630322233,0.0,2.0915913470089436,2.5343973230337724,2.8686291940250337,6,3.7546325019793585,22.52779501187615,10.770648408013242,2850.2265625,success,,
ExampleUntangleWormsBrightField,6w_3c,3,6,0.5082324149552733,0.0,5.14102424797602,5.679037617985159,1.1670826105055139,6,8.755023359903134,52.530140159418806,10.217835517912505,3168.375,success,,
ExampleVitra,6w_3c,3,6,0.36532543506473303,0.0,2.7286796850385144,3.1059326810063794,2.1988656392680666,6,4.7962324189720675,28.777394513832405,10.546270664021241,3268.93359375,success,,
ExampleWoundHealing,6w_3c,3,6,0.30411666398867965,0.0,3.5043335200753063,3.8629897539503872,1.7121657986112757,6,900.0,5400.0,1540.9492187501482,4220.84375,success,,
ExampleYeastColonies,6w_3c,3,6,0.4612878189655021,0.0,6.826530013000593,7.330039630993269,0.8789238439695525,6,15.847964417072944,95.08778650243767,13.929153804546441,3823.6015625,success,,
ExampleYeastPatches,6w_3c,3,6,0.7558725589187816,0.0,3.2526253630639985,4.070116027025506,1.8446637193863462,6,7.491444787941873,44.94866872765124,13.819196406102312,3431.8984375,success,,
cp_tutorial_3d_monolayer,6w_3c,3,6,0.6417452589375898,0.0,8.842571464017965,9.527171781053767,0.6785356527131382,6,16.86580688902177,101.19484133413061,11.44405128597613,6585.66796875,success,,
cp_tutorial_advanced_segmentation_final,6w_3c,3,6,0.5613827799679711,0.0,16.373803582042456,16.95390388404485,0.36643898712577355,6,39.616525655961595,237.69915393576957,14.517039534812788,4866.9140625,success,,
cp_tutorial_quality_control,6w_3c,3,6,0.27030959993135184,0.0,1.9442646600073203,2.2583933939458802,3.085999618990868,6,5.391568231047131,32.34940938628279,16.638377506774713,3111.828125,success,,
cp_tutorial_beginner_segmentation_final,6w_3c,3,6,0.4183581169927493,0.0,8.462986330967396,8.911520521971397,0.7089695959976985,6,18.625088742002845,111.75053245201707,13.20462164083904,3792.45703125,success,,
cp_tutorial_pixel_based_classification,6w_3c,3,6,0.3207378719234839,0.0,2.4544778069248423,2.832903000060469,2.4445118155365435,6,5.106353026931174,30.638118161587045,12.482540308634048,3756.03125,success,,
cp_tutorial_translocation_final,6w_3c,3,6,0.3460542910033837,0.0,1.7082114060176536,2.072915560915135,3.5124458125401326,6,3.5820830130251125,21.492498078150675,12.581872479271198,3188.125,success,,
cp4_supplement_combine_objects,6w_3c,3,6,0.24980042595416307,0.0,1.0203969060676172,1.3268913109786808,5.880064869191603,6,2.078912112978287,12.473472677869722,12.22413808166051,3036.58984375,success,,
cp_tutorial_translocation_start,6w_3c,3,6,0.2511079120449722,0.0,1.3063093170057982,1.5935779489809647,4.593092862380134,6,2.469631485058926,14.817788910353556,11.343246746733405,3210.375,success,,
ExampleColocalization,9w_3c,3,9,0.5603105300106108,0.0,13.279470081906766,13.84365048201289,0.6777378874675482,9,48.93594650994055,440.42351858946495,33.165745008872044,3462.32421875,success,,
ExampleCometAssay,9w_3c,3,9,0.4201499200426042,0.0,12.794792711967602,13.280973025015555,0.7034111612907847,9,15.649703019065782,140.84732717159204,11.008175774496962,3227.8203125,success,,
ExampleFly,9w_3c,3,9,0.5427559689851478,0.0,6.5057212229585275,7.108544853981584,1.3833977343263995,9,9.218601097003557,82.96740987303201,12.752991871253581,3085.859375,success,,
ExampleFlyURL,9w_3c,3,9,0.4283316150540486,0.0,3.258460520999506,3.699443127028644,2.7620405225100972,9,5.407788787037134,48.67009908333421,14.936531766972292,2970.6796875,success,,
ExampleHuman,9w_3c,3,9,0.37885453400667757,0.0,2.655568871065043,3.0581027440493926,3.3891043452360017,9,5.046770330984145,45.42093297885731,17.104031258146502,2715.97265625,success,,
ExampleIlluminationCorrection_Example1_AllMethod,9w_3c,3,9,0.28146376193035394,0.0,1.8397138719446957,2.1605382540728897,4.892065085363749,9,23.845759848016314,214.61183863214683,116.65500918644938,2603.07421875,success,,
ExampleIlluminationCorrection_Example1_EachMethod,9w_3c,3,9,0.26294392498675734,0.0,1.2155956500209868,1.511909879045561,7.403777728099486,9,4.95255577005446,44.573001930490136,36.66762210749981,2592.73046875,success,,
ExampleIlluminationCorrection_Example2,9w_3c,3,9,0.38357834005728364,0.0,7.9405612429836765,8.326988109038211,1.1334211429894139,9,49.62061384797562,446.5855246317806,56.24105286340887,3127.984375,success,,
ExampleIlluminationCorrection_Example3,9w_3c,3,9,0.38074793003033847,0.0,1.5256172699155286,1.971643858938478,5.899251520991446,9,2.5101164190564305,22.591047771507874,14.80780810298425,2721.53125,success,,
ExampleImagingFlowCytometryObjectsInGrid,9w_3c,3,9,0.745209600077942,0.0,34.522604219964705,35.33180348796304,0.2606987567524013,9,74.15655832295306,667.4090249065775,19.332522559830796,8828.35546875,success,,
ExampleNeighbors,9w_3c,3,9,0.3766453379066661,0.0,2.6219354410422966,3.027414128067903,3.4325787962278107,9,4.998261964996345,44.98435768496711,17.156928039038405,2865.2421875,success,,
ExamplePercentPositive,9w_3c,3,9,0.38351799291558564,0.0,1.7138228989206254,2.1096597139257938,5.251417754814834,9,2.9019863170105964,26.117876853095368,15.239542469379153,2754.9296875,success,,
ExampleSpeckles,9w_3c,3,9,0.37820796703454107,0.0,3.261376678943634,3.697612961055711,2.7595708456819885,9,3.7868143749656156,34.08132937469054,10.449982547164575,3143.62109375,success,,
ExampleTrackObjects,9w_3c,3,9,0.3411547770956531,0.0,8.50235468999017,8.853104159003124,1.058530292860601,9,10.91889769793488,98.27007928141393,11.557983977909952,3325.37109375,success,,
ExampleTumor,9w_3c,3,9,0.2974554789252579,0.0,3.4575508219422773,3.763539543026127,2.6029986147663493,9,5.267196976928972,47.404772792360745,13.710506434647616,3390.23046875,success,,
ExampleUntangleAndStraightenWorms,9w_3c,3,9,0.414115755003877,0.0,3.0996891310205683,3.5406324489740655,2.903516972050924,9,3.9757227909285575,35.78150511835702,11.543578599630735,2863.46484375,success,,
ExampleUntangleWorms,9w_3c,3,9,0.4595215650042519,0.0,2.9401771500706673,3.438335764920339,3.0610400464419922,9,3.7546325019793585,33.79169251781423,11.49308044823151,2857.63671875,success,,
ExampleUntangleWormsBrightField,9w_3c,3,9,0.864590304903686,0.0,7.018346230965108,7.925262183067389,1.2823533783915917,9,8.755023359903134,78.79521023912821,11.22703378346909,3160.51953125,success,,
ExampleVitra,9w_3c,3,9,0.39488543290644884,0.0,3.9459315290441737,4.394445364945568,2.280830251045962,9,4.7962324189720675,43.16609177074861,10.939391992238843,3363.78515625,success,,
ExampleWoundHealing,9w_3c,3,9,0.3241983390180394,0.0,5.043440374080092,5.421373096993193,1.7844961638198356,9,900.0,8100.0,1606.046547437852,4365.69140625,success,,
ExampleYeastColonies,9w_3c,3,9,0.5280789630487561,0.0,9.877946552005596,10.443694620975293,0.9111205403488096,9,15.847964417072944,142.6316797536565,14.43940590311221,3913.12109375,success,,
ExampleYeastPatches,9w_3c,3,9,0.47669591300655156,0.0,4.767649739980698,5.285061731003225,1.8877225658016643,9,7.491444787941873,67.42300309147686,14.141769376655137,3444.43359375,success,,
cp_tutorial_3d_monolayer,9w_3c,3,9,0.7198558419477195,0.0,13.104962526005693,13.845331600052305,0.6867627421398771,9,16.86580688902177,151.79226200119592,11.58280778750622,6557.81640625,success,,
cp_tutorial_advanced_segmentation_final,9w_3c,3,9,0.603611080092378,0.0,23.439089059014805,24.075021115946583,0.3839739666221606,9,39.616525655961595,356.54873090365436,15.211714499908167,5068.765625,success,,
cp_tutorial_quality_control,9w_3c,3,9,0.2828860910376534,0.0,2.8759564489591867,3.1760740670142695,3.1293937024870857,9,5.391568231047131,48.52411407942418,16.872339668768326,3148.53125,success,,
cp_tutorial_beginner_segmentation_final,9w_3c,3,9,0.46461241296492517,0.0,12.425479701953009,12.892917777062394,0.7243181121277273,9,18.625088742002845,167.6257986780256,13.490489115818889,3926.1875,success,,
cp_tutorial_pixel_based_classification,9w_3c,3,9,0.3456336349481717,0.0,3.4601704929955304,3.8065849780105054,2.6010279025900083,9,5.106353026931174,45.95717724238057,13.281766703522933,3799.92578125,success,,
cp_tutorial_translocation_final,9w_3c,3,9,0.38953990500885993,0.0,2.4220749349333346,2.8498085179599,3.7158222770872764,9,3.5820830130251125,32.23874711722601,13.310383858174625,3223.46484375,success,,
cp4_supplement_combine_objects,9w_3c,3,9,0.26911367499269545,0.0,1.3922335100360215,1.7281371660064906,6.464432823317937,9,2.078912112978287,18.710209016804583,13.438987699930086,3042.79296875,success,,
cp_tutorial_translocation_start,9w_3c,3,9,0.2609711429104209,0.0,1.8051063970196992,2.101710750022903,4.98585568964763,9,2.469631485058926,22.226683365530334,12.313226191113971,3228.5078125,success,,
ExampleColocalization,12w_3c,3,12,0.7988826859509572,0.0,17.014424492954277,17.84590453794226,0.7052839198275108,12,48.93594650994055,587.2313581192866,34.51373617500027,3587.5234375,success,,
ExampleCometAssay,12w_3c,3,12,0.448238029028289,0.0,16.747877604095265,17.227620344958268,0.7165086994107066,12,15.649703019065782,187.7964362287894,11.213148356354633,3276.671875,success,,
ExampleFly,12w_3c,3,12,0.5865004529478028,0.0,8.864160409895703,9.479909532004967,1.3537661149050881,12,9.218601097003557,110.62321316404268,12.479829791950289,3174.984375,success,,
ExampleFlyURL,12w_3c,3,12,0.4605378550477326,0.0,4.301978240022436,4.7730749329784885,2.789414388097281,12,5.407788787037134,64.89346544444561,15.084563850352524,3044.40234375,success,,
ExampleHuman,12w_3c,3,12,0.42211278702598065,0.0,3.448328454978764,3.931590721011162,3.4799469240449428,12,5.046770330984145,60.561243971809745,17.562492889669553,2737.6796875,success,,
ExampleIlluminationCorrection_Example1_AllMethod,12w_3c,3,12,0.29657964198850095,0.0,2.438553906045854,2.755846979911439,4.920949243832035,12,23.845759848016314,286.14911817619577,117.34377389269618,2615.48828125,success,,
ExampleIlluminationCorrection_Example1_EachMethod,12w_3c,3,12,0.2731957919895649,0.0,1.5782270460622385,1.8922826589550823,7.603468734071341,12,4.95255577005446,59.430669240653515,37.6566029513537,2594.99609375,success,,
ExampleIlluminationCorrection_Example2,12w_3c,3,12,0.4318308919901028,0.0,10.557989718974568,11.024623187957332,1.1365800042818648,12,49.62061384797562,595.4473661757074,56.397797499800895,3125.140625,success,,
ExampleIlluminationCorrection_Example3,12w_3c,3,12,0.4043557740515098,0.0,1.9658149490132928,2.402219553012401,6.104338562499586,12,2.5101164190564305,30.121397028677166,15.322600453209539,2714.51171875,success,,
ExampleImagingFlowCytometryObjectsInGrid,12w_3c,3,12,1.0615969270002097,0.0,43.823539555072784,44.950482969987206,0.27382543997660597,12,74.15655832295306,889.8786998754367,20.305952209933462,9463.4140625,success,,
ExampleNeighbors,12w_3c,3,12,0.4047837919788435,0.0,3.398513350985013,3.869682237971574,3.5309556740514094,12,4.998261964996345,59.979143579956144,17.64864144569919,2892.71484375,success,,
ExamplePercentPositive,12w_3c,3,12,0.4134444349911064,0.0,2.2145718410611153,2.669032532023266,5.418654648047084,12,2.9019863170105964,34.82383580412716,15.724861645238507,2756.28515625,success,,
ExampleSpeckles,12w_3c,3,12,0.41541572904679924,0.0,4.218374759075232,4.657554878038354,2.844697468896928,12,3.7868143749656156,45.44177249958739,10.772341267647189,3169.6171875,success,,
ExampleTrackObjects,12w_3c,3,12,0.6584251450840384,0.0,10.911941889906302,11.598569780937396,1.099712601209888,12,10.91889769793488,131.02677237521857,12.007649389740624,3335.046875,success,,
ExampleTumor,12w_3c,3,12,0.3165074730059132,0.0,4.454464172013104,4.806242829072289,2.693926707368003,12,5.267196976928972,63.20636372314766,14.189442609116965,3433.85546875,success,,
ExampleUntangleAndStraightenWorms,12w_3c,3,12,0.44313501904252917,0.0,4.0321472600335255,4.539075245033018,2.976081781274086,12,3.9757227909285575,47.70867349114269,11.832076165478643,2871.69140625,success,,
ExampleUntangleWorms,12w_3c,3,12,0.5015023179585114,0.0,3.84007440705318,4.388530145981349,3.1249394485584028,12,3.7546325019793585,45.0555900237523,11.732999220274833,2879.375,success,,
ExampleUntangleWormsBrightField,12w_3c,3,12,0.6043521179817617,0.0,9.47914731502533,10.086918408982456,1.265936650333399,12,8.755023359903134,105.06028031883761,11.083304945826436,3144.07421875,success,,
ExampleVitra,12w_3c,3,12,0.41614319500513375,0.0,5.160954501014203,5.5947472139960155,2.3251512869648097,12,4.7962324189720675,57.55478902766481,11.151965981555245,3439.4296875,success,,
ExampleWoundHealing,12w_3c,3,12,0.33721258805599064,0.0,6.569062275928445,6.9714480330003425,1.826744746198036,12,900.0,10800.0,1644.0702715782325,4458.80078125,success,,
ExampleYeastColonies,12w_3c,3,12,0.5704799119848758,0.0,13.229419009992853,13.835643131984398,0.9070693120337174,12,15.847964417072944,190.17557300487533,14.37520218092919,3910.9375,success,,
ExampleYeastPatches,12w_3c,3,12,0.5425379490479827,0.0,6.164936820976436,6.762645253096707,1.946491967147098,12,7.491444787941873,89.89733745530248,14.582037102054851,3460.93359375,success,,
cp_tutorial_3d_monolayer,12w_3c,3,12,0.7681448119692504,0.0,17.639944573980756,18.409859888954088,0.6802742463091535,12,16.86580688902177,202.38968266826123,11.473374069825013,6628.8515625,success,,
cp_tutorial_advanced_segmentation_final,12w_3c,3,12,0.6929957160027698,0.0,31.130593479028903,31.87050054606516,0.38547289527531137,12,39.616525655961595,475.39830787153915,15.27109684535217,5186.72265625,success,,
cp_tutorial_quality_control,12w_3c,3,12,0.29515975702088326,0.0,3.7534130959538743,4.1020444489549845,3.197090139887834,12,5.391568231047131,64.69881877256557,17.237329630013274,3144.734375,success,,
cp_tutorial_beginner_segmentation_final,12w_3c,3,12,0.8433908149600029,0.0,16.082003736984916,16.94782053795643,0.7461756753856956,12,18.625088742002845,223.50106490403414,13.897588171182488,4037.77734375,success,,
cp_tutorial_pixel_based_classification,12w_3c,3,12,0.3704582729842514,0.0,4.549637539079413,4.972856841981411,2.637572750999438,12,5.106353026931174,61.27623632317409,13.468377600817163,3900.2265625,success,,
cp_tutorial_translocation_final,12w_3c,3,12,0.40137758501805365,0.0,3.14427287701983,3.5916581619530916,3.8164626510958892,12,3.5820830130251125,42.98499615630135,13.670886032335371,3241.78125,success,,
cp4_supplement_combine_objects,12w_3c,3,12,0.2746038129553199,0.0,1.7561783560086042,2.095726304105483,6.83301895786558,12,2.078912112978287,24.946945355739444,14.205245879717026,3049.15625,success,,
cp_tutorial_translocation_start,12w_3c,3,12,0.2712137319613248,0.0,2.2869925249833614,2.599271285929717,5.247065685134806,12,2.469631485058926,29.635577820707113,12.9583186201812,3231.53125,success,,
ExampleColocalization,4w_4c,4,4,3.125171306077391,0.0,5.440839570015669,8.63031795702409,0.7351806552142982,4,48.93594650994055,195.7437860397622,35.976761218709946,4164.18359375,success,,
ExampleCometAssay,4w_4c,4,4,0.5968840239802375,0.0,5.168229556060396,5.797372029046528,0.7739594297450467,4,15.649703019065782,62.59881207626313,12.112235224315489,3936.22265625,success,,
ExampleFly,4w_4c,4,4,0.6027822700561956,0.0,2.8262330829165876,3.4414517810801044,1.415311434919628,4,9.218601097003557,36.87440438801423,13.047191546551762,3750.79296875,success,,
ExampleFlyURL,4w_4c,4,4,0.36073389498051256,0.0,1.3587808199226856,1.781290395068936,2.943815471451532,4,5.407788787037134,21.631155148148537,15.91953229762203,3557.84375,success,,
ExampleHuman,4w_4c,4,4,0.3645876740338281,0.0,1.3091208359692246,1.73887411900796,3.05548570467794,4,5.046770330984145,20.18708132393658,15.420334601114812,3346.53125,success,,
ExampleIlluminationCorrection_Example1_AllMethod,4w_4c,4,4,0.2517677939031273,0.0,0.8136773830046877,1.0849205140257254,4.915953280192078,4,23.845759848016314,95.38303939206526,117.22464134352833,3227.9296875,success,,
ExampleIlluminationCorrection_Example1_EachMethod,4w_4c,4,4,0.23745168803725392,0.0,0.6358439120231196,0.89734613802284,6.290852085495092,4,4.95255577005446,19.81022308021784,31.15579579457785,3190.6953125,success,,
ExampleIlluminationCorrection_Example2,4w_4c,4,4,0.33062310598324984,0.0,3.1742747629759833,3.5535317769972607,1.2601303600605365,4,49.62061384797562,198.48245539190248,62.52844199467436,3898.703125,success,,
ExampleIlluminationCorrection_Example3,4w_4c,4,4,0.33520644693635404,0.0,0.7833644059719518,1.1560291700297967,5.1061804308520236,4,2.5101164190564305,10.040465676225722,12.817107338146302,3395.00390625,success,,
ExampleImagingFlowCytometryObjectsInGrid,4w_4c,4,4,0.6894118000054732,0.0,19.102687153033912,19.84664182900451,0.2093946243246053,4,74.15655832295306,296.62623329181224,15.52798467124044,10398.94921875,success,,
ExampleNeighbors,4w_4c,4,4,0.6559080929728225,0.0,1.239407579996623,1.8972927270224318,3.227348343319716,4,4.998261964996345,19.99304785998538,16.131132472208904,3584.12890625,success,,
ExamplePercentPositive,4w_4c,4,4,0.3519192159874365,0.0,0.9388026220258325,1.3270617380039766,4.260746514926046,4,2.9019863170105964,11.607945268042386,12.36462808656597,3487.8046875,success,,
ExampleSpeckles,4w_4c,4,4,0.3457976250210777,0.0,1.7772123409667984,2.1420480449451134,2.2507158586486136,4,3.7868143749656156,15.147257499862462,8.523043167493649,3920.8203125,success,,
ExampleTrackObjects,4w_4c,4,4,0.3175130389863625,0.0,3.005017778952606,3.36546083597932,1.3311069332156142,4,10.91889769793488,43.67559079173952,14.53422042879313,3944.30078125,success,,
ExampleTumor,4w_4c,4,4,0.27281400305218995,0.0,1.6518842279911041,1.9311162630328909,2.421477202954166,4,5.267196976928972,21.068787907715887,12.754397403102603,4138.265625,success,,
ExampleUntangleAndStraightenWorms,4w_4c,4,4,0.4061234900727868,0.0,1.4840856110677123,1.9544952800497413,2.6952623016958133,4,3.9757227909285575,15.90289116371423,10.715615760382606,3678.0078125,success,,
ExampleUntangleWorms,4w_4c,4,4,0.4034698789473623,0.0,1.4648100809426978,1.9020794479874894,2.7307294317811817,4,3.7546325019793585,15.018530007917434,10.25288547867725,3584.2421875,success,,
ExampleUntangleWormsBrightField,4w_4c,4,4,0.8174970289692283,0.0,3.0063352059805766,3.845773349981755,1.3305236196025985,4,8.755023359903134,35.02009343961254,11.648765370523622,4052.2734375,success,,
ExampleVitra,4w_4c,4,4,0.3339958559954539,0.0,1.9739581220783293,2.3185397919733077,2.0263854411402122,4,4.7962324189720675,19.18492967588827,9.7190155461297,4121.0390625,success,,
ExampleWoundHealing,4w_4c,4,4,0.29066074395086616,0.0,2.3598947540158406,2.672373819979839,1.6949908436353727,4,900.0,3600.0,1525.4917592718355,5537.51171875,success,,
ExampleYeastColonies,4w_4c,4,4,0.4528394740773365,0.0,4.088361240923405,4.563226529979147,0.9783871248854108,4,15.847964417072944,63.39185766829178,15.505444341306292,4944.359375,success,,
ExampleYeastPatches,4w_4c,4,4,0.4888052480528131,0.0,2.5997056550113484,3.1406339360401034,1.5386357268136723,4,7.491444787941873,29.965779151767492,11.52660459617944,4524.265625,success,,
cp_tutorial_3d_monolayer,4w_4c,4,4,0.5911766469944268,0.0,5.43037934100721,6.027275116997771,0.736596791644779,4,16.86580688902177,67.46322755608708,12.423299242953846,7988.59375,success,,
cp_tutorial_advanced_segmentation_final,4w_4c,4,4,0.5380878900177777,0.0,9.677265719044954,10.219861665042117,0.4133398953929684,4,39.616525655961595,158.46610262384638,16.375090570468014,5910.59375,success,,
cp_tutorial_quality_control,4w_4c,4,4,0.2637966279871762,0.0,1.3408281550509855,1.6112138499738649,2.983230912128257,4,5.391568231047131,21.566272924188524,16.084293011708468,4009.234375,success,,
cp_tutorial_beginner_segmentation_final,4w_4c,4,4,0.4064907800639048,0.0,4.780796869890764,5.197267887997441,0.8366806013432224,4,18.625088742002845,74.50035496801138,15.583250448729821,4716.6640625,success,,
cp_tutorial_pixel_based_classification,4w_4c,4,4,0.3101133320014924,0.0,1.865395911037922,2.2213147659786046,2.1443169122067856,4,5.106353026931174,20.425412107724696,10.949639155346826,4648.546875,success,,
cp_tutorial_translocation_final,4w_4c,4,4,0.3443460020935163,0.0,1.2784535739338025,1.679210762027651,3.1287800210781196,4,3.5820830130251125,14.32833205210045,11.207549764996285,4113.05859375,success,,
cp4_supplement_combine_objects,4w_4c,4,4,0.25358200003392994,0.0,0.816366650047712,1.083144676988013,4.8997591949232895,4,2.078912112978287,8.315648451913148,10.186168741002765,3951.53515625,success,,
cp_tutorial_translocation_start,4w_4c,4,4,0.2555293788900599,0.0,1.0390928860288113,1.33514522400219,3.849511486203256,4,2.469631485058926,9.878525940235704,9.50687476842354,4126.76953125,success,,
ExampleColocalization,8w_4c,4,8,0.5578602469759062,0.0,10.08515676704701,10.662250610999763,0.7932449821840939,8,48.93594650994055,391.4875720795244,38.818194017439566,4349.84375,success,,
ExampleCometAssay,8w_4c,4,8,0.4034493169747293,0.0,9.263772461912595,9.691167638986371,0.8635790692065771,8,15.649703019065782,125.19762415252626,13.514755966564188,4068.65625,success,,
ExampleFly,8w_4c,4,8,0.5411156270420179,0.0,5.337323519983329,5.917932637035847,1.4988785989920634,8,9.218601097003557,73.74880877602845,13.817563896943389,3813.04296875,success,,
ExampleFlyURL,8w_4c,4,8,0.41471572790760547,0.0,2.6014314430067316,3.083169654943049,3.0752299936659524,8,5.407788787037134,43.26231029629707,16.630194277307012,3738.3203125,success,,
ExampleHuman,8w_4c,4,8,0.37233656691387296,0.0,2.049272989970632,2.452621416072361,3.9038234725938823,8,5.046770330984145,40.37416264787316,19.701700478886302,3405.7109375,success,,
ExampleIlluminationCorrection_Example1_AllMethod,8w_4c,4,8,0.3060288958949968,0.0,1.4498092699795961,1.7722398120677099,5.517967201377177,8,23.845759848016314,190.7660787841305,131.58012073327083,3269.7421875,success,,
ExampleIlluminationCorrection_Example1_EachMethod,8w_4c,4,8,0.25235168007202446,0.0,0.9802068140124902,1.2475360439857468,8.161542937303087,8,4.95255577005446,39.62044616043568,40.420496566687625,3232.81640625,success,,
ExampleIlluminationCorrection_Example2,8w_4c,4,8,0.3783765359548852,0.0,6.456940606003627,6.874210255919024,1.2389768604285512,8,49.62061384797562,396.96491078380495,61.478792357902314,3954.6953125,success,,
ExampleIlluminationCorrection_Example3,8w_4c,4,8,0.3714346850756556,0.0,1.2455710559152067,1.656363104004413,6.422756824677377,8,2.5101164190564305,20.080931352451444,16.121867361229427,3436.2578125,success,,
ExampleImagingFlowCytometryObjectsInGrid,8w_4c,4,8,0.9882893620524555,0.0,28.666537028038874,29.703586767078377,0.2790710294785576,8,74.15655832295306,593.2524665836245,20.69494707377321,11008.578125,success,,
ExampleNeighbors,8w_4c,4,8,0.3745660870335996,0.0,2.1890353970229626,2.581613240065053,3.6545777244533437,8,4.998261964996345,39.98609571997076,18.26653683825804,3612.78515625,success,,
ExamplePercentPositive,8w_4c,4,8,0.4392314339056611,0.0,1.4415767149766907,1.8817945659393445,5.5494792034909874,8,2.9019863170105964,23.21589053608477,16.10451271506571,3498.01171875,success,,
ExampleSpeckles,8w_4c,4,8,0.38683120300993323,0.0,2.921932414988987,3.3749356659827754,2.737914114290064,8,3.7868143749656156,30.294514999724925,10.367972525414865,3989.90625,success,,
ExampleTrackObjects,8w_4c,4,8,0.3526382800191641,0.0,6.121334666968323,6.480876188958064,1.3069045290350236,8,10.91889769793488,87.35118158347905,14.26995685350119,4171.12890625,success,,
ExampleTumor,8w_4c,4,8,0.30429722694680095,0.0,2.884401803021319,3.2124995259800926,2.773538690629112,8,5.267196976928972,42.137575815431774,14.608774606677198,4317.84375,success,,
ExampleUntangleAndStraightenWorms,8w_4c,4,8,0.41788445005659014,0.0,2.5532143759774044,3.0185733310645446,3.133305246621719,8,3.9757227909285575,31.80578232742846,12.457153079929993,3678.05078125,success,,
ExampleUntangleWorms,8w_4c,4,8,0.4738455219194293,0.0,2.2638973019784316,2.772220565006137,3.53372919920385,8,3.7546325019793585,30.037060015834868,13.267854504524266,3667.16796875,success,,
ExampleUntangleWormsBrightField,8w_4c,4,8,0.5468011109624058,0.0,5.590838926960714,6.144375280011445,1.4309122663902163,8,8.755023359903134,70.04018687922508,12.527670318218279,4070.14453125,success,,
ExampleVitra,8w_4c,4,8,0.3778976430185139,0.0,3.4129002960398793,3.8422549900133163,2.3440473808399003,8,4.7962324189720675,38.36985935177654,11.242596039590895,4233.41015625,success,,
ExampleWoundHealing,8w_4c,4,8,0.3204565210035071,0.0,4.114596219966188,4.473186386050656,1.9442977080423558,8,900.0,7200.0,1749.8679372381202,5693.7578125,success,,
ExampleYeastColonies,8w_4c,4,8,0.5391017789952457,0.0,7.551047482993454,8.151315176975913,1.059455660690478,8,15.847964417072944,126.78371533658355,16.790215612089202,5087.48828125,success,,
ExampleYeastPatches,8w_4c,4,8,0.8731497529661283,0.0,3.948147109011188,4.8628601810196415,2.0262669498157573,8,7.491444787941873,59.931558303534985,15.179666980176131,4595.0859375,success,,
cp_tutorial_3d_monolayer,8w_4c,4,8,0.7869052949827164,0.0,10.12892196397297,10.932464460027404,0.7898175174470471,8,16.86580688902177,134.92645511217415,13.320909726828477,8333.7890625,success,,
cp_tutorial_advanced_segmentation_final,8w_4c,4,8,0.640603011008352,0.0,17.77473097096663,18.445840155007318,0.4500771355171145,8,39.616525655961595,316.93220524769276,17.83049238637547,6484.046875,success,,
cp_tutorial_quality_control,8w_4c,4,8,0.2886141110211611,0.0,2.4603534440975636,2.762151828967035,3.2515653469188166,8,5.391568231047131,43.13254584837705,17.531036425621235,4014.87890625,success,,
cp_tutorial_beginner_segmentation_final,8w_4c,4,8,0.4613434439525008,0.0,9.257805360015482,9.751460605999455,0.8641356875520465,8,18.625088742002845,149.00070993602276,16.09460386578851,4892.8125,success,,
cp_tutorial_pixel_based_classification,8w_4c,4,8,0.3453556929016486,0.0,2.9883852809434757,3.3578242560615763,2.677030987608896,8,5.106353026931174,40.85082421544939,13.669865286765235,4870.15234375,success,,
cp_tutorial_translocation_final,8w_4c,4,8,0.3654739490011707,0.0,2.298002721974626,2.6694033219246194,3.4812839530171513,8,3.5820830130251125,28.6566641042009,12.47024811161965,4166.5,success,,
cp4_supplement_combine_objects,8w_4c,4,8,0.2662634430453181,0.0,1.3312963449861854,1.631944074993953,6.00918047294948,8,2.078912112978287,16.631296903826296,12.492558074287265,3951.55078125,success,,
cp_tutorial_translocation_start,8w_4c,4,8,0.2682117020012811,0.0,1.7419595730025321,2.0757003360195085,4.592529082756371,8,2.469631485058926,19.75705188047141,11.341854418823926,4146.05078125,success,,
ExampleColocalization,12w_4c,4,12,0.6295370520092547,0.0,15.702520466060378,16.350249842973426,0.7642085247356912,12,48.93594650994055,587.2313581192866,37.397267488906365,4414.2109375,success,,
ExampleCometAssay,12w_4c,4,12,0.4465112730395049,0.0,13.611286674975418,14.0934723559767,0.8816212814077455,12,15.649703019065782,187.7964362287894,13.79711122931944,4107.68359375,success,,
ExampleFly,12w_4c,4,12,0.6113296760013327,0.0,7.840061588096432,8.476304444950074,1.530600221077294,12,9.218601097003557,110.62321316404268,14.10999287709703,3891.31640625,success,,
ExampleFlyURL,12w_4c,4,12,0.47206626005936414,0.0,3.840329562081024,4.355080944020301,3.124731824707606,12,5.407788787037134,64.89346544444561,16.897889724151877,3708.8984375,success,,
ExampleHuman,12w_4c,4,12,0.4231833139201626,0.0,2.869457933004014,3.3117038609925658,4.181974533230842,12,5.046770330984145,60.561243971809745,21.105464999240684,3432.06640625,success,,
ExampleIlluminationCorrection_Example1_AllMethod,12w_4c,4,12,0.29993341490626335,0.0,2.0366862630471587,2.3694631960242987,5.891923669208812,12,23.845759848016314,286.14911817619577,140.49739685879646,3276.7578125,success,,
ExampleIlluminationCorrection_Example1_EachMethod,12w_4c,4,12,0.27449396601878107,0.0,1.5337599599733949,1.8114560709800571,7.823910072739254,12,4.95255577005446,59.430669240653515,38.748350975132,3239.4296875,success,,
ExampleIlluminationCorrection_Example2,12w_4c,4,12,0.6914410460740328,0.0,8.832928825984709,9.56936651293654,1.3585527786319755,12,49.62061384797562,595.4473661757074,67.41222282059157,3977.21484375,success,,
ExampleIlluminationCorrection_Example3,12w_4c,4,12,0.40691469598095864,0.0,1.7027020149398595,2.175313306041062,7.04762189432415,12,2.5101164190564305,30.121397028677166,17.690351432244633,3446.6796875,success,,
ExampleImagingFlowCytometryObjectsInGrid,12w_4c,4,12,0.8425721609964967,0.0,38.80911544302944,39.6989578200737,0.30920570755124843,12,74.15655832295306,889.8786998754367,22.92963108581412,11644.95703125,success,,
ExampleNeighbors,12w_4c,4,12,0.41451101400889456,0.0,2.8425976089201868,3.2792200020048767,4.2214909216638725,12,4.998261964996345,59.979143579956144,21.100117509329902,3639.86328125,success,,
ExamplePercentPositive,12w_4c,4,12,0.41685996297746897,0.0,2.1961746519664302,2.621705622994341,5.464046308546242,12,2.9019863170105964,34.82383580412716,15.856587622913452,3510.59375,success,,
ExampleSpeckles,12w_4c,4,12,0.815013166051358,0.0,3.8456668179715052,4.703430542955175,3.1203951272954282,12,3.7868143749656156,45.44177249958739,11.81635712361499,4036.64453125,success,,
ExampleTrackObjects,12w_4c,4,12,0.38912060006987303,0.0,9.255655554006808,9.682122461032122,1.2965045998071045,12,10.91889769793488,131.02677237521857,14.156401090195777,4238.70703125,success,,
ExampleTumor,12w_4c,4,12,0.31899318494834006,0.0,4.121059146942571,4.506321193068288,2.9118727909796793,12,5.267196976928972,63.20636372314766,15.337407561849894,4294.7421875,success,,
ExampleUntangleAndStraightenWorms,12w_4c,4,12,0.4469841920072213,0.0,3.5666473710443825,4.026040740078315,3.3645041832341755,12,3.9757227909285575,47.70867349114269,13.376335961458583,3696.94921875,success,,
ExampleUntangleWorms,12w_4c,4,12,0.5293622099561617,0.0,3.362724864971824,3.90202934097033,3.5685345908014234,12,3.7546325019793585,45.0555900237523,13.398535959060634,3677.4921875,success,,
ExampleUntangleWormsBrightField,12w_4c,4,12,0.6501318329246715,0.0,8.152585181989707,8.839604538981803,1.4719257428318337,12,8.755023359903134,105.06028031883761,12.886744262535478,4126.79296875,success,,
ExampleVitra,12w_4c,4,12,0.4207518050679937,0.0,4.8184479309711605,5.269461835036054,2.490428488988859,12,4.7962324189720675,57.55478902766481,11.944673856019985,4343.1015625,success,,
ExampleWoundHealing,12w_4c,4,12,0.34872441506013274,0.0,6.00799868197646,6.378658731002361,1.9973373223264994,12,900.0,10800.0,1797.6035900938493,5640.0,success,,
ExampleYeastColonies,12w_4c,4,12,0.6029701509978622,0.0,11.25892432895489,11.904930137912743,1.0658211787727594,12,15.847964417072944,190.17557300487533,16.89109611615343,5154.0859375,success,,
ExampleYeastPatches,12w_4c,4,12,0.5463166650151834,0.0,5.648558510001749,6.201561875059269,2.124435814686513,12,7.491444787941873,89.89733745530248,15.915093611250324,4620.36328125,success,,
cp_tutorial_3d_monolayer,12w_4c,4,12,0.7843454680405557,0.0,15.193841924890876,15.98176659992896,0.7897936584651012,12,16.86580688902177,202.38968266826123,13.32050732584641,8666.8828125,success,,
cp_tutorial_advanced_segmentation_final,12w_4c,4,12,0.7113535871030763,0.0,26.193763007991947,26.93627711792942,0.45812432510512885,12,39.616525655961595,475.39830787153915,18.149294079147428,6691.16015625,success,,
cp_tutorial_quality_control,12w_4c,4,12,0.29850363603327423,0.0,3.4151174490107223,3.7175738000078127,3.513788377461546,12,5.391568231047131,64.69881877256557,18.944829786544318,4028.0234375,success,,
cp_tutorial_beginner_segmentation_final,12w_4c,4,12,0.5374557529576123,0.0,13.312528040958568,13.906016221968457,0.9014065520147396,12,18.625088742002845,223.50106490403414,16.788777023897328,5078.734375,success,,
cp_tutorial_pixel_based_classification,12w_4c,4,12,0.38238172291312367,0.0,4.32890469499398,4.749940238893032,2.772063800313508,12,5.106353026931174,61.27623632317409,14.155136377577215,4928.4765625,success,,
cp_tutorial_translocation_final,12w_4c,4,12,0.4098865441046655,0.0,3.0698422479908913,3.5117846101056784,3.9089956520904607,12,3.5820830130251125,42.98499615630135,14.002346923342262,4186.0234375,success,,
cp4_supplement_combine_objects,12w_4c,4,12,0.28022924705874175,0.0,1.998630280024372,2.318929800996557,6.004111976054754,12,2.078912112978287,24.946945355739444,12.48202111469823,3951.56640625,success,,
cp_tutorial_translocation_start,12w_4c,4,12,0.30566883797291666,0.0,2.344003151054494,2.656415236997418,5.119447042808613,12,2.469631485058926,29.635577820707113,12.643147603011961,4146.3125,success,,
