ImageNumber,ObjectNumber,Location_Center_X,Location_Center_Y,Location_Center_Z,Number_Object_Number,Parent_Nucleoli
1,1,84.29411764705883,9.970588235294118,0,1,1
1,2,135.0,17.0,0,2,2
1,3,86.29824561403508,17.912280701754387,0,3,3
1,4,124.625,20.25,0,4,4
1,5,613.125,23.125,0,5,5
1,6,233.63636363636363,23.393939393939394,0,6,6
1,7,243.83333333333334,25.5,0,7,7
1,8,83.69090909090909,26.78181818181818,0,8,8
1,9,246.0,28.75,0,9,9
1,10,126.52941176470588,28.58823529411765,0,10,10
1,11,136.34285714285716,30.142857142857142,0,11,11
1,12,489.1666666666667,28.6,0,12,12
1,13,87.71428571428571,32.0,0,13,13
1,14,134.25,32.0,0,14,14
1,15,139.0,32.0,0,15,15
1,16,286.125,32.875,0,16,16
1,17,495.6923076923077,32.02564102564103,0,17,17
1,18,139.57142857142858,34.285714285714285,0,18,18
1,19,240.45263157894738,36.63157894736842,0,19,19
1,20,293.3333333333333,37.266666666666666,0,20,20
1,21,124.4,37.8,0,21,21
1,22,132.1,36.4,0,22,22
1,23,248.94444444444446,38.22222222222222,0,23,23
1,24,285.8333333333333,41.166666666666664,0,24,24
1,25,548.8421052631579,40.8421052631579,0,25,25
1,26,133.17708333333334,41.875,0,26,26
1,27,303.6666666666667,42.266666666666666,0,27,27
1,28,369.2857142857143,44.5,0,28,28
1,29,656.0,43.21052631578947,0,29,29
1,30,137.0,47.75,0,30,30
1,31,501.0,46.8,0,31,31
1,32,535.7692307692307,47.84615384615385,0,32,32
1,33,377.0769230769231,49.30769230769231,0,33,33
1,34,543.4782608695652,48.91304347826087,0,34,34
1,35,369.25,49.1,0,35,35
1,36,653.7142857142857,50.214285714285715,0,36,36
1,37,455.0769230769231,51.69230769230769,0,37,37
1,38,371.0,52.0,0,38,38
1,39,382.54545454545456,52.63636363636363,0,39,39
1,40,658.4117647058823,52.11764705882353,0,40,40
1,41,372.15384615384613,54.30769230769231,0,41,41
1,42,458.0,54.5,0,42,42
1,43,373.8888888888889,56.77777777777778,0,43,43
1,44,451.0,55.25,0,44,44
1,45,651.1666666666666,56.833333333333336,0,45,45
1,46,381.6969696969697,58.24242424242424,0,46,46
1,47,622.5,58.5,0,47,47
1,48,660.3333333333334,58.666666666666664,0,48,48
1,49,613.0,58.40909090909091,0,49,49
1,50,451.3225806451613,60.516129032258064,0,50,50
1,51,615.6363636363636,60.81818181818182,0,51,51
1,52,655.9629629629629,61.351851851851855,0,52,52
1,53,534.3846153846154,62.38461538461539,0,53,53
1,54,618.3809523809524,62.142857142857146,0,54,54
1,55,438.0,62.5,0,55,55
1,56,450.5,67.0,0,56,56
1,57,508.6,69.4,0,57,57
1,58,521.75,70.0,0,58,58
1,59,617.875,71.09375,0,59,59
1,60,517.0784313725491,72.23529411764706,0,60,60
1,61,563.5,74.5,0,61,61
1,62,575.4285714285714,74.57142857142857,0,62,62
1,63,615.1818181818181,75.72727272727273,0,63,63
1,64,503.2,78.0,0,64,64
1,65,287.53846153846155,78.46153846153847,0,65,65
1,66,509.3703703703704,79.0,0,66,66
1,67,560.1333333333333,79.8,0,67,67
1,68,496.8888888888889,80.33333333333333,0,68,68
1,69,567.0178571428571,81.51785714285714,0,69,69
1,70,292.3137254901961,81.80392156862744,0,70,70
1,71,298.2857142857143,81.57142857142857,0,71,71
1,72,190.6551724137931,82.65517241379311,0,72,72
1,73,289.25,84.375,0,73,73
1,74,552.7894736842105,83.05263157894737,0,74,74
1,75,374.7037037037037,87.55555555555556,0,75,75
1,76,297.63157894736844,87.89473684210526,0,76,76
1,77,561.0,88.0,0,77,77
1,78,186.2436974789916,90.36974789915966,0,78,78
1,79,309.10714285714283,89.82142857142857,0,79,79
1,80,292.39473684210526,90.71052631578948,0,80,80
1,81,369.4,93.25714285714285,0,81,81
1,82,381.84615384615387,92.46153846153847,0,82,82
1,83,179.35714285714286,95.21428571428571,0,83,83
1,84,362.7142857142857,95.14285714285714,0,84,84
1,85,372.0,97.75,0,85,85
1,86,465.1111111111111,103.27777777777777,0,86,86
1,87,479.5,106.2,0,87,87
1,88,653.5,107.83333333333333,0,88,88
1,89,401.4117647058824,112.11764705882354,0,89,89
1,90,458.8888888888889,110.66666666666667,0,90,90
1,91,473.5,111.5,0,91,91
1,92,423.15384615384613,115.47435897435898,0,92,92
1,93,655.75,113.0,0,93,93
1,94,652.3207547169811,112.73584905660377,0,94,94
1,95,463.2903225806452,115.45161290322581,0,95,95
1,96,469.0,115.17391304347827,0,96,96
1,97,392.90909090909093,116.0909090909091,0,97,97
1,98,647.9473684210526,118.86842105263158,0,98,98
1,99,418.625,117.25,0,99,99
1,100,430.0769230769231,117.6923076923077,0,100,100
1,101,644.625,120.25,0,101,101
1,102,651.375,120.25,0,102,102
1,103,655.5833333333334,121.20833333333333,0,103,103
1,104,393.0,122.12121212121212,0,104,104
1,105,198.6888888888889,124.22222222222223,0,105,105
1,106,249.46031746031747,121.92063492063492,0,106,106
1,107,423.0,123.0,0,107,107
1,108,659.5,123.0909090909091,0,108,108
1,109,70.25,124.0,0,109,109
1,110,242.38095238095238,123.80952380952381,0,110,110
1,111,388.11538461538464,124.3076923076923,0,111,111
1,112,110.71428571428571,125.45238095238095,0,112,112
1,113,557.8,126.0,0,113,113
1,114,64.42857142857143,127.71428571428571,0,114,114
1,115,249.625,128.25,0,115,115
1,116,383.45,129.45,0,116,116
1,117,415.90909090909093,129.24242424242425,0,117,117
1,118,66.6,128.7,0,118,118
1,119,197.35714285714286,130.85714285714286,0,119,119
1,120,650.0,129.75,0,120,120
1,121,75.8936170212766,131.06382978723406,0,121,121
1,122,647.0,130.5,0,122,122
1,123,105.26666666666667,132.2,0,123,123
1,124,519.75,130.625,0,124,124
1,125,560.0666666666667,132.75,0,125,125
1,126,567.125,133.125,0,126,126
1,127,64.18181818181819,134.45454545454547,0,127,127
1,128,93.0,134.5,0,128,128
1,129,549.6153846153846,133.6153846153846,0,129,129
1,130,99.18181818181819,135.54545454545453,0,130,130
1,131,202.0,136.82608695652175,0,131,131
1,132,195.05555555555554,136.61111111111111,0,132,132
1,133,239.3,137.3,0,133,133
1,134,244.94642857142858,136.75,0,134,134
1,135,69.89655172413794,135.97701149425288,0,135,135
1,136,519.3932584269663,137.7078651685393,0,136,136
1,137,108.1864406779661,139.4915254237288,0,137,137
1,138,511.5625,140.75,0,138,138
1,139,551.0,140.8,0,139,139
1,140,557.625,141.25,0,140,140
1,141,112.33333333333333,142.33333333333334,0,141,141
1,142,240.05,142.3,0,142,142
1,143,198.3125,144.125,0,143,143
1,144,248.0,143.7058823529412,0,144,144
1,145,193.54347826086956,144.6304347826087,0,145,145
1,146,507.4642857142857,144.85714285714286,0,146,146
1,147,103.88461538461539,147.3846153846154,0,147,147
1,148,307.40425531914894,145.27659574468086,0,148,148
1,149,66.57142857142857,145.71428571428572,0,149,149
1,150,69.8,146.8,0,150,150
1,151,61.0,148.25,0,151,151
1,152,96.25,148.75,0,152,152
1,153,109.375,148.75,0,153,153
1,154,189.15384615384616,149.3846153846154,0,154,154
1,155,590.2105263157895,146.73684210526315,0,155,155
1,156,505.14285714285717,150.14285714285714,0,156,156
1,157,580.7142857142857,150.0,0,157,157
1,158,298.65384615384613,152.34615384615384,0,158,158
1,159,66.41911764705883,152.2058823529412,0,159,159
1,160,586.5116279069767,153.0,0,160,160
1,161,592.6538461538462,152.42307692307693,0,161,161
1,162,102.5,154.33333333333334,0,162,162
1,163,302.0,155.83333333333334,0,163,163
1,164,311.75,153.625,0,164,164
1,165,306.5,157.0,0,165,165
1,166,347.4390243902439,157.8780487804878,0,166,166
1,167,312.5211267605634,159.16901408450704,0,167,167
1,168,577.46875,157.65625,0,168,168
1,169,62.11363636363637,161.22727272727272,0,169,169
1,170,98.62295081967213,158.39344262295083,0,170,170
1,171,102.41666666666667,164.75,0,171,171
1,172,344.625,165.25,0,172,172
1,173,97.80952380952381,165.57142857142858,0,173,173
1,174,354.8333333333333,166.0,0,174,174
1,175,350.2911392405063,166.86075949367088,0,175,175
1,176,415.19354838709677,169.51612903225808,0,176,176
1,177,410.3333333333333,170.83333333333334,0,177,177
1,178,357.3333333333333,172.33333333333334,0,178,178
1,179,401.38461538461536,174.0,0,179,179
1,180,396.8333333333333,175.72222222222223,0,180,180
1,181,514.0652173913044,174.7608695652174,0,181,181
1,182,406.64285714285717,175.57142857142858,0,182,182
1,183,348.0,176.5,0,183,183
1,184,355.8965517241379,179.17241379310346,0,184,184
1,185,519.875,180.66666666666666,0,185,185
1,186,509.6458333333333,180.64583333333334,0,186,186
1,187,520.6153846153846,185.6153846153846,0,187,187
1,188,592.5,185.5,0,188,188
1,189,280.3809523809524,186.57142857142858,0,189,189
1,190,217.875,187.25,0,190,190
1,191,275.8888888888889,187.77777777777777,0,191,191
1,192,508.0,187.5,0,192,192
1,193,273.9,188.8,0,193,193
1,194,353.57142857142856,189.61904761904762,0,194,194
1,195,595.969696969697,190.57575757575756,0,195,195
1,196,222.2923076923077,190.92307692307693,0,196,196
1,197,227.375,191.25,0,197,197
1,198,271.85185185185185,191.5185185185185,0,198,198
1,199,217.05882352941177,193.64705882352942,0,199,199
1,200,281.75,191.625,0,200,200
1,201,646.3333333333334,194.0,0,201,201
1,202,288.5,193.5,0,202,202
1,203,209.2876712328767,195.6986301369863,0,203,203
1,204,281.8269230769231,194.75,0,204,204
1,205,295.08,194.46,0,205,205
1,206,644.8,197.0,0,206,206
1,207,546.25,199.625,0,207,207
1,208,596.5138888888889,200.77777777777777,0,208,208
1,209,664.7586206896551,199.6551724137931,0,209,209
1,210,539.5,202.21428571428572,0,210,210
1,211,548.6122448979592,202.10204081632654,0,211,211
1,212,653.0232558139535,202.06976744186048,0,212,212
1,213,225.77777777777777,203.05555555555554,0,213,213
1,214,659.2916666666666,203.08333333333334,0,214,214
1,215,442.44827586206895,208.58620689655172,0,215,215
1,216,448.9714285714286,207.6,0,216,216
1,217,539.1607142857143,209.39285714285714,0,217,217
1,218,587.0,209.71428571428572,0,218,218
1,219,592.6046511627907,208.0,0,219,219
1,220,539.1818181818181,215.1818181818182,0,220,220
1,221,450.4468085106383,217.06382978723406,0,221,221
1,222,441.6666666666667,222.33333333333334,0,222,222
1,223,492.26190476190476,224.0,0,223,223
1,224,479.3636363636364,223.98181818181817,0,224,224
1,225,448.7567567567568,225.83783783783784,0,225,225
1,226,483.7931034482759,228.6206896551724,0,226,226
1,227,491.24242424242425,230.6969696969697,0,227,227
1,228,135.95652173913044,231.3913043478261,0,228,228
1,229,449.3333333333333,230.66666666666666,0,229,229
1,230,402.41818181818184,233.6,0,230,230
1,231,438.75,235.0,0,231,231
1,232,143.76923076923077,236.23076923076923,0,232,232
1,233,446.1578947368421,234.5,0,233,233
1,234,128.1304347826087,240.1304347826087,0,234,234
1,235,122.0,244.625,0,235,235
1,236,136.77215189873417,242.8987341772152,0,236,236
1,237,396.32608695652175,243.34782608695653,0,237,237
1,238,403.6734693877551,242.6734693877551,0,238,238
1,239,119.625,246.75,0,239,239
1,240,407.3333333333333,247.41666666666666,0,240,240
1,241,497.0,250.29166666666666,0,241,241
1,242,509.5689655172414,249.60344827586206,0,242,242
1,243,126.91228070175438,251.47368421052633,0,243,243
1,244,137.4090909090909,251.4318181818182,0,244,244
1,245,490.76,257.96,0,245,245
1,246,132.64705882352942,258.5882352941176,0,246,246
1,247,501.0,258.8837209302326,0,247,247
1,248,494.94117647058823,261.3529411764706,0,248,248
1,249,362.7083333333333,265.0416666666667,0,249,249
1,250,359.77659574468083,270.74468085106383,0,250,250
1,251,351.93333333333334,269.73333333333335,0,251,251
1,252,552.1153846153846,269.84615384615387,0,252,252
1,253,364.9230769230769,273.84615384615387,0,253,253
1,254,548.3,275.9,0,254,254
1,255,360.0,279.7142857142857,0,255,255
1,256,553.6923076923077,280.11538461538464,0,256,256
1,257,390.1111111111111,280.6666666666667,0,257,257
1,258,403.0833333333333,283.1666666666667,0,258,258
1,259,547.0,282.7142857142857,0,259,259
1,260,544.5,285.9117647058824,0,260,260
1,261,391.6,286.48,0,261,261
1,262,397.625,285.75,0,262,262
1,263,385.57142857142856,287.6904761904762,0,263,263
1,264,431.55,288.975,0,264,264
1,265,404.8888888888889,290.6666666666667,0,265,265
1,266,440.3333333333333,290.74074074074076,0,266,266
1,267,658.5882352941177,291.11764705882354,0,267,267
1,268,389.0,292.0,0,268,268
1,269,400.1025641025641,292.05128205128204,0,269,269
1,270,666.0,292.1666666666667,0,270,270
1,271,42.63636363636363,296.09090909090907,0,271,271
1,272,430.8333333333333,296.1666666666667,0,272,272
1,273,662.3085106382979,299.1808510638298,0,273,273
1,274,436.55172413793105,297.3103448275862,0,274,274
1,275,661.0,296.0,0,275,275
1,276,49.5,298.5,0,276,276
1,277,397.8,298.0,0,277,277
1,278,655.5,301.0,0,278,278
1,279,42.170731707317074,301.6585365853659,0,279,279
1,280,440.2857142857143,302.5,0,280,280
1,281,50.7,302.3,0,281,281
1,282,662.75,304.0,0,282,282
1,283,98.9375,304.6875,0,283,283
1,284,435.34375,304.53125,0,284,284
1,285,104.33333333333333,308.0,0,285,285
1,286,107.28571428571429,308.0,0,286,286
1,287,660.6153846153846,308.38461538461536,0,287,287
1,288,49.6,307.9230769230769,0,288,288
1,289,55.27777777777778,308.8333333333333,0,289,289
1,290,655.125,309.1666666666667,0,290,290
1,291,440.2857142857143,310.5,0,291,291
1,292,95.70270270270271,311.8378378378378,0,292,292
1,293,661.2,313.2,0,293,293
1,294,56.71111111111111,313.4222222222222,0,294,294
1,295,108.61904761904762,314.7142857142857,0,295,295
1,296,102.29787234042553,318.70212765957444,0,296,296
1,297,106.44444444444444,321.1111111111111,0,297,297
1,298,96.07692307692308,321.7692307692308,0,298,298
1,299,30.54054054054054,328.2972972972973,0,299,299
1,300,44.1578947368421,331.1578947368421,0,300,300
1,301,35.4264705882353,333.44117647058823,0,301,301
1,302,30.5,336.0,0,302,302
1,303,681.2,336.4,0,303,303
1,304,45.266666666666666,338.81666666666666,0,304,304
1,305,684.0,339.75,0,305,305
1,306,36.04,340.76,0,306,306
1,307,675.0,340.5,0,307,307
1,308,675.4457831325301,346.9156626506024,0,308,308
1,309,682.8181818181819,347.1818181818182,0,309,309
1,310,676.1666666666666,350.1666666666667,0,310,310
1,311,668.3448275862069,351.7241379310345,0,311,311
1,312,672.5,357.0,0,312,312
1,313,66.09677419354838,360.06451612903226,0,313,313
1,314,77.0,363.57142857142856,0,314,314
1,315,69.0909090909091,363.27272727272725,0,315,315
1,316,68.30434782608695,368.6304347826087,0,316,316
1,317,69.06666666666666,374.9,0,317,317
1,318,67.83333333333333,378.1666666666667,0,318,318
1,319,125.875,385.1875,0,319,319
1,320,123.38461538461539,386.84615384615387,0,320,320
1,321,115.55555555555556,392.0,0,321,321
1,322,124.07843137254902,393.3137254901961,0,322,322
1,323,199.3,394.3,0,323,323
1,324,198.0735294117647,398.70588235294116,0,324,324
1,325,125.15384615384616,399.9230769230769,0,325,325
1,326,195.0,401.0,0,326,326
1,327,203.5,400.0,0,327,327
1,328,199.0,404.5,0,328,328
1,329,205.6,404.73333333333335,0,329,329
1,330,210.8,404.4,0,330,330
1,331,197.0,412.0,0,331,331
1,332,29.944444444444443,421.72222222222223,0,332,332
1,333,225.0,420.7142857142857,0,333,333
1,334,26.25,423.0,0,334,334
1,335,222.625,424.75,0,335,335
1,336,233.16666666666666,423.8333333333333,0,336,336
1,337,36.483870967741936,428.19354838709677,0,337,337
1,338,226.30985915492957,427.46478873239437,0,338,338
1,339,232.44,426.52,0,339,339
1,340,585.0909090909091,428.09090909090907,0,340,340
1,341,28.774193548387096,429.83870967741933,0,341,341
1,342,217.0,430.2857142857143,0,342,342
1,343,227.0,432.75,0,343,343
1,344,587.4285714285714,434.6666666666667,0,344,344
1,345,596.25,435.25,0,345,345
1,346,151.33333333333334,437.9166666666667,0,346,346
1,347,232.92307692307693,439.38461538461536,0,347,347
1,348,95.03703703703704,439.5925925925926,0,348,348
1,349,148.28571428571428,439.57142857142856,0,349,349
1,350,103.29577464788733,439.7042253521127,0,350,350
1,351,589.5454545454545,442.1363636363636,0,351,351
1,352,133.44444444444446,443.22222222222223,0,352,352
1,353,141.28971962616822,440.5140186915888,0,353,353
1,354,145.2,444.6,0,354,354
1,355,603.3921568627451,444.9019607843137,0,355,355
1,356,106.2,445.0,0,356,356
1,357,138.16666666666666,446.1666666666667,0,357,357
1,358,530.5,449.72727272727275,0,358,358
1,359,54.4375,460.5625,0,359,359
1,360,529.4137931034483,462.7241379310345,0,360,360
1,361,536.8405797101449,463.5652173913044,0,361,361
1,362,44.94565217391305,470.69565217391306,0,362,362
1,363,26.923076923076923,477.15384615384613,0,363,363
1,364,536.8730158730159,476.6507936507937,0,364,364
1,365,80.94736842105263,480.10526315789474,0,365,365
1,366,214.2,483.4,0,366,366
1,367,52.95,485.6,0,367,367
1,368,63.73684210526316,484.5263157894737,0,368,368
1,369,72.37931034482759,485.0919540229885,0,369,369
1,370,212.3,485.3,0,370,370
1,371,608.8181818181819,486.8181818181818,0,371,371
1,372,603.75,487.6923076923077,0,372,372
1,373,49.42857142857143,489.7142857142857,0,373,373
1,374,60.56060606060606,489.469696969697,0,374,374
1,375,222.0,488.25,0,375,375
1,376,333.625,489.4375,0,376,376
1,377,43.38095238095238,492.57142857142856,0,377,377
1,378,220.36363636363637,491.3030303030303,0,378,378
1,379,341.5,493.5,0,379,379
1,380,206.3,494.3,0,380,380
1,381,608.8888888888889,494.77777777777777,0,381,381
1,382,325.8888888888889,495.6666666666667,0,382,382
1,383,212.2,495.22962962962964,0,383,383
1,384,226.0,498.5,0,384,384
1,385,321.8,498.73333333333335,0,385,385
1,386,219.8125,501.3125,0,386,386
1,387,324.61538461538464,501.7692307692308,0,387,387
1,388,614.2083333333334,501.1041666666667,0,388,388
1,389,332.44444444444446,502.4074074074074,0,389,389
1,390,608.0833333333334,502.4166666666667,0,390,390
1,391,338.6666666666667,502.875,0,391,391
1,392,614.8181818181819,512.8181818181819,0,392,392
2,1,197.0,15.5,0,1,1
2,2,453.5,17.5,0,2,2
2,3,205.15384615384616,18.53846153846154,0,3,3
2,4,458.0,19.0,0,4,4
2,5,560.0,18.5,0,5,5
2,6,565.95,17.25,0,6,6
2,7,189.36111111111111,16.75,0,7,7
2,8,259.0,19.764705882352942,0,8,8
2,9,568.4285714285714,21.214285714285715,0,9,9
2,10,201.25,23.1875,0,10,10
2,11,256.375,23.8125,0,11,11
2,12,192.34615384615384,25.26923076923077,0,12,12
2,13,197.0909090909091,25.636363636363637,0,13,13
2,14,380.3636363636364,27.90909090909091,0,14,14
2,15,453.38461538461536,28.615384615384617,0,15,15
2,16,458.95,28.9,0,16,16
2,17,554.0,29.17391304347826,0,17,17
2,18,358.5,33.0,0,18,18
2,19,67.0,33.0,0,19,19
2,20,349.04,33.76,0,20,20
2,21,239.4,34.2,0,21,21
2,22,245.5,34.5,0,22,22
2,23,464.5,33.5,0,23,23
2,24,377.5,36.5,0,24,24
2,25,384.6363636363636,36.54545454545455,0,25,25
2,26,457.0,35.75,0,26,26
2,27,460.2857142857143,36.0,0,27,27
2,28,71.4,37.4,0,28,28
2,29,60.63636363636363,37.90909090909091,0,29,29
2,30,169.8,39.68,0,30,30
2,31,335.5,39.5,0,31,31
2,32,79.86666666666666,40.333333333333336,0,32,32
2,33,240.55,40.3,0,33,33
2,34,247.11904761904762,41.69047619047619,0,34,34
2,35,331.0,41.0,0,35,35
2,36,350.08,39.72,0,36,36
2,37,601.3636363636364,42.09090909090909,0,37,37
2,38,572.3333333333334,42.166666666666664,0,38,38
2,39,66.07142857142857,44.125,0,39,39
2,40,70.3529411764706,44.64705882352941,0,40,40
2,41,162.21875,45.3125,0,41,41
2,42,77.5,45.0,0,42,42
2,43,384.7241379310345,44.41379310344828,0,43,43
2,44,572.75,45.0,0,44,44
2,45,173.77777777777777,45.407407407407405,0,45,45
2,46,351.0,46.0,0,46,46
2,47,355.05194805194805,48.98701298701299,0,47,47
2,48,569.7058823529412,44.705882352941174,0,48,48
2,49,164.75,47.0,0,49,49
2,50,334.875,49.208333333333336,0,50,50
2,51,338.125,47.875,0,51,51
2,52,387.9166666666667,48.333333333333336,0,52,52
2,53,419.8333333333333,46.833333333333336,0,53,53
2,54,580.047619047619,49.0,0,54,54
2,55,605.2,47.0,0,55,55
2,56,235.33333333333334,49.86666666666667,0,56,56
2,57,330.07142857142856,50.67857142857143,0,57,57
2,58,170.1,51.95,0,58,58
2,59,570.2857142857143,50.785714285714285,0,59,59
2,60,603.0,50.60526315789474,0,60,60
2,61,413.6,52.8,0,61,61
2,62,608.1785714285714,52.892857142857146,0,62,62
2,63,419.6666666666667,52.763888888888886,0,63,63
2,64,428.5,54.714285714285715,0,64,64
2,65,569.2222222222222,55.55555555555556,0,65,65
2,66,329.1666666666667,55.833333333333336,0,66,66
2,67,543.0434782608696,57.26086956521739,0,67,67
2,68,423.96666666666664,59.666666666666664,0,68,68
2,69,552.030303030303,59.09090909090909,0,69,69
2,70,654.1818181818181,61.27272727272727,0,70,70
2,71,343.07142857142856,62.714285714285715,0,71,71
2,72,546.0909090909091,64.10606060606061,0,72,72
2,73,434.38461538461536,63.61538461538461,0,73,73
2,74,325.6666666666667,64.11111111111111,0,74,74
2,75,422.5,64.28571428571429,0,75,75
2,76,245.75,65.0,0,76,76
2,77,240.63793103448276,66.5,0,77,77
2,78,333.6666666666667,66.66666666666667,0,78,78
2,79,647.3333333333334,66.91666666666667,0,79,79
2,80,650.8,67.6,0,80,80
2,81,658.2333333333333,67.96666666666667,0,81,81
2,82,234.3448275862069,69.48275862068965,0,82,82
2,83,127.5,69.5,0,83,83
2,84,229.9090909090909,69.63636363636364,0,84,84
2,85,336.04761904761904,70.45238095238095,0,85,85
2,86,479.6666666666667,69.66666666666667,0,86,86
2,87,252.0,70.71428571428571,0,87,87
2,88,471.57142857142856,70.32142857142857,0,88,88
2,89,485.536231884058,71.10144927536231,0,89,89
2,90,250.0,73.75,0,90,90
2,91,350.27777777777777,71.61111111111111,0,91,91
2,92,462.52941176470586,74.88235294117646,0,92,92
2,93,136.26530612244898,77.37755102040816,0,93,93
2,94,464.75,75.0,0,94,94
2,95,196.85714285714286,76.42857142857143,0,95,95
2,96,655.8630136986301,75.28767123287672,0,96,96
2,97,191.57142857142858,79.42857142857143,0,97,97
2,98,465.1875,80.1875,0,98,98
2,99,187.85294117647058,81.58823529411765,0,99,99
2,100,595.0,80.25,0,100,100
2,101,474.9736842105263,80.84210526315789,0,101,101
2,102,100.78571428571429,84.64285714285714,0,102,102
2,103,192.4,84.8,0,103,103
2,104,109.0,86.2,0,104,104
2,105,197.47222222222223,86.69444444444444,0,105,105
2,106,597.3561643835617,85.34246575342466,0,106,106
2,107,604.3333333333334,87.38888888888889,0,107,107
2,108,592.625,89.375,0,108,108
2,109,614.875,89.125,0,109,109
2,110,116.375,89.75,0,110,110
2,111,138.5,89.17647058823529,0,111,111
2,112,193.625,90.15625,0,112,112
2,113,305.3888888888889,91.77777777777777,0,113,113
2,114,195.16666666666666,93.16666666666667,0,114,114
2,115,113.21212121212122,91.51515151515152,0,115,115
2,116,147.6153846153846,95.17307692307692,0,116,116
2,117,381.8333333333333,95.0,0,117,117
2,118,385.75,95.625,0,118,118
2,119,391.8181818181818,98.36363636363636,0,119,119
2,120,62.5,100.5,0,120,120
2,121,118.96551724137932,102.79310344827586,0,121,121
2,122,515.5625,101.28125,0,122,122
2,123,385.9736842105263,100.67105263157895,0,123,123
2,124,426.9,102.6,0,124,124
2,125,438.7659574468085,98.55319148936171,0,125,125
2,126,306.0,101.71428571428571,0,126,126
2,127,522.5,103.5,0,127,127
2,128,449.53333333333336,103.66666666666667,0,128,128
2,129,445.0,105.28571428571429,0,129,129
2,130,152.984126984127,107.87301587301587,0,130,130
2,131,391.2758620689655,107.58620689655173,0,131,131
2,132,435.96153846153845,107.92307692307692,0,132,132
2,133,306.48837209302326,107.29457364341086,0,133,133
2,134,513.15625,107.46875,0,134,134
2,135,71.0,108.3157894736842,0,135,135
2,136,64.0,110.0,0,136,136
2,137,386.5,111.5,0,137,137
2,138,441.8888888888889,112.33333333333333,0,138,138
2,139,504.7164179104478,111.43283582089552,0,139,139
2,140,69.13669064748201,116.45323741007195,0,140,140
2,141,311.75,114.0,0,141,141
2,142,338.0,114.5,0,142,142
2,143,309.46666666666664,114.73333333333333,0,143,143
2,144,503.84615384615387,116.92307692307692,0,144,144
2,145,495.11764705882354,116.58823529411765,0,145,145
2,146,60.75,117.33333333333333,0,146,146
2,147,322.04651162790697,118.32558139534883,0,147,147
2,148,35.25,119.625,0,148,148
2,149,329.6,120.6,0,149,149
2,150,303.0243902439024,119.92682926829268,0,150,150
2,151,26.833333333333332,120.83333333333333,0,151,151
2,152,316.8333333333333,123.16666666666667,0,152,152
2,153,320.1333333333333,124.66666666666667,0,153,153
2,154,331.1621621621622,126.02702702702703,0,154,154
2,155,335.0,126.0,0,155,155
2,156,400.5882352941176,130.88235294117646,0,156,156
2,157,640.2424242424242,130.95454545454547,0,157,157
2,158,36.285714285714285,133.71428571428572,0,158,158
2,159,395.02702702702703,133.43243243243242,0,159,159
2,160,41.166666666666664,133.16666666666666,0,160,160
2,161,32.0,135.28571428571428,0,161,161
2,162,386.0,133.25,0,162,162
2,163,449.54347826086956,133.65217391304347,0,163,163
2,164,321.4736842105263,133.1315789473684,0,164,164
2,165,391.0,135.0,0,165,165
2,166,649.6470588235294,134.52941176470588,0,166,166
2,167,232.38888888888889,135.86111111111111,0,167,167
2,168,389.75,136.0,0,168,168
2,169,46.0,137.26470588235293,0,169,169
2,170,320.6666666666667,137.33333333333334,0,170,170
2,171,385.70588235294116,136.41176470588235,0,171,171
2,172,398.7142857142857,138.0,0,172,172
2,173,402.80555555555554,138.41666666666666,0,173,173
2,174,33.0,139.16666666666666,0,174,174
2,175,458.7142857142857,140.07142857142858,0,175,175
2,176,35.5,142.5,0,176,176
2,177,645.96875,141.5,0,177,177
2,178,379.38461538461536,142.3846153846154,0,178,178
2,179,441.45454545454544,142.1818181818182,0,179,179
2,180,445.66,144.2,0,180,180
2,181,276.7142857142857,145.42857142857142,0,181,181
2,182,233.75,145.625,0,182,182
2,183,225.70731707317074,148.9512195121951,0,183,183
2,184,371.7894736842105,149.3684210526316,0,184,184
2,185,280.05,148.6,0,185,185
2,186,113.0,150.25,0,186,186
2,187,289.2916666666667,151.13888888888889,0,187,187
2,188,117.44444444444444,154.0,0,188,188
2,189,240.4848484848485,154.6969696969697,0,189,189
2,190,102.51666666666667,155.65,0,190,190
2,191,364.14285714285717,155.42857142857142,0,191,191
2,192,232.61904761904762,154.0,0,192,192
2,193,499.77777777777777,157.88888888888889,0,193,193
2,194,113.27173913043478,156.93478260869566,0,194,194
2,195,296.2903225806452,158.5483870967742,0,195,195
2,196,360.5,158.5,0,196,196
2,197,305.3421052631579,160.18421052631578,0,197,197
2,198,371.79411764705884,158.86470588235295,0,198,198
2,199,117.42857142857143,162.28571428571428,0,199,199
2,200,505.2857142857143,163.78571428571428,0,200,200
2,201,105.6,164.4,0,201,201
2,202,603.5454545454545,162.1818181818182,0,202,202
2,203,310.21153846153845,165.8653846153846,0,203,203
2,204,489.70454545454544,165.11363636363637,0,204,204
2,205,498.6,165.375,0,205,205
2,206,494.84615384615387,168.73076923076923,0,206,206
2,207,504.3333333333333,168.88888888888889,0,207,207
2,208,602.5657894736842,168.80263157894737,0,208,208
2,209,317.8139534883721,171.74418604651163,0,209,209
2,210,495.0,171.75,0,210,210
2,211,605.625,175.0,0,211,211
2,212,21.0,177.5,0,212,212
2,213,28.90909090909091,177.36363636363637,0,213,213
2,214,591.5094339622641,181.1509433962264,0,214,214
2,215,27.166666666666668,180.83333333333334,0,215,215
2,216,583.0,182.5,0,216,216
2,217,32.285714285714285,184.0,0,217,217
2,218,24.40740740740741,187.88148148148147,0,218,218
2,219,432.7837837837838,190.3783783783784,0,219,219
2,220,15.11111111111111,191.33333333333334,0,220,220
2,221,423.65,190.75,0,221,221
2,222,545.4571428571429,192.25714285714287,0,222,222
2,223,552.8148148148148,191.59259259259258,0,223,223
2,224,21.0,193.75,0,224,224
2,225,140.375,193.25,0,225,225
2,226,537.1875,193.375,0,226,226
2,227,44.25,194.0,0,227,227
2,228,425.5609756097561,195.73170731707316,0,228,228
2,229,436.5,194.0,0,229,229
2,230,137.05,194.325,0,230,230
2,231,430.27272727272725,195.77272727272728,0,231,231
2,232,19.75,196.25,0,232,232
2,233,32.470588235294116,195.88235294117646,0,233,233
2,234,513.0,195.25,0,234,234
2,235,147.33333333333334,197.53333333333333,0,235,235
2,236,41.3125,195.6875,0,236,236
2,237,551.4,197.9,0,237,237
2,238,425.0,200.0,0,238,238
2,239,545.0,199.17391304347825,0,239,239
2,240,431.95454545454544,200.3181818181818,0,240,240
2,241,512.0697674418604,198.97674418604652,0,241,241
2,242,140.28571428571428,200.38095238095238,0,242,242
2,243,35.9,203.2,0,243,243
2,244,42.77647058823529,202.1529411764706,0,244,244
2,245,640.6923076923077,203.1153846153846,0,245,245
2,246,405.5128205128205,204.3846153846154,0,246,246
2,247,48.166666666666664,204.83333333333334,0,247,247
2,248,507.6511627906977,204.51162790697674,0,248,248
2,249,517.4,205.66666666666666,0,249,249
2,250,535.5405405405405,205.27027027027026,0,250,250
2,251,650.8333333333334,205.0,0,251,251
2,252,520.1666666666666,206.16666666666666,0,252,252
2,253,38.875,209.125,0,253,253
2,254,86.27272727272727,209.0909090909091,0,254,254
2,255,144.35294117647058,208.8235294117647,0,255,255
2,256,414.89285714285717,209.28571428571428,0,256,256
2,257,638.0,210.28571428571428,0,257,257
2,258,654.4166666666666,210.25,0,258,258
2,259,92.36220472440945,210.1259842519685,0,259,259
2,260,101.0,210.76666666666668,0,260,260
2,261,518.8333333333334,210.83333333333334,0,261,261
2,262,511.29411764705884,211.5,0,262,262
2,263,405.2916666666667,212.5,0,263,263
2,264,418.8,212.0,0,264,264
2,265,644.8444444444444,214.17777777777778,0,265,265
2,266,410.17543859649123,215.57894736842104,0,266,266
2,267,506.10526315789474,216.57894736842104,0,267,267
2,268,265.0,216.5,0,268,268
2,269,420.05263157894734,216.26315789473685,0,269,269
2,270,648.92,218.32,0,270,270
2,271,636.0,219.5,0,271,271
2,272,525.8,220.6,0,272,272
2,273,90.75757575757575,222.04545454545453,0,273,273
2,274,105.64285714285714,223.02380952380952,0,274,274
2,275,473.75,222.625,0,275,275
2,276,513.8333333333334,222.83333333333334,0,276,276
2,277,584.0595238095239,225.4404761904762,0,277,277
2,278,542.25,224.625,0,278,278
2,279,513.6875,225.125,0,279,279
2,280,521.5909090909091,225.95454545454547,0,280,280
2,281,559.5277777777778,226.69444444444446,0,281,281
2,282,574.125,226.15625,0,282,282
2,283,262.28205128205127,228.97435897435898,0,283,283
2,284,578.6470588235294,227.52941176470588,0,284,284
2,285,546.76,228.42,0,285,285
2,286,278.75,228.625,0,286,286
2,287,478.375,230.75,0,287,287
2,288,516.5576923076923,229.6346153846154,0,288,288
2,289,534.9090909090909,230.63636363636363,0,289,289
2,290,91.55555555555556,231.64444444444445,0,290,290
2,291,472.86915887850466,230.46728971962617,0,291,291
2,292,278.7230769230769,233.33846153846153,0,292,292
2,293,272.44444444444446,233.66666666666666,0,293,293
2,294,469.8333333333333,236.83333333333334,0,294,294
2,295,519.6595744680851,236.53191489361703,0,295,295
2,296,532.4074074074074,238.07407407407408,0,296,296
2,297,572.48,240.36,0,297,297
2,298,473.9130434782609,241.2608695652174,0,298,298
2,299,580.0,240.5,0,299,299
2,300,280.0,244.0,0,300,300
2,301,284.6666666666667,245.11111111111111,0,301,301
2,302,534.6774193548387,245.74193548387098,0,302,302
2,303,532.030303030303,257.3560606060606,0,303,303
2,304,632.3255813953489,255.06976744186048,0,304,304
2,305,538.0,256.0,0,305,305
2,306,640.4615384615385,255.23076923076923,0,306,306
2,307,125.4074074074074,256.81481481481484,0,307,307
2,308,646.0,258.2857142857143,0,308,308
2,309,634.4444444444445,262.77777777777777,0,309,309
2,310,639.6363636363636,260.6818181818182,0,310,310
2,311,122.875,262.975,0,311,311
2,312,641.0,265.8333333333333,0,312,312
2,313,127.88461538461539,265.15384615384613,0,313,313
2,314,350.5,269.0,0,314,314
2,315,19.724137931034484,272.62068965517244,0,315,315
2,316,115.91304347826087,274.7826086956522,0,316,316
2,317,345.1818181818182,275.1818181818182,0,317,317
2,318,125.1875,275.9375,0,318,318
2,319,507.5,278.5,0,319,319
2,320,526.0240963855422,278.33734939759034,0,320,320
2,321,23.4375,278.75,0,321,321
2,322,514.8659793814433,280.07216494845363,0,322,322
2,323,354.1923076923077,281.61538461538464,0,323,323
2,324,438.7,280.3,0,324,324
2,325,347.8666666666667,283.0,0,325,325
2,326,361.0,282.25,0,326,326
2,327,445.1578947368421,282.8421052631579,0,327,327
2,328,17.304878048780488,284.2926829268293,0,328,328
2,329,439.0,282.8,0,329,329
2,330,22.155555555555555,289.1111111111111,0,330,330
2,331,360.20454545454544,285.77272727272725,0,331,331
2,332,429.57142857142856,288.14285714285717,0,332,332
2,333,439.43636363636364,287.6909090909091,0,333,333
2,334,433.7692307692308,293.0153846153846,0,334,334
2,335,11.548387096774194,294.9032258064516,0,335,335
2,336,70.0,294.36842105263156,0,336,336
2,337,197.26666666666668,292.6666666666667,0,337,337
2,338,84.36666666666666,295.3666666666667,0,338,338
2,339,211.0,294.55555555555554,0,339,339
2,340,593.2692307692307,296.0,0,340,340
2,341,141.16666666666666,298.125,0,341,341
2,342,77.12307692307692,299.89230769230767,0,342,342
2,343,122.77777777777777,299.8888888888889,0,343,343
2,344,587.38,299.38,0,344,344
2,345,133.03125,301.53125,0,345,345
2,346,368.6923076923077,302.0,0,346,346
2,347,83.0,304.34615384615387,0,347,347
2,348,220.91666666666666,302.6458333333333,0,348,348
2,349,464.25,303.0,0,349,349
2,350,88.71428571428571,304.64285714285717,0,350,350
2,351,580.5846153846154,304.5230769230769,0,351,351
2,352,137.11428571428573,304.9428571428571,0,352,352
2,353,466.8095238095238,304.0952380952381,0,353,353
2,354,127.28571428571429,308.5,0,354,354
2,355,204.94444444444446,308.55555555555554,0,355,355
2,356,370.9166666666667,308.8333333333333,0,356,356
2,357,361.8333333333333,308.8333333333333,0,357,357
2,358,471.10526315789474,308.0,0,358,358
2,359,572.875,308.9583333333333,0,359,359
2,360,659.8518518518518,309.2962962962963,0,360,360
2,361,674.9545454545455,309.72727272727275,0,361,361
2,362,214.27586206896552,310.58620689655174,0,362,362
2,363,461.25,310.0,0,363,363
2,364,465.43548387096774,311.98387096774195,0,364,364
2,365,566.6363636363636,312.6363636363636,0,365,365
2,366,669.2333333333333,312.76666666666665,0,366,366
2,367,366.11764705882354,315.3921568627451,0,367,367
2,368,375.0,315.3076923076923,0,368,368
2,369,670.0,317.2,0,369,369
2,370,662.0333333333333,318.6666666666667,0,370,370
2,371,462.86486486486484,321.4864864864865,0,371,371
2,372,673.8620689655172,319.44827586206895,0,372,372
2,373,681.7052631578947,320.1578947368421,0,373,373
2,374,663.8611111111111,324.3888888888889,0,374,374
2,375,374.0,326.25,0,375,375
2,376,681.2727272727273,328.42424242424244,0,376,376
2,377,373.9714285714286,329.57142857142856,0,377,377
2,378,296.26666666666665,336.93333333333334,0,378,378
2,379,285.2307692307692,338.12820512820514,0,379,379
2,380,293.56,341.86,0,380,380
2,381,279.86,342.96,0,381,381
2,382,302.24590163934425,345.44262295081967,0,382,382
2,383,288.4782608695652,346.95652173913044,0,383,383
2,384,186.74172185430464,355.3112582781457,0,384,384
2,385,197.625,354.25,0,385,385
2,386,201.4047619047619,353.9047619047619,0,386,386
2,387,194.1818181818182,357.0,0,387,387
2,388,174.38095238095238,360.42857142857144,0,388,388
2,389,185.75,363.375,0,389,389
2,390,341.5,377.5,0,390,390
2,391,349.0,379.55555555555554,0,391,391
2,392,628.4761904761905,379.57142857142856,0,392,392
2,393,350.0,383.0625,0,393,393
2,394,629.8076923076923,383.7692307692308,0,394,394
2,395,342.85714285714283,384.92857142857144,0,395,395
2,396,358.6057692307692,387.8269230769231,0,396,396
2,397,363.44444444444446,387.0,0,397,397
2,398,631.74,389.4,0,398,398
2,399,638.7894736842105,390.05263157894734,0,399,399
2,400,618.0,392.2,0,400,400
2,401,635.2857142857143,391.0,0,401,401
2,402,641.3333333333334,391.3333333333333,0,402,402
2,403,110.28571428571429,393.42857142857144,0,403,403
2,404,102.25,393.625,0,404,404
2,405,103.91525423728814,396.52542372881356,0,405,405
2,406,98.25,397.0,0,406,406
2,407,619.1666666666666,398.0,0,407,407
2,408,635.8787878787879,399.3939393939394,0,408,408
2,409,640.8333333333334,402.55555555555554,0,409,409
2,410,116.52941176470588,404.05882352941177,0,410,410
2,411,111.77272727272727,404.6363636363636,0,411,411
2,412,642.1428571428571,405.2857142857143,0,412,412
2,413,634.6923076923077,407.0,0,413,413
2,414,96.09433962264151,409.1509433962264,0,414,414
2,415,116.9090909090909,410.3636363636364,0,415,415
2,416,107.81481481481481,412.18518518518516,0,416,416
2,417,105.66666666666667,415.6666666666667,0,417,417
2,418,627.25,464.75,0,418,418
2,419,650.0,465.5,0,419,419
2,420,650.125,469.8125,0,420,420
2,421,639.6304347826087,471.3695652173913,0,421,421
2,422,632.0,474.0,0,422,422
2,423,514.3333333333334,474.46666666666664,0,423,423
2,424,152.4,476.2,0,424,424
2,425,213.86363636363637,477.3636363636364,0,425,425
2,426,503.4,477.4,0,426,426
2,427,644.1896551724138,478.01724137931035,0,427,427
2,428,220.42857142857142,478.7142857142857,0,428,428
2,429,653.6,479.4,0,429,429
2,430,91.4186046511628,481.25581395348837,0,430,430
2,431,220.04545454545453,481.1515151515151,0,431,431
2,432,152.875,482.3333333333333,0,432,432
2,433,508.77142857142854,483.2857142857143,0,433,433
2,434,218.0,484.44444444444446,0,434,434
2,435,632.5555555555555,482.22222222222223,0,435,435
2,436,630.9565217391304,485.60869565217394,0,436,436
2,437,238.875,485.6666666666667,0,437,437
2,438,510.3125,487.5625,0,438,438
2,439,157.36363636363637,488.54545454545456,0,439,439
2,440,502.7857142857143,488.5,0,440,440
2,441,83.96491228070175,491.35087719298247,0,441,441
2,442,150.5,492.0,0,442,442
2,443,242.0,493.3720930232558,0,443,443
2,444,245.44444444444446,494.0,0,444,444
2,445,155.25,496.25,0,445,445
2,446,505.54901960784315,498.4313725490196,0,446,446
2,447,77.76190476190476,499.7142857142857,0,447,447
2,448,239.46938775510205,499.2857142857143,0,448,448
2,449,155.94594594594594,502.2162162162162,0,449,449
2,450,147.875,505.125,0,450,450
2,451,83.0,504.48837209302326,0,451,451
2,452,502.90909090909093,511.90909090909093,0,452,452
