method,pdb_id,target_name,rmsd,best_mode_rmsd,time_s,score,energy_gap,native_rank,gap_proof,target_class,binding_mode
DQv1,1hk4,HUMAN SERUM ALBUMIN COMPLEXED WITH THYROXINE,0.1791012436151504,0.1791012436151504,18.43653154373169,-4.962478160858154,0.0692791938781738,7.0,proved,other,standard
DQv1,1gni,HUMAN SERUM ALBUMIN COMPLEXED WITH CIS-9-OCTADECENOIC ACID,0.7095267176628113,0.7095267176628113,19.53746342658997,-4.645695209503174,0.2140045166015625,93.0,proved,other,standard
DQv1,1nhu,HEPATITIS C VIRUS RNA POLYMERASE IN COMPLEX WITH,0.4493561387062073,0.4493561387062073,18.81152892112732,-4.610044956207275,0.0099387168884277,1.0,proved,transferase,standard
DQv1,2d3z,X-RAY CRYSTAL STRUCTURE OF HEPATITIS C VIRUS RNA-DEPENDENT,0.4082312881946563,0.4082312881946563,18.489930152893063,-5.407583713531494,0.2424497604370117,20.0,proved,transferase,standard
DQv1,2d3u,X-RAY CRYSTAL STRUCTURE OF HEPATITIS C VIRUS RNA DEPENDENT,0.4899197816848755,0.4899197816848755,19.51109743118286,-5.938568592071533,0.453129768371582,65.0,proved,transferase,standard
DQv1,1ajp,"PENICILLIN ACYLASE COMPLEXED WITH 2,5-DIHYDROXYPHENYLACETIC",1.072787880897522,1.072787880897522,19.709794282913208,-3.8464643955230713,0.1470210552215576,52.0,proved,hydrolase,standard
DQv1,1ai5,PENICILLIN ACYLASE COMPLEXED WITH M-NITROPHENYLACETIC ACID,0.5974417924880981,0.5974417924880981,19.711368083953857,-3.9827728271484375,0.2341468334197998,63.0,proved,hydrolase,standard
DQv1,1ajq,PENICILLIN ACYLASE COMPLEXED WITH THIOPHENEACETIC ACID,0.3357986807823181,0.3357986807823181,19.150357484817505,-3.260068655014038,0.2151350975036621,28.0,proved,hydrolase,standard
DQv1,1gpk,STRUCTURE OF ACETYLCHOLINESTERASE COMPLEX WITH,0.2744768559932709,0.2744768559932709,19.45591950416565,-5.782873630523682,0.1108226776123046,21.0,proved,hydrolase,standard
DQv1,1h23,STRUCTURE OF ACETYLCHOLINESTERASE (E.C. 3.1.1.7) COMPLEXED,0.3170445263385772,0.3170445263385772,20.049546003341675,-7.771501064300537,0.0181074142456054,1.0,proved,hydrolase,standard
DQv1,1e66,STRUCTURE OF ACETYLCHOLINESTERASE COMPLEXED WITH,0.2088392525911331,0.2088392525911331,18.97627878189087,-7.366549015045166,0.0621891021728515,1.0,proved,hydrolase,standard
DQv1,2rkm,STRUCTURE OF OPPA COMPLEXED WITH LYS-LYS,0.45728200674057,0.45728200674057,18.101967096328732,-2.8646864891052246,0.0455470085144043,21.0,proved,transport,multi_residue
DQv1,1u33,IN SITU EXTENSION AS AN APPROACH FOR IDENTIFYING NOVEL,0.396301120519638,0.396301120519638,19.436684131622314,-6.1372480392456055,1.2982196807861328,41.0,proved,hydrolase,standard
DQv1,1xd1,ACARBOSE REARRANGEMENT MECHANISM IMPLIED BY THE KINETIC AND,0.3154456317424774,0.3154456317424774,20.62081503868103,-7.355757713317871,0.0947895050048828,3.0,proved,hydrolase,standard
DQv1,1uwt,STRUCTURE OF BETA-GLYCOSIDASE FROM SULFOLOBUS SOLFATARICUS,0.3265525698661804,0.3265525698661804,18.28628134727478,-3.843698501586914,0.4785730838775635,17.0,proved,hydrolase,standard
DQv1,2ceq,BETA-GLYCOSIDASE FROM SULFOLOBUS SOLFATARICUS IN COMPLEX,0.5192362666130066,0.5192362666130066,20.02367353439331,-4.489261627197266,0.5713655948638916,23.0,proved,hydrolase,standard
DQv1,2cer,BETA-GLYCOSIDASE FROM SULFOLOBUS SOLFATARICUS IN COMPLEX,0.4944500029087066,0.4944500029087066,19.11923384666443,-5.594006538391113,0.1737260818481445,4.0,proved,hydrolase,standard
DQv1,2qwb,THE X-RAY STRUCTURE OF A COMPLEX OF SIALIC ACID AND A DRUG,0.6034529209136963,0.6034529209136963,19.10050368309021,-3.711261034011841,0.451519250869751,27.0,proved,hydrolase,standard
DQv1,2qwd,THE X-RAY STRUCTURE OF A COMPLEX OF 4-AMINO-NEU5AC2EN AND A,0.7473254799842834,0.7473254799842834,18.538582801818848,-3.5711605548858643,0.8098955154418945,661.0,proved,hydrolase,standard
DQv1,2qwe,THE X-RAY STRUCTURE OF A COMPLEX OF 4-GUANIDINO-NEU5AC2EN,0.5860838890075684,0.5860838890075684,18.622068166732788,-4.568259239196777,0.1508052349090576,3.0,proved,hydrolase,standard
DQv1,2j77,BETA-GLUCOSIDASE FROM THERMOTOGA MARITIMA IN COMPLEX WITH,0.5005393028259277,0.5005393028259277,18.693177223205566,-3.4596354961395264,0.6278271675109863,144.0,proved,hydrolase,standard
DQv1,2j78,BETA-GLUCOSIDASE FROM THERMOTOGA MARITIMA IN COMPLEX WITH,0.5266261696815491,0.5266261696815491,18.26316976547241,-3.9157660007476807,0.3185310363769531,10.0,proved,hydrolase,standard
DQv1,2cet,BETA-GLUCOSIDASE FROM THERMOTOGA MARITIMA IN COMPLEX WITH,0.6261179447174072,0.6261179447174072,18.762598276138306,-5.43646240234375,0.1336255073547363,4.0,proved,hydrolase,standard
DQv1,2g94,CRYSTAL STRUCTURE OF BETA-SECRETASE BOUND TO A POTENT AND,0.3622295558452606,0.3622295558452606,18.81258749961853,-8.384161949157715,0.6728277206420898,20.0,proved,hydrolase,standard
DQv1,1n2v,CRYSTAL STRUCTURE OF TGT IN COMPLEX WITH,0.5877795815467834,0.5877795815467834,18.7793288230896,-4.195391178131104,0.3362650871276855,164.0,proved,transferase,standard
DQv1,1k4g,CRYSTAL STRUCTURE OF TRNA-GUANINE TRANSGLYCOSYLASE (TGT),1.3566923141479492,1.3566923141479492,18.891658544540405,-5.0997467041015625,0.3535704612731933,238.0,proved,transferase,standard
DQv1,1s39,CRYSTAL STRUCTURE OF TGT IN COMPLEX WITH,0.4723118245601654,0.4723118245601654,18.783111572265625,-3.9985239505767822,0.0273373126983642,4.0,proved,transferase,standard
DQv1,2bak,P38ALPHA MAP KINASE BOUND TO MPAQ,0.3830978870391845,0.3830978870391845,19.573864936828613,-8.542752265930176,0.0933980941772461,6.0,proved,transferase,standard
DQv1,2baj,P38ALPHA BOUND TO PYRAZOLOUREA,0.3584693074226379,0.3584693074226379,19.931392431259155,-7.428549766540527,0.1002302169799804,10.0,proved,transferase,standard
DQv1,1ndw,CRYSTAL STRUCTURE OF ADENOSINE DEAMINASE COMPLEXED WITH,0.5538448691368103,0.5538448691368103,18.860798597335812,-4.934902667999268,0.3002948760986328,51.0,proved,hydrolase,metal_mediated
DQv1,1ndy,CRYSTAL STRUCTURE OF ADENOSINE DEAMINASE COMPLEXED WITH,0.2261638343334198,0.2261638343334198,19.0572566986084,-5.726559638977051,0.0936822891235351,7.0,proved,hydrolase,metal_mediated
DQv1,1ndz,CRYSTAL STRUCTURE OF ADENOSINE DEAMINASE COMPLEXED WITH,0.4703154265880584,0.4703154265880584,19.64771318435669,-8.136627197265625,1.0074644088745115,114.0,proved,hydrolase,metal_mediated
DQv1,1l2s,X-RAY CRYSTAL STRUCTURE OF AMPC BETA-LACTAMASE FROM E. COLI,0.778343915939331,0.778343915939331,18.19708228111267,-3.944260835647583,0.106360912322998,9.0,proved,hydrolase,standard
DQv1,1xgj,AMPC BETA-LACTAMASE IN COMPLEX WITH 3-(4-CARBOXY-2-HYDROXY-,0.8044193983078003,0.8044193983078003,18.62547206878662,-3.8980636596679688,1.1009926795959473,1045.0,proved,hydrolase,standard
DQv1,1q8t,THE CATALYTIC SUBUNIT OF CAMP-DEPENDENT PROTEIN KINASE,1.1843442916870115,1.1843442916870115,19.43344807624817,-4.3559770584106445,0.0900778770446777,21.0,proved,transferase,standard
DQv1,1ydt,"STRUCTURE OF CAMP-DEPENDENT PROTEIN KINASE, ALPHA-CATALYTIC",0.2498293966054916,0.2498293966054916,19.79387927055359,-6.820609092712402,0.0090231895446777,3.0,proved,transferase,standard
DQv1,1re8,CRYSTAL STRUCTURE OF CAMP-DEPENDENT PROTEIN KINASE,0.4091747999191284,0.4091747999191284,19.94447159767151,-7.989536762237549,0.0938363075256347,4.0,proved,transferase,standard
DQv1,1m2q,"CRYSTAL STRUCTURE OF 1,8-DI-HYDROXY-4-NITRO-XANTEN-9-ONE/CK2",0.3831090927124023,0.3831090927124023,19.93667268753052,-5.599687099456787,0.050490379333496,8.0,proved,transferase,standard
DQv1,1om1,CRYSTAL STRUCTURE OF MAIZE CK2 ALPHA IN COMPLEX WITH IQA,0.5849882960319519,0.5849882960319519,20.321222066879272,-6.130013465881348,0.8732810020446777,145.0,proved,transferase,standard
DQv1,1zoe,CRYSTAL STRUCTURE OF PROTEIN KINASE CK2 IN COMPLEX WITH,0.616995632648468,0.616995632648468,19.767778635025024,-4.202929496765137,0.0029153823852539,2.0,proved,transferase,standard
DQv1,2azr,CRYSTAL STRUCTURE OF PTP1B WITH BICYCLIC THIOPHENE INHIBITOR,0.2825556695461273,0.2825556695461273,18.81342601776123,-4.825256824493408,0.198401927947998,27.0,proved,hydrolase,standard
DQv1,1g7f,HUMAN PTP1B CATALYTIC DOMAIN COMPLEXED WITH PNU177496,0.3883013129234314,0.3883013129234314,21.26164531707764,-5.500308036804199,0.2602062225341797,21.0,proved,hydrolase,standard
DQv1,1nny,"POTENT, SELECTIVE PROTEIN TYROSINE PHOSPHATASE 1B INHIBITOR",0.4580530524253845,0.4580530524253845,19.156200408935547,-7.208412647247314,0.3380227088928222,22.0,proved,hydrolase,standard
DQv1,5er1,A RATIONAL APPROACH TO THE DESIGN OF ANTIHYPERTENSIVES.,0.4579567313194275,0.4579567313194275,20.310340404510494,-6.123359203338623,0.1401748657226562,11.0,proved,hydrolase,standard
DQv1,4tln,BINDING OF HYDROXAMIC ACID INHIBITORS TO CRYSTALLINE,1.3331550359725952,1.3331550359725952,19.272417783737183,-2.7974650859832764,1.70441734790802,27988.0,proved,hydrolase,metal_mediated
DQv1,1tmn,BINDING OF N-CARBOXYMETHYL DIPEPTIDE INHIBITORS TO,0.3005872368812561,0.3005872368812561,18.88817071914673,-6.014732837677002,0.1140460968017578,1.0,proved,hydrolase,metal_mediated
DQv1,1fh9,CRYSTAL STRUCTURE OF THE XYLANASE CEX WITH,0.5506704449653625,0.5506704449653625,19.978014707565308,-3.5231852531433105,1.2445296049118042,1598.0,proved,hydrolase,multi_residue
DQv1,2ctc,THE HIGH RESOLUTION CRYSTAL STRUCTURE OF THE COMPLEX,0.6355481743812561,0.6355481743812561,19.137868404388428,-3.045637369155884,0.7551044225692749,92.0,proved,hydrolase,metal_mediated
DQv1,1e1v,HUMAN CYCLIN DEPENDENT KINASE 2 COMPLEXED WITH THE,0.947872281074524,0.947872281074524,19.344606637954712,-4.8840203285217285,1.91572904586792,675.0,proved,transferase,standard
DQv1,1pxo,HUMAN CYCLIN DEPENDENT KINASE 2 COMPLEXED WITH THE,0.5721659660339355,0.5721659660339355,19.663516521453857,-3.7366628646850586,0.0392405986785888,5.0,proved,transferase,standard
DQv1,1vzq,COMPLEX OF THROMBIN WITH DESIGNED INHIBITOR 7165,0.4733392596244812,0.4733392596244812,19.543766736984253,-7.764224052429199,1.1975979804992676,99.0,proved,hydrolase,standard
DQv1,1sl3,CRYSTAL STRUCTUE OF THROMBIN IN COMPLEX WITH A POTENT P1,0.2293227761983871,0.2293227761983871,19.120899200439453,-9.00989055633545,0.1204767227172851,1.0,proved,hydrolase,standard
DQv1,2brb,STRUCTURE-BASED DESIGN OF NOVEL CHK1 INHIBITORS: INSIGHTS,0.2659855186939239,0.2659855186939239,19.38252329826355,-5.814347743988037,0.0306301116943359,5.0,proved,transferase,standard
DQv1,2brm,STRUCTURE-BASED DESIGN OF NOVEL CHK1 INHIBITORS: INSIGHTS,0.55162513256073,0.55162513256073,19.135299682617188,-5.598959445953369,0.039527416229248,7.0,proved,transferase,standard
DQv1,1nvq,THE COMPLEX STRUCTURE OF CHECKPOINT KINASE CHK1/UCN-01,0.4359184801578522,0.4359184801578522,19.96150016784668,-7.947332382202148,0.3242049217224121,30.0,proved,transferase,standard
DQv1,1jqd,CRYSTAL STRUCTURE ANALYSIS OF HUMAN HISTAMINE,0.6247517466545105,0.6247517466545105,19.086491346359253,-5.673362731933594,0.551537036895752,75.0,proved,transferase,standard
DQv1,2aov,HISTAMINE METHYLTRANSFERASE COMPLEXED WITH THE ANTIFOLATE,0.7686980962753296,0.7686980962753296,19.14265489578247,-4.799754619598389,0.3813810348510742,104.0,proved,transferase,standard
DQv1,2aou,HISTAMINE METHYLTRANSFERASE COMPLEXED WITH THE ANTIMALARIAL,0.2864708602428436,0.2864708602428436,18.981592416763306,-6.445558547973633,0.2115187644958496,18.0,proved,transferase,standard
DQv1,1pbq,CRYSTAL STRUCTURE OF THE NR1 LIGAND BINDING CORE IN COMPLEX,0.3497183620929718,0.3497183620929718,17.912307739257812,-4.627338886260986,0.0023140907287597,1.0,proved,transport,standard
DQv1,1vfn,PURINE NUCLEOSIDE PHOSPHORYLASE,0.6277860403060913,0.6277860403060913,19.68618130683899,-3.340016365051269,0.808168888092041,878.0,proved,transferase,standard
DQv1,1b8o,PURINE NUCLEOSIDE PHOSPHORYLASE,0.3989745676517486,0.3989745676517486,18.854279041290283,-5.807699680328369,0.0553641319274902,6.0,proved,,
DQv1,1p1q,CRYSTAL STRUCTURE OF THE GLUR2 LIGAND BINDING CORE (S1S2J),0.3601866960525512,0.3601866960525512,20.108383178710938,-4.488706588745117,0.2576189041137695,25.0,proved,other,standard
DQv1,1syh,X-RAY STRUCTURE OF THE GLUR2 LIGAND-BINDING CORE (S1S2J) IN,0.3112840354442596,0.3112840354442596,18.95425748825073,-5.47946834564209,0.2801270484924316,14.0,proved,other,standard
DQv1,1ftm,CRYSTAL STRUCTURE OF THE GLUR2 LIGAND BINDING CORE (S1S2J),0.3633354604244232,0.3633354604244232,18.8871967792511,-4.573927402496338,0.2553925514221191,25.0,proved,other,standard
DQv1,1fcx,ISOTYPE SELECTIVITY OF THE HUMAN RETINOIC ACID NUCLEAR,2.0061421394348145,2.0061421394348145,18.578702926635746,-2.703054428100586,0.5828589200973511,512.0,proved,other,standard
DQv1,1fd0,ISOTYPE SELECTIVITY OF THE HUMAN RETINOIC ACID NUCLEAR,0.3485147953033447,0.3485147953033447,19.374305248260494,-8.338987350463867,0.0228767395019531,1.0,proved,other,standard
DQv1,1fcz,ISOTYPE SELECTIVITY OF THE HUMAN RETINOIC ACID NUCLEAR,1.8515888452529907,1.8515888452529907,18.501155138015747,-2.8416755199432373,0.711641788482666,489.0,proved,other,standard
DQv1,1f4e,CRYSTAL STRUCTURE OF E. COLI THYMIDYLATE SYNTHASE COMPLEXED,1.067455172538757,1.067455172538757,18.502288341522217,-3.9240894317626953,0.1668426990509033,72.0,proved,transferase,standard
DQv1,1f4f,CRYSTAL STRUCTURE OF E. COLI THYMIDYLATE SYNTHASE COMPLEXED,0.5175971984863281,0.5175971984863281,18.933311700820923,-5.173280715942383,0.1341195106506347,41.0,proved,transferase,standard
DQv1,1f4g,CRYSTAL STRUCTURE OF E. COLI THYMIDYLATE SYNTHASE COMPLEXED,0.3225224018096924,0.3225224018096924,18.847601175308228,-6.238015651702881,0.0618982315063476,7.0,proved,transferase,standard
DQv1,1sqa,SUBSTITUTED 2-NAPHTHAMIDINE INHIBITORS OF UROKINASE,0.2098908573389053,0.2098908573389053,19.36081004142761,-6.431546688079834,0.0023574829101562,2.0,proved,hydrolase,standard
DQv1,2b1v,HUMAN ESTROGEN RECEPTOR ALPHA LIGAND-BINDING DOMAIN IN,0.5683214068412781,0.5683214068412781,18.270766496658325,-5.007952690124512,0.4832320213317871,82.0,proved,other,standard
DQv1,2fai,HUMAN ESTROGEN RECEPTOR ALPHA LIGAND-BINDING DOMAIN IN,0.866655170917511,0.866655170917511,20.127805471420288,-5.114526271820068,1.177645921707153,272.0,proved,other,standard
DQv1,2ayr,A SERM DESIGNED FOR THE TREATMENT OF UTERINE LEIOMYOMA WITH,0.3481560945510864,0.3481560945510864,20.062366247177124,-8.341267585754395,0.3920454978942871,29.0,proved,transcription,standard
DQv1,1ttm,HUMAN CARBONIC ANHYDRASE II COMPLEXED WITH 667-COUMATE,0.8318325877189636,0.8318325877189636,20.104662656784058,-4.2652130126953125,0.7083680629730225,115.0,proved,lyase,metal_mediated
DQv1,1if7,CARBONIC ANHYDRASE II COMPLEXED WITH,0.9474974274635316,0.9474974274635316,19.468459129333496,-4.245200157165527,0.4555187225341797,121.0,proved,lyase,metal_mediated
DQv1,2bok,FACTOR XA - CATION,0.5668590068817139,0.5668590068817139,21.162304401397705,-7.017796039581299,0.0766267776489257,5.0,proved,hydrolase,standard
DQv1,1nfy,CRYSTAL STRUCTURE OF HUMAN COAGULATION FACTOR XA COMPLEXED,0.2396185100078582,0.2396185100078582,20.02199387550354,-7.762408256530762,0.0231623649597167,1.0,proved,hydrolase,standard
DQv1,1mq6,CRYSTAL STRUCTURE OF 3-CHLORO-N-[4-CHLORO-2-[[(5-CHLORO-2-PY,0.1780217885971069,0.1780217885971069,19.813836336135864,-8.535978317260742,0.0222206115722656,1.0,proved,hydrolase,standard
DQv1,2usn,CRYSTAL STRUCTURE OF THE CATALYTIC DOMAIN OF HUMAN,0.9256391525268556,0.9256391525268556,19.64856243133545,-5.640149116516113,0.3548998832702636,88.0,proved,hydrolase,metal_mediated
DQv1,2d1o,STROMELYSIN-1 (MMP-3) COMPLEXED TO A HYDROXAMIC ACID,0.3427148163318634,0.3427148163318634,19.93326735496521,-6.499747276306152,0.0201048851013183,2.0,proved,hydrolase,metal_mediated
DQv1,1hfs,CRYSTAL STRUCTURE OF THE CATALYTIC DOMAIN OF HUMAN,0.4101893901824951,0.4101893901824951,19.704774379730225,-9.483251571655272,0.0395374298095703,1.0,proved,,
DQv1,2flb,DISCOVERY OF A NOVEL HYDROXY PYRAZOLE BASED FACTOR IXA,0.6741988658905029,0.6741988658905029,20.570023775100708,-5.2421064376831055,7.014327764511108,72143.0,proved,hydrolase,standard
DQv1,2b7d,"FACTOR VIIA INHIBITORS: CHEMICAL OPTIMIZATION, PRECLINICAL",0.3729186356067657,0.3729186356067657,20.22247886657715,-6.487207889556885,0.1130661964416503,6.0,proved,other,standard
DQv1,1j17,FACTOR XA SPECIFIC INHIBITOR IN COMPLEX WITH RAT TRYPSIN,0.2891461253166199,0.2891461253166199,19.429378509521484,-8.045263290405273,0.0811982154846191,7.0,proved,hydrolase,standard
DQv1,1v2o,TRYPSIN INHIBITOR IN COMPLEX WITH BOVINE TRYPSIN VARIANT,0.4835451543331146,0.4835451543331146,18.379154920578003,-4.693850994110107,0.1576795578002929,18.0,proved,hydrolase,standard
DQv1,1jys,CRYSTAL STRUCTURE OF E. COLI MTA/ADOHCY NUCLEOSIDASE,0.7426503896713257,0.7426503896713257,20.023420572280884,-3.318966627120972,0.1203444004058837,100.0,proved,hydrolase,standard
DQv1,1nc1,CRYSTAL STRUCTURE OF E. COLI MTA/ADOHCY NUCLEOSIDASE,0.4545569121837616,0.4545569121837616,19.08349633216858,-6.601680278778076,1.0891170501708984,45.0,proved,hydrolase,standard
DQv1,1y6q,CYRSTAL STRUCTURE OF MTA/ADOHCY NUCLEOSIDASE COMPLEXED WITH,0.3074181973934173,0.3074181973934173,19.40887188911438,-7.081202030181885,0.01939058303833,1.0,proved,hydrolase,standard
DQv1,1bma,BENZYL METHYL AMINIMIDE INHIBITOR COMPLEXED TO PORCINE,0.2497525215148925,0.2497525215148925,20.174400329589844,-7.470226764678955,0.0527491569519043,1.0,proved,hydrolase,standard
DQv1,1ela,ANALOGOUS INHIBITORS OF ELASTASE DO NOT ALWAYS BIND,0.2509602308273315,0.2509602308273315,19.707236766815186,-6.176226139068604,0.0410938262939453,2.0,proved,hydrolase,standard
DQv1,1elb,ANALOGOUS INHIBITORS OF ELASTASE DO NOT ALWAYS BIND,0.2017562389373779,0.2017562389373779,19.09266805648804,-5.809006690979004,0.0317139625549316,3.0,proved,hydrolase,standard
DQv1,1a69,PURINE NUCLEOSIDE PHOSPHORYLASE IN COMPLEX WITH FORMYCIN B,0.6672269701957703,0.6672269701957703,20.0828640460968,-5.573389053344727,0.7310831546783447,30.0,proved,transferase,standard
DQv1,1k9s,PURINE NUCLEOSIDE PHOSPHORYLASE FROM E. COLI IN COMPLEX,0.49286949634552,0.49286949634552,17.921894311904907,-6.050339221954346,0.4024028778076172,27.0,proved,,
DQv1,3pce,"STRUCTURE OF PROTOCATECHUATE 3,4-DIOXYGENASE COMPLEXED WITH",0.487629622220993,0.487629622220993,19.028637886047363,-3.4678940773010254,1.2911064624786377,813.0,proved,oxidoreductase,metal_mediated
DQv1,3pch,"STRUCTURE OF PROTOCATECHUATE 3,4-DIOXYGENASE COMPLEXED WITH",1.7599265575408936,1.7599265575408936,18.43492341041565,-3.284297227859497,7.943010568618774,27585.0,proved,oxidoreductase,metal_mediated
DQv1,3pcj,"STRUCTURE OF PROTOCATECHUATE 3,4-DIOXYGENASE COMPLEXED WITH",0.6341968774795532,0.6341968774795532,19.04499340057373,-3.485506772994995,1.3470416069030762,969.0,proved,oxidoreductase,metal_mediated
DQv1,2cgr,LOCAL AND TRANSMITTED CONFORMATIONAL CHANGES ON,0.3094880878925323,0.3094880878925323,19.426985025405884,-7.293597221374512,0.0035982131958007,1.0,proved,other,standard
DQv1,1flr,4-4-20 FAB FRAGMENT,0.3454558551311493,0.3454558551311493,18.471604585647583,-7.756218433380127,0.4334564208984375,47.0,proved,other,standard
DQv1,2gss,HUMAN GLUTATHIONE S-TRANSFERASE P1-1 IN COMPLEX WITH,0.6780679225921631,0.6780679225921631,19.020931482315063,-3.531632900238037,0.1700270175933838,56.0,proved,transferase,standard
DQv1,3gss,HUMAN GLUTATHIONE S-TRANSFERASE P1-1 IN COMPLEX WITH,0.2976835072040558,0.2976835072040558,18.126317977905277,-3.978806257247925,0.2794110774993896,24.0,proved,transferase,multi_residue
DQv1,10gs,"HUMAN GLUTATHIONE S-TRANSFERASE P1-1, COMPLEX WITH TER117",0.3699781000614166,0.3699781000614166,19.204964876174927,-5.92332935333252,0.3061518669128418,27.0,proved,transferase,standard
DQv1,2std,SCYTALONE DEHYDRATASE COMPLEXED WITH TIGHT-BINDING,0.363343745470047,0.363343745470047,18.63557744026184,-5.286425590515137,0.0021758079528808,2.0,proved,lyase,standard
DQv1,3std,SCYTALONE DEHYDRATASE AND CYANOCINNOLINE INHIBITOR,0.2615978419780731,0.2615978419780731,19.51632285118103,-7.608761787414551,0.008519172668457,1.0,proved,lyase,standard
DQv1,2d0k,METHIONINE-FREE MUTANT OF ESCHERICHIA COLI DIHYDROFOLATE,0.5312899351119995,0.5312899351119995,18.898968935012817,-6.155888080596924,0.0682487487792968,7.0,proved,oxidoreductase,standard
DQv1,1dhi,LONG-RANGE STRUCTURAL EFFECTS IN A SECOND-SITE REVERTANT OF,0.3067684471607208,0.3067684471607208,19.32914137840271,-6.027543544769287,0.1815595626831054,29.0,proved,oxidoreductase,standard
DQv1,2drc,INVESTIGATION OF THE FUNCTIONAL ROLE OF TRYPTOPHAN-22 IN,0.4630046188831329,0.4630046188831329,19.809484720230103,-6.1287522315979,0.0091300010681152,1.0,proved,oxidoreductase,standard
DQv1,1df8,S45A MUTANT OF STREPTAVIDIN IN COMPLEX WITH BIOTIN,0.342937558889389,0.342937558889389,19.897900342941284,-4.832134246826172,0.1434297561645507,17.0,proved,transport,standard
DQv1,2f01,EPI-BIOTIN COMPLEX WITH CORE STREPTAVIDIN,0.3638974726200104,0.3638974726200104,18.548930168151852,-4.901591777801514,0.2008838653564453,24.0,proved,transport,multi_residue
DQv1,2g8r,THE CRYSTAL STRUCTURE OF THE RNASE A-,0.5631775856018066,0.5631775856018066,20.016170740127563,-3.201690196990967,0.0811612606048584,16.0,proved,hydrolase,standard
DQv1,1tyr,TRANSTHYRETIN COMPLEX WITH RETINOIC ACID,5.809603691101074,5.809603691101074,19.31925058364868,-2.721663475036621,1.0778613090515137,4191.0,proved,transport,standard
DQv1,1e5a,STRUCTURE OF HUMAN TRANSTHYRETIN COMPLEXED WITH,3.660799026489258,3.660799026489258,19.56864881515503,-1.9415380954742432,0.5661334991455078,1741.0,proved,transport,standard
DQv1,2g5u,HUMAN TRANSTHYRETIN (TTR) COMPLEXED WITH HYDROXYLATED,2.9310336112976074,2.9310336112976074,18.477038860321045,-2.58219051361084,0.2733159065246582,312.0,proved,other,standard
DQv1,1sv3,STRUCTURE OF THE COMPLEX FORMED BETWEEN PHOSPHOLIPASE A2,0.6937947273254395,0.6937947273254395,20.113208770751957,-3.2234597206115723,0.1537423133850097,35.0,proved,hydrolase,standard
DQv1,1q7a,CRYSTAL STRUCTURE OF THE COMPLEX FORMED BETWEEN RUSSELL'S,0.6960639357566833,0.6960639357566833,19.294557809829712,-4.617259979248047,0.009829044342041,1.0,proved,hydrolase,standard
DQv1,2f80,HIV-1 PROTEASE MUTANT D30N COMPLEXED WITH INHIBITOR TMC114,0.3003139793872833,0.3003139793872833,20.12010645866394,-7.967483997344971,0.4680771827697754,16.0,proved,hydrolase,standard
DQv1,2i0d,CRYSTAL STRUCTURE OF AD-81 COMPLEXED WITH WILD TYPE HIV-1,1.23723042011261,1.23723042011261,19.70841121673584,-7.967916488647461,0.5315499305725098,72.0,proved,hydrolase,standard
DQv1,1d7j,FKBP COMPLEXED WITH 4-HYDROXY-2-BUTANONE,3.2138864994049072,3.2138864994049072,18.809197187423703,-2.2101447582244877,0.2069101333618164,114.0,proved,isomerase,standard
GNINA,1hk4,HUMAN SERUM ALBUMIN COMPLEXED WITH THYROXINE,6.312450885772705,5.963896751403809,30.767632484436035,-6.13,,,,other,standard
GNINA,1gni,HUMAN SERUM ALBUMIN COMPLEXED WITH CIS-9-OCTADECENOIC ACID,10.993158340454102,4.78298807144165,41.10417723655701,-6.77,,,,other,standard
GNINA,1nhu,HEPATITIS C VIRUS RNA POLYMERASE IN COMPLEX WITH,3.666720390319824,3.521496534347534,77.62454628944397,-7.09,,,,transferase,standard
GNINA,2d3z,X-RAY CRYSTAL STRUCTURE OF HEPATITIS C VIRUS RNA-DEPENDENT,3.8197081089019775,3.6108052730560303,40.65583229064941,-8.61,,,,transferase,standard
GNINA,2d3u,X-RAY CRYSTAL STRUCTURE OF HEPATITIS C VIRUS RNA DEPENDENT,3.4902029037475586,3.41394591331482,50.001999855041504,-8.54,,,,transferase,standard
GNINA,1ajp,"PENICILLIN ACYLASE COMPLEXED WITH 2,5-DIHYDROXYPHENYLACETIC",2.9252424240112305,2.6141152381896973,8.196575403213501,-5.92,,,,hydrolase,standard
GNINA,1ai5,PENICILLIN ACYLASE COMPLEXED WITH M-NITROPHENYLACETIC ACID,2.862295866012573,2.7268733978271484,9.914972066879272,-6.87,,,,hydrolase,standard
GNINA,1ajq,PENICILLIN ACYLASE COMPLEXED WITH THIOPHENEACETIC ACID,0.5449153780937195,0.5449153780937195,7.047253608703613,-5.28,,,,hydrolase,standard
GNINA,1gpk,STRUCTURE OF ACETYLCHOLINESTERASE COMPLEX WITH,0.3573738038539886,0.3573738038539886,10.168780326843262,-10.58,,,,hydrolase,standard
GNINA,1h23,STRUCTURE OF ACETYLCHOLINESTERASE (E.C. 3.1.1.7) COMPLEXED,,,90.1140251159668,,,,,hydrolase,standard
GNINA,1e66,STRUCTURE OF ACETYLCHOLINESTERASE COMPLEXED WITH,2.3271799087524414,2.3271799087524414,15.044468402862549,-12.79,,,,hydrolase,standard
GNINA,2rkm,STRUCTURE OF OPPA COMPLEXED WITH LYS-LYS,3.337608814239502,2.8713417053222656,9.990330934524536,-5.19,,,,transport,multi_residue
GNINA,1u33,IN SITU EXTENSION AS AN APPROACH FOR IDENTIFYING NOVEL,,,90.10342669487,,,,,hydrolase,standard
GNINA,1xd1,ACARBOSE REARRANGEMENT MECHANISM IMPLIED BY THE KINETIC AND,,,90.12227821350098,,,,,hydrolase,standard
GNINA,1uwt,STRUCTURE OF BETA-GLYCOSIDASE FROM SULFOLOBUS SOLFATARICUS,2.843374967575073,2.843374967575073,9.70067834854126,-7.92,,,,hydrolase,standard
GNINA,2ceq,BETA-GLYCOSIDASE FROM SULFOLOBUS SOLFATARICUS IN COMPLEX,2.499752283096313,2.499752283096313,8.961053133010864,-8.06,,,,hydrolase,standard
GNINA,2cer,BETA-GLYCOSIDASE FROM SULFOLOBUS SOLFATARICUS IN COMPLEX,3.132912397384644,2.455524444580078,24.874431133270264,-10.2,,,,hydrolase,standard
GNINA,2qwb,THE X-RAY STRUCTURE OF A COMPLEX OF SIALIC ACID AND A DRUG,3.1404170989990234,3.135919570922852,25.7228102684021,-7.63,,,,hydrolase,standard
GNINA,2qwd,THE X-RAY STRUCTURE OF A COMPLEX OF 4-AMINO-NEU5AC2EN AND A,3.089134931564331,3.089134931564331,26.17817974090576,-7.17,,,,hydrolase,standard
GNINA,2qwe,THE X-RAY STRUCTURE OF A COMPLEX OF 4-GUANIDINO-NEU5AC2EN,4.715915203094482,4.187060832977295,36.97552728652954,-8.0,,,,hydrolase,standard
GNINA,2j77,BETA-GLUCOSIDASE FROM THERMOTOGA MARITIMA IN COMPLEX WITH,0.2472448647022247,0.2472448647022247,6.92351222038269,-6.91,,,,hydrolase,standard
GNINA,2j78,BETA-GLUCOSIDASE FROM THERMOTOGA MARITIMA IN COMPLEX WITH,2.948557138442993,2.948557138442993,9.489665746688845,-8.23,,,,hydrolase,standard
GNINA,2cet,BETA-GLUCOSIDASE FROM THERMOTOGA MARITIMA IN COMPLEX WITH,3.381304979324341,2.5325539112091064,29.48359966278076,-10.29,,,,hydrolase,standard
GNINA,2g94,CRYSTAL STRUCTURE OF BETA-SECRETASE BOUND TO A POTENT AND,,,90.12876534461977,,,,,hydrolase,standard
GNINA,1n2v,CRYSTAL STRUCTURE OF TGT IN COMPLEX WITH,5.315513610839844,4.644495010375977,9.757755517959597,-6.49,,,,transferase,standard
GNINA,1k4g,CRYSTAL STRUCTURE OF TRNA-GUANINE TRANSGLYCOSYLASE (TGT),2.298494815826416,2.0103392601013184,19.69624710083008,-9.24,,,,transferase,standard
GNINA,1s39,CRYSTAL STRUCTURE OF TGT IN COMPLEX WITH,0.2484421133995056,0.2484421133995056,6.338455438613892,-8.56,,,,transferase,standard
GNINA,2bak,P38ALPHA MAP KINASE BOUND TO MPAQ,,,90.1168658733368,,,,,transferase,standard
GNINA,2baj,P38ALPHA BOUND TO PYRAZOLOUREA,6.129142761230469,5.4667558670043945,57.50333333015442,-11.79,,,,transferase,standard
GNINA,1ndw,CRYSTAL STRUCTURE OF ADENOSINE DEAMINASE COMPLEXED WITH,2.290393114089966,2.0767667293548584,25.022719860076904,-7.76,,,,hydrolase,metal_mediated
GNINA,1ndy,CRYSTAL STRUCTURE OF ADENOSINE DEAMINASE COMPLEXED WITH,2.805648803710937,1.6838880777359009,34.316162109375,-8.22,,,,hydrolase,metal_mediated
GNINA,1ndz,CRYSTAL STRUCTURE OF ADENOSINE DEAMINASE COMPLEXED WITH,,,90.11134552955627,,,,,hydrolase,metal_mediated
GNINA,1l2s,X-RAY CRYSTAL STRUCTURE OF AMPC BETA-LACTAMASE FROM E. COLI,5.919571876525879,3.5583746433258057,19.634878396987915,-7.91,,,,hydrolase,standard
GNINA,1xgj,AMPC BETA-LACTAMASE IN COMPLEX WITH 3-(4-CARBOXY-2-HYDROXY-,6.56614351272583,3.2423346042633057,32.79799222946167,-7.31,,,,hydrolase,standard
GNINA,1q8t,THE CATALYTIC SUBUNIT OF CAMP-DEPENDENT PROTEIN KINASE,2.9462928771972656,2.9462928771972656,14.959985494613647,-7.47,,,,transferase,standard
GNINA,1ydt,"STRUCTURE OF CAMP-DEPENDENT PROTEIN KINASE, ALPHA-CATALYTIC",3.270512819290161,1.9373664855957031,63.60315227508545,-9.29,,,,transferase,standard
GNINA,1re8,CRYSTAL STRUCTURE OF CAMP-DEPENDENT PROTEIN KINASE,4.696958541870117,3.734191656112671,72.08713626861572,-13.01,,,,transferase,standard
GNINA,1m2q,"CRYSTAL STRUCTURE OF 1,8-DI-HYDROXY-4-NITRO-XANTEN-9-ONE/CK2",4.8731608390808105,0.2054875791072845,15.726738929748535,-10.15,,,,transferase,standard
GNINA,1om1,CRYSTAL STRUCTURE OF MAIZE CK2 ALPHA IN COMPLEX WITH IQA,3.603564739227295,3.284971237182617,14.31583285331726,-9.81,,,,transferase,standard
GNINA,1zoe,CRYSTAL STRUCTURE OF PROTEIN KINASE CK2 IN COMPLEX WITH,3.8901925086975098,3.7768149375915527,7.9289891719818115,-7.25,,,,transferase,standard
GNINA,2azr,CRYSTAL STRUCTURE OF PTP1B WITH BICYCLIC THIOPHENE INHIBITOR,1.492948055267334,1.492948055267334,15.174919128417969,-7.11,,,,hydrolase,standard
GNINA,1g7f,HUMAN PTP1B CATALYTIC DOMAIN COMPLEXED WITH PNU177496,,,90.113924741745,,,,,hydrolase,standard
GNINA,1nny,"POTENT, SELECTIVE PROTEIN TYROSINE PHOSPHATASE 1B INHIBITOR",,,90.11927485466003,,,,,hydrolase,standard
GNINA,5er1,A RATIONAL APPROACH TO THE DESIGN OF ANTIHYPERTENSIVES.,,,90.10850858688354,,,,,hydrolase,standard
GNINA,4tln,BINDING OF HYDROXAMIC ACID INHIBITORS TO CRYSTALLINE,3.9807186126708975,3.1899914741516118,7.916528701782227,-5.9,,,,hydrolase,metal_mediated
GNINA,1tmn,BINDING OF N-CARBOXYMETHYL DIPEPTIDE INHIBITORS TO,,,90.11293482780457,,,,,hydrolase,metal_mediated
GNINA,1fh9,CRYSTAL STRUCTURE OF THE XYLANASE CEX WITH,3.385608196258545,2.8115720748901367,6.26705265045166,-6.48,,,,hydrolase,multi_residue
GNINA,2ctc,THE HIGH RESOLUTION CRYSTAL STRUCTURE OF THE COMPLEX,2.7381081581115723,2.2571372985839844,9.82194995880127,-7.02,,,,hydrolase,metal_mediated
GNINA,1e1v,HUMAN CYCLIN DEPENDENT KINASE 2 COMPLEXED WITH THE,2.8656764030456543,2.8656764030456543,14.680492162704468,-7.06,,,,transferase,standard
GNINA,1pxo,HUMAN CYCLIN DEPENDENT KINASE 2 COMPLEXED WITH THE,2.3519465923309326,1.4996322393417358,9.58979606628418,-6.08,,,,transferase,standard
GNINA,1vzq,COMPLEX OF THROMBIN WITH DESIGNED INHIBITOR 7165,5.396226406097412,5.390249252319336,69.46636366844177,-12.07,,,,hydrolase,standard
GNINA,1sl3,CRYSTAL STRUCTUE OF THROMBIN IN COMPLEX WITH A POTENT P1,,,90.11043524742126,,,,,hydrolase,standard
GNINA,2brb,STRUCTURE-BASED DESIGN OF NOVEL CHK1 INHIBITORS: INSIGHTS,4.874660491943359,4.467897415161133,34.50522017478943,-8.3,,,,transferase,standard
GNINA,2brm,STRUCTURE-BASED DESIGN OF NOVEL CHK1 INHIBITORS: INSIGHTS,5.05049467086792,4.492390155792236,38.57053351402283,-8.08,,,,transferase,standard
GNINA,1nvq,THE COMPLEX STRUCTURE OF CHECKPOINT KINASE CHK1/UCN-01,1.4442445039749146,1.4442445039749146,36.46520090103149,-14.04,,,,transferase,standard
GNINA,1jqd,CRYSTAL STRUCTURE ANALYSIS OF HUMAN HISTAMINE,7.783708095550537,7.5147809982299805,45.64029860496521,-8.53,,,,transferase,standard
GNINA,2aov,HISTAMINE METHYLTRANSFERASE COMPLEXED WITH THE ANTIFOLATE,3.5819852352142334,3.5819852352142334,12.86574125289917,-8.62,,,,transferase,standard
GNINA,2aou,HISTAMINE METHYLTRANSFERASE COMPLEXED WITH THE ANTIMALARIAL,2.675699234008789,2.675699234008789,27.317330598831177,-9.41,,,,transferase,standard
GNINA,1pbq,CRYSTAL STRUCTURE OF THE NR1 LIGAND BINDING CORE IN COMPLEX,3.55888295173645,3.402015447616577,8.711447715759277,-8.45,,,,transport,standard
GNINA,1vfn,PURINE NUCLEOSIDE PHOSPHORYLASE,0.5978180766105652,0.5978180766105652,5.15623664855957,-5.68,,,,transferase,standard
GNINA,1b8o,PURINE NUCLEOSIDE PHOSPHORYLASE,2.9153261184692383,2.825355291366577,22.60705804824829,-8.74,,,,,
GNINA,1p1q,CRYSTAL STRUCTURE OF THE GLUR2 LIGAND BINDING CORE (S1S2J),4.411661624908447,2.8267149925231934,10.480029821395874,-7.62,,,,other,standard
GNINA,1syh,X-RAY STRUCTURE OF THE GLUR2 LIGAND-BINDING CORE (S1S2J) IN,2.6531150341033936,2.623159885406494,14.457549095153809,-9.53,,,,other,standard
GNINA,1ftm,CRYSTAL STRUCTURE OF THE GLUR2 LIGAND BINDING CORE (S1S2J),4.492417335510254,3.739881753921509,10.121328592300417,-8.03,,,,other,standard
GNINA,1fcx,ISOTYPE SELECTIVITY OF THE HUMAN RETINOIC ACID NUCLEAR,,,90.11174297332764,,,,,other,standard
GNINA,1fd0,ISOTYPE SELECTIVITY OF THE HUMAN RETINOIC ACID NUCLEAR,5.646830081939697,5.544434547424316,43.83357310295105,-16.53,,,,other,standard
GNINA,1fcz,ISOTYPE SELECTIVITY OF THE HUMAN RETINOIC ACID NUCLEAR,,,90.11003756523132,,,,,other,standard
GNINA,1f4e,CRYSTAL STRUCTURE OF E. COLI THYMIDYLATE SYNTHASE COMPLEXED,2.9649035930633545,2.9649035930633545,14.27721095085144,-7.24,,,,transferase,standard
GNINA,1f4f,CRYSTAL STRUCTURE OF E. COLI THYMIDYLATE SYNTHASE COMPLEXED,8.47109603881836,8.017532348632812,63.514509201049805,-7.9,,,,transferase,standard
GNINA,1f4g,CRYSTAL STRUCTURE OF E. COLI THYMIDYLATE SYNTHASE COMPLEXED,,,90.1122055053711,,,,,transferase,standard
GNINA,1sqa,SUBSTITUTED 2-NAPHTHAMIDINE INHIBITORS OF UROKINASE,8.035593032836914,7.052266597747803,56.31175875663757,-9.36,,,,hydrolase,standard
GNINA,2b1v,HUMAN ESTROGEN RECEPTOR ALPHA LIGAND-BINDING DOMAIN IN,3.279499053955078,3.279499053955078,21.23295211791992,-8.92,,,,other,standard
GNINA,2fai,HUMAN ESTROGEN RECEPTOR ALPHA LIGAND-BINDING DOMAIN IN,3.3231077194213867,3.2830286026000977,21.527840614318848,-9.71,,,,other,standard
GNINA,2ayr,A SERM DESIGNED FOR THE TREATMENT OF UTERINE LEIOMYOMA WITH,,,90.10685420036316,,,,,transcription,standard
GNINA,1ttm,HUMAN CARBONIC ANHYDRASE II COMPLEXED WITH 667-COUMATE,5.346968650817871,5.307011604309082,14.31238603591919,-7.87,,,,lyase,metal_mediated
GNINA,1if7,CARBONIC ANHYDRASE II COMPLEXED WITH,4.688410758972168,4.023251533508301,36.59733557701111,-7.93,,,,lyase,metal_mediated
GNINA,2bok,FACTOR XA - CATION,6.550858020782471,6.229214191436768,65.15981364250183,-9.4,,,,hydrolase,standard
GNINA,1nfy,CRYSTAL STRUCTURE OF HUMAN COAGULATION FACTOR XA COMPLEXED,7.754231929779053,5.752948760986328,52.2978298664093,-10.53,,,,hydrolase,standard
GNINA,1mq6,CRYSTAL STRUCTURE OF 3-CHLORO-N-[4-CHLORO-2-[[(5-CHLORO-2-PY,,,90.10709190368652,,,,,hydrolase,standard
GNINA,2usn,CRYSTAL STRUCTURE OF THE CATALYTIC DOMAIN OF HUMAN,6.770800590515137,5.53624153137207,58.41713452339173,-7.93,,,,hydrolase,metal_mediated
GNINA,2d1o,STROMELYSIN-1 (MMP-3) COMPLEXED TO A HYDROXAMIC ACID,,,90.1084349155426,,,,,hydrolase,metal_mediated
GNINA,1hfs,CRYSTAL STRUCTURE OF THE CATALYTIC DOMAIN OF HUMAN,,,90.10508847236632,,,,,,
GNINA,2flb,DISCOVERY OF A NOVEL HYDROXY PYRAZOLE BASED FACTOR IXA,5.494324207305908,5.478400707244873,26.64104199409485,-9.11,,,,hydrolase,standard
GNINA,2b7d,"FACTOR VIIA INHIBITORS: CHEMICAL OPTIMIZATION, PRECLINICAL",,,90.10975074768066,,,,,other,standard
GNINA,1j17,FACTOR XA SPECIFIC INHIBITOR IN COMPLEX WITH RAT TRYPSIN,5.594761848449707,5.187798500061035,65.88899326324463,-9.38,,,,hydrolase,standard
GNINA,1v2o,TRYPSIN INHIBITOR IN COMPLEX WITH BOVINE TRYPSIN VARIANT,8.090059280395508,7.527900695800781,79.35450458526611,-7.39,,,,hydrolase,standard
GNINA,1jys,CRYSTAL STRUCTURE OF E. COLI MTA/ADOHCY NUCLEOSIDASE,3.0001862049102783,0.8616713285446167,4.750169515609741,-5.09,,,,hydrolase,standard
GNINA,1nc1,CRYSTAL STRUCTURE OF E. COLI MTA/ADOHCY NUCLEOSIDASE,3.811033248901367,3.336329460144043,26.40858554840088,-9.11,,,,hydrolase,standard
GNINA,1y6q,CYRSTAL STRUCTURE OF MTA/ADOHCY NUCLEOSIDASE COMPLEXED WITH,4.923243045806885,4.054758071899414,30.78186416625977,-9.28,,,,hydrolase,standard
GNINA,1bma,BENZYL METHYL AMINIMIDE INHIBITOR COMPLEXED TO PORCINE,,,90.19596695899963,,,,,hydrolase,standard
GNINA,1ela,ANALOGOUS INHIBITORS OF ELASTASE DO NOT ALWAYS BIND,6.756161212921143,5.979662895202637,86.92238688468933,-8.12,,,,hydrolase,standard
GNINA,1elb,ANALOGOUS INHIBITORS OF ELASTASE DO NOT ALWAYS BIND,,,90.19013690948486,,,,,hydrolase,standard
GNINA,1a69,PURINE NUCLEOSIDE PHOSPHORYLASE IN COMPLEX WITH FORMYCIN B,4.9278645515441895,4.582315444946289,21.29191827774048,-9.27,,,,transferase,standard
GNINA,1k9s,PURINE NUCLEOSIDE PHOSPHORYLASE FROM E. COLI IN COMPLEX,2.5121421813964844,2.5121421813964844,23.815165281295776,-10.3,,,,,
GNINA,3pce,"STRUCTURE OF PROTOCATECHUATE 3,4-DIOXYGENASE COMPLEXED WITH",4.151635646820068,2.706376552581787,10.305861949920654,-6.34,,,,oxidoreductase,metal_mediated
GNINA,3pch,"STRUCTURE OF PROTOCATECHUATE 3,4-DIOXYGENASE COMPLEXED WITH",2.41074800491333,2.41074800491333,10.146223068237305,-5.9,,,,oxidoreductase,metal_mediated
GNINA,3pcj,"STRUCTURE OF PROTOCATECHUATE 3,4-DIOXYGENASE COMPLEXED WITH",3.473339319229126,2.6868226528167725,11.155953645706177,-6.25,,,,oxidoreductase,metal_mediated
GNINA,2cgr,LOCAL AND TRANSMITTED CONFORMATIONAL CHANGES ON,2.8159713745117188,2.682335615158081,70.44378876686096,-9.04,,,,other,standard
GNINA,1flr,4-4-20 FAB FRAGMENT,4.4952263832092285,0.6829443573951721,32.44923782348633,-9.44,,,,other,standard
GNINA,2gss,HUMAN GLUTATHIONE S-TRANSFERASE P1-1 IN COMPLEX WITH,2.972533941268921,2.972533941268921,20.974990367889404,-5.88,,,,transferase,standard
GNINA,3gss,HUMAN GLUTATHIONE S-TRANSFERASE P1-1 IN COMPLEX WITH,4.115387439727783,4.115387439727783,38.04156279563904,-5.94,,,,transferase,multi_residue
GNINA,10gs,"HUMAN GLUTATHIONE S-TRANSFERASE P1-1, COMPLEX WITH TER117",,,90.1153621673584,,,,,transferase,standard
GNINA,2std,SCYTALONE DEHYDRATASE COMPLEXED WITH TIGHT-BINDING,6.210241794586182,3.294541597366333,22.13156580924988,-9.25,,,,lyase,standard
GNINA,3std,SCYTALONE DEHYDRATASE AND CYANOCINNOLINE INHIBITOR,3.241518497467041,3.214317798614502,55.99222183227539,-12.54,,,,lyase,standard
GNINA,2d0k,METHIONINE-FREE MUTANT OF ESCHERICHIA COLI DIHYDROFOLATE,,,90.12418723106384,,,,,oxidoreductase,standard
GNINA,1dhi,LONG-RANGE STRUCTURAL EFFECTS IN A SECOND-SITE REVERTANT OF,8.650177955627441,7.584592342376709,85.79132795333862,-9.15,,,,oxidoreductase,standard
GNINA,2drc,INVESTIGATION OF THE FUNCTIONAL ROLE OF TRYPTOPHAN-22 IN,,,90.11595225334167,,,,,oxidoreductase,standard
GNINA,1df8,S45A MUTANT OF STREPTAVIDIN IN COMPLEX WITH BIOTIN,6.48470401763916,3.266622543334961,16.443353414535522,-7.49,,,,transport,standard
GNINA,2f01,EPI-BIOTIN COMPLEX WITH CORE STREPTAVIDIN,6.503820896148682,5.663362979888916,18.76331758499145,-7.92,,,,transport,multi_residue
GNINA,2g8r,THE CRYSTAL STRUCTURE OF THE RNASE A-,4.381175994873047,4.381175994873047,40.73072552680969,-4.94,,,,hydrolase,standard
GNINA,1tyr,TRANSTHYRETIN COMPLEX WITH RETINOIC ACID,7.035511493682861,6.466917037963867,36.2851312160492,-4.78,,,,transport,standard
GNINA,1e5a,STRUCTURE OF HUMAN TRANSTHYRETIN COMPLEXED WITH,1.1606385707855225,1.1606385707855225,5.588959455490112,-2.68,,,,transport,standard
GNINA,2g5u,HUMAN TRANSTHYRETIN (TTR) COMPLEXED WITH HYDROXYLATED,0.7095431089401245,0.7095431089401245,17.771425485610962,-4.63,,,,other,standard
GNINA,1sv3,STRUCTURE OF THE COMPLEX FORMED BETWEEN PHOSPHOLIPASE A2,4.167214393615723,3.8533782958984375,7.497031211853027,-6.2,,,,hydrolase,standard
GNINA,1q7a,CRYSTAL STRUCTURE OF THE COMPLEX FORMED BETWEEN RUSSELL'S,4.460213661193848,4.460213661193848,29.204445600509644,-7.52,,,,hydrolase,standard
GNINA,2f80,HIV-1 PROTEASE MUTANT D30N COMPLEXED WITH INHIBITOR TMC114,,,90.13057899475098,,,,,hydrolase,standard
GNINA,2i0d,CRYSTAL STRUCTURE OF AD-81 COMPLEXED WITH WILD TYPE HIV-1,,,90.12855553627014,,,,,hydrolase,standard
GNINA,1d7j,FKBP COMPLEXED WITH 4-HYDROXY-2-BUTANONE,2.084059715270996,1.6131173372268677,5.362028121948242,-3.69,,,,isomerase,standard
Smina,1hk4,HUMAN SERUM ALBUMIN COMPLEXED WITH THYROXINE,5.99176025390625,5.687291622161865,53.546817779541016,-5.6,,,,other,standard
Smina,1gni,HUMAN SERUM ALBUMIN COMPLEXED WITH CIS-9-OCTADECENOIC ACID,4.761699199676514,3.910199880599976,78.06007647514343,-7.2,,,,other,standard
Smina,1nhu,HEPATITIS C VIRUS RNA POLYMERASE IN COMPLEX WITH,,,90.0195369720459,,,,,transferase,standard
Smina,2d3z,X-RAY CRYSTAL STRUCTURE OF HEPATITIS C VIRUS RNA-DEPENDENT,3.64369535446167,3.617148160934448,49.99026656150818,-8.7,,,,transferase,standard
Smina,2d3u,X-RAY CRYSTAL STRUCTURE OF HEPATITIS C VIRUS RNA DEPENDENT,3.4987831115722656,3.494335412979126,66.74322772026062,-8.8,,,,transferase,standard
Smina,1ajp,"PENICILLIN ACYLASE COMPLEXED WITH 2,5-DIHYDROXYPHENYLACETIC",2.662710189819336,2.662710189819336,7.445537567138672,-6.5,,,,hydrolase,standard
Smina,1ai5,PENICILLIN ACYLASE COMPLEXED WITH M-NITROPHENYLACETIC ACID,2.907000541687012,2.848471403121948,9.458833456039429,-6.9,,,,hydrolase,standard
Smina,1ajq,PENICILLIN ACYLASE COMPLEXED WITH THIOPHENEACETIC ACID,1.5273083448410034,0.5452755093574524,6.104552984237671,-5.5,,,,hydrolase,standard
Smina,1gpk,STRUCTURE OF ACETYLCHOLINESTERASE COMPLEX WITH,0.207527756690979,0.207527756690979,6.650904893875122,-10.8,,,,hydrolase,standard
Smina,1h23,STRUCTURE OF ACETYLCHOLINESTERASE (E.C. 3.1.1.7) COMPLEXED,,,90.01286792755127,,,,,hydrolase,standard
Smina,1e66,STRUCTURE OF ACETYLCHOLINESTERASE COMPLEXED WITH,2.3179640769958496,2.3179640769958496,13.168309926986694,-12.8,,,,hydrolase,standard
Smina,2rkm,STRUCTURE OF OPPA COMPLEXED WITH LYS-LYS,4.603056907653809,2.613876342773437,8.379295110702515,-5.6,,,,transport,multi_residue
Smina,1u33,IN SITU EXTENSION AS AN APPROACH FOR IDENTIFYING NOVEL,,,90.01188373565674,,,,,hydrolase,standard
Smina,1xd1,ACARBOSE REARRANGEMENT MECHANISM IMPLIED BY THE KINETIC AND,,,90.03863072395325,,,,,hydrolase,standard
Smina,1uwt,STRUCTURE OF BETA-GLYCOSIDASE FROM SULFOLOBUS SOLFATARICUS,2.8656489849090576,2.8656489849090576,6.494971513748169,-8.3,,,,hydrolase,standard
Smina,2ceq,BETA-GLYCOSIDASE FROM SULFOLOBUS SOLFATARICUS IN COMPLEX,2.574707508087158,2.574707508087158,6.07333517074585,-7.9,,,,hydrolase,standard
Smina,2cer,BETA-GLYCOSIDASE FROM SULFOLOBUS SOLFATARICUS IN COMPLEX,2.825966119766236,2.825966119766236,31.306362867355347,-10.2,,,,hydrolase,standard
Smina,2qwb,THE X-RAY STRUCTURE OF A COMPLEX OF SIALIC ACID AND A DRUG,4.756710052490234,2.961035966873169,23.36300039291382,-7.5,,,,hydrolase,standard
Smina,2qwd,THE X-RAY STRUCTURE OF A COMPLEX OF 4-AMINO-NEU5AC2EN AND A,4.100603103637695,3.027153968811035,22.99792194366455,-7.5,,,,hydrolase,standard
Smina,2qwe,THE X-RAY STRUCTURE OF A COMPLEX OF 4-GUANIDINO-NEU5AC2EN,4.974266052246094,4.101215839385986,39.65024518966675,-7.9,,,,hydrolase,standard
Smina,2j77,BETA-GLUCOSIDASE FROM THERMOTOGA MARITIMA IN COMPLEX WITH,0.2410670667886734,0.2410670667886734,5.1000285148620605,-6.9,,,,hydrolase,standard
Smina,2j78,BETA-GLUCOSIDASE FROM THERMOTOGA MARITIMA IN COMPLEX WITH,2.954596996307373,2.954596996307373,7.08764123916626,-8.5,,,,hydrolase,standard
Smina,2cet,BETA-GLUCOSIDASE FROM THERMOTOGA MARITIMA IN COMPLEX WITH,3.3861472606658936,2.514189958572388,31.94168448448181,-10.2,,,,hydrolase,standard
Smina,2g94,CRYSTAL STRUCTURE OF BETA-SECRETASE BOUND TO A POTENT AND,,,90.02492260932922,,,,,hydrolase,standard
Smina,1n2v,CRYSTAL STRUCTURE OF TGT IN COMPLEX WITH,4.731783866882324,4.184781551361084,8.218027114868164,-6.8,,,,transferase,standard
Smina,1k4g,CRYSTAL STRUCTURE OF TRNA-GUANINE TRANSGLYCOSYLASE (TGT),2.03786563873291,2.03786563873291,15.55860996246338,-8.8,,,,transferase,standard
Smina,1s39,CRYSTAL STRUCTURE OF TGT IN COMPLEX WITH,0.295143723487854,0.295143723487854,4.6135125160217285,-7.4,,,,transferase,standard
Smina,2bak,P38ALPHA MAP KINASE BOUND TO MPAQ,,,90.01252555847168,,,,,transferase,standard
Smina,2baj,P38ALPHA BOUND TO PYRAZOLOUREA,6.077873706817627,5.498998641967773,54.60669159889221,-12.1,,,,transferase,standard
Smina,1ndw,CRYSTAL STRUCTURE OF ADENOSINE DEAMINASE COMPLEXED WITH,2.3687949180603027,2.0543243885040283,34.93872618675232,-7.8,,,,hydrolase,metal_mediated
Smina,1ndy,CRYSTAL STRUCTURE OF ADENOSINE DEAMINASE COMPLEXED WITH,1.8313894271850584,1.8313894271850584,43.60325312614441,-8.1,,,,hydrolase,metal_mediated
Smina,1ndz,CRYSTAL STRUCTURE OF ADENOSINE DEAMINASE COMPLEXED WITH,,,90.01341772079468,,,,,hydrolase,metal_mediated
Smina,1l2s,X-RAY CRYSTAL STRUCTURE OF AMPC BETA-LACTAMASE FROM E. COLI,5.101870536804199,3.0122604370117188,23.2611095905304,-7.4,,,,hydrolase,standard
Smina,1xgj,AMPC BETA-LACTAMASE IN COMPLEX WITH 3-(4-CARBOXY-2-HYDROXY-,4.4918293952941895,3.460511922836304,38.37988257408142,-7.5,,,,hydrolase,standard
Smina,1q8t,THE CATALYTIC SUBUNIT OF CAMP-DEPENDENT PROTEIN KINASE,7.1629638671875,3.0178048610687256,18.58959913253784,-8.6,,,,transferase,standard
Smina,1ydt,"STRUCTURE OF CAMP-DEPENDENT PROTEIN KINASE, ALPHA-CATALYTIC",,,90.01212644577026,,,,,transferase,standard
Smina,1re8,CRYSTAL STRUCTURE OF CAMP-DEPENDENT PROTEIN KINASE,,,90.01160764694214,,,,,transferase,standard
Smina,1m2q,"CRYSTAL STRUCTURE OF 1,8-DI-HYDROXY-4-NITRO-XANTEN-9-ONE/CK2",6.178536891937256,0.185438334941864,7.894739151000977,-10.3,,,,transferase,standard
Smina,1om1,CRYSTAL STRUCTURE OF MAIZE CK2 ALPHA IN COMPLEX WITH IQA,5.898979187011719,3.4602866172790527,10.630818128585815,-11.7,,,,transferase,standard
Smina,1zoe,CRYSTAL STRUCTURE OF PROTEIN KINASE CK2 IN COMPLEX WITH,3.962360858917236,3.660109281539917,5.583904504776001,-7.3,,,,transferase,standard
Smina,2azr,CRYSTAL STRUCTURE OF PTP1B WITH BICYCLIC THIOPHENE INHIBITOR,1.4956051111221311,1.4956051111221311,14.42106032371521,-7.1,,,,hydrolase,standard
Smina,1g7f,HUMAN PTP1B CATALYTIC DOMAIN COMPLEXED WITH PNU177496,,,90.01876592636108,,,,,hydrolase,standard
Smina,1nny,"POTENT, SELECTIVE PROTEIN TYROSINE PHOSPHATASE 1B INHIBITOR",,,90.0173807144165,,,,,hydrolase,standard
Smina,5er1,A RATIONAL APPROACH TO THE DESIGN OF ANTIHYPERTENSIVES.,,,90.01927828788757,,,,,hydrolase,standard
Smina,4tln,BINDING OF HYDROXAMIC ACID INHIBITORS TO CRYSTALLINE,3.5136077404022217,2.979948043823242,6.444506883621216,-6.1,,,,hydrolase,metal_mediated
Smina,1tmn,BINDING OF N-CARBOXYMETHYL DIPEPTIDE INHIBITORS TO,,,90.01058769226074,,,,,hydrolase,metal_mediated
Smina,1fh9,CRYSTAL STRUCTURE OF THE XYLANASE CEX WITH,3.826167106628418,3.063291549682617,4.0110273361206055,-6.7,,,,hydrolase,multi_residue
Smina,2ctc,THE HIGH RESOLUTION CRYSTAL STRUCTURE OF THE COMPLEX,2.301585912704468,2.301585912704468,6.7793707847595215,-6.8,,,,hydrolase,metal_mediated
Smina,1e1v,HUMAN CYCLIN DEPENDENT KINASE 2 COMPLEXED WITH THE,6.537512302398682,2.797199487686157,14.586217403411863,-8.1,,,,transferase,standard
Smina,1pxo,HUMAN CYCLIN DEPENDENT KINASE 2 COMPLEXED WITH THE,4.753437042236328,1.6473591327667236,7.141979932785034,-7.1,,,,transferase,standard
Smina,1vzq,COMPLEX OF THROMBIN WITH DESIGNED INHIBITOR 7165,,,90.01380705833435,,,,,hydrolase,standard
Smina,1sl3,CRYSTAL STRUCTUE OF THROMBIN IN COMPLEX WITH A POTENT P1,,,90.010990858078,,,,,hydrolase,standard
Smina,2brb,STRUCTURE-BASED DESIGN OF NOVEL CHK1 INHIBITORS: INSIGHTS,4.640825271606445,4.317248821258545,34.83640789985657,-8.4,,,,transferase,standard
Smina,2brm,STRUCTURE-BASED DESIGN OF NOVEL CHK1 INHIBITORS: INSIGHTS,5.3879075050354,4.608656406402588,36.396535873413086,-8.0,,,,transferase,standard
Smina,1nvq,THE COMPLEX STRUCTURE OF CHECKPOINT KINASE CHK1/UCN-01,1.4432623386383057,1.4432623386383057,30.282721042633057,-13.5,,,,transferase,standard
Smina,1jqd,CRYSTAL STRUCTURE ANALYSIS OF HUMAN HISTAMINE,7.736063003540039,5.092932224273682,78.71814632415771,-8.4,,,,transferase,standard
Smina,2aov,HISTAMINE METHYLTRANSFERASE COMPLEXED WITH THE ANTIFOLATE,3.6117329597473145,3.6117329597473145,9.841233730316162,-8.8,,,,transferase,standard
Smina,2aou,HISTAMINE METHYLTRANSFERASE COMPLEXED WITH THE ANTIMALARIAL,6.575371742248535,5.484792709350586,30.955642700195312,-10.5,,,,transferase,standard
Smina,1pbq,CRYSTAL STRUCTURE OF THE NR1 LIGAND BINDING CORE IN COMPLEX,3.5487160682678223,3.5487160682678223,7.034518241882324,-8.5,,,,transport,standard
Smina,1vfn,PURINE NUCLEOSIDE PHOSPHORYLASE,0.5619794726371765,0.5619794726371765,2.128340244293213,-5.7,,,,transferase,standard
Smina,1b8o,PURINE NUCLEOSIDE PHOSPHORYLASE,2.820309638977051,2.820309638977051,16.424365043640137,-9.3,,,,,
Smina,1p1q,CRYSTAL STRUCTURE OF THE GLUR2 LIGAND BINDING CORE (S1S2J),5.088510513305664,0.15452641248703,7.196524381637573,-8.4,,,,other,standard
Smina,1syh,X-RAY STRUCTURE OF THE GLUR2 LIGAND-BINDING CORE (S1S2J) IN,2.652881145477295,2.6215500831604004,12.134706735610962,-9.5,,,,other,standard
Smina,1ftm,CRYSTAL STRUCTURE OF THE GLUR2 LIGAND BINDING CORE (S1S2J),0.1411063373088836,0.1411063373088836,7.210700750350952,-8.3,,,,other,standard
Smina,1fcx,ISOTYPE SELECTIVITY OF THE HUMAN RETINOIC ACID NUCLEAR,,,90.01754808425903,,,,,other,standard
Smina,1fd0,ISOTYPE SELECTIVITY OF THE HUMAN RETINOIC ACID NUCLEAR,5.759582996368408,5.57555103302002,56.27888131141663,-14.4,,,,other,standard
Smina,1fcz,ISOTYPE SELECTIVITY OF THE HUMAN RETINOIC ACID NUCLEAR,,,90.00966215133667,,,,,other,standard
Smina,1f4e,CRYSTAL STRUCTURE OF E. COLI THYMIDYLATE SYNTHASE COMPLEXED,3.699721097946167,2.8633530139923096,14.534489631652832,-7.4,,,,transferase,standard
Smina,1f4f,CRYSTAL STRUCTURE OF E. COLI THYMIDYLATE SYNTHASE COMPLEXED,,,90.01262593269348,,,,,transferase,standard
Smina,1f4g,CRYSTAL STRUCTURE OF E. COLI THYMIDYLATE SYNTHASE COMPLEXED,,,90.01366543769836,,,,,transferase,standard
Smina,1sqa,SUBSTITUTED 2-NAPHTHAMIDINE INHIBITORS OF UROKINASE,,,90.010018825531,,,,,hydrolase,standard
Smina,2b1v,HUMAN ESTROGEN RECEPTOR ALPHA LIGAND-BINDING DOMAIN IN,3.303362846374512,3.303362846374512,15.10101842880249,-9.8,,,,other,standard
Smina,2fai,HUMAN ESTROGEN RECEPTOR ALPHA LIGAND-BINDING DOMAIN IN,3.273724317550659,3.186054944992065,13.46606469154358,-9.6,,,,other,standard
Smina,2ayr,A SERM DESIGNED FOR THE TREATMENT OF UTERINE LEIOMYOMA WITH,,,90.01272130012512,,,,,transcription,standard
Smina,1ttm,HUMAN CARBONIC ANHYDRASE II COMPLEXED WITH 667-COUMATE,5.58074426651001,4.970706462860107,15.81534743309021,-8.2,,,,lyase,metal_mediated
Smina,1if7,CARBONIC ANHYDRASE II COMPLEXED WITH,4.466991901397705,4.466991901397705,78.4462366104126,-7.0,,,,lyase,metal_mediated
Smina,2bok,FACTOR XA - CATION,6.597723960876465,5.601590156555176,84.4352068901062,-8.5,,,,hydrolase,standard
Smina,1nfy,CRYSTAL STRUCTURE OF HUMAN COAGULATION FACTOR XA COMPLEXED,7.8265061378479,5.5561604499816895,84.9171929359436,-10.3,,,,hydrolase,standard
Smina,1mq6,CRYSTAL STRUCTURE OF 3-CHLORO-N-[4-CHLORO-2-[[(5-CHLORO-2-PY,,,90.015634059906,,,,,hydrolase,standard
Smina,2usn,CRYSTAL STRUCTURE OF THE CATALYTIC DOMAIN OF HUMAN,,,90.00985193252563,,,,,hydrolase,metal_mediated
Smina,2d1o,STROMELYSIN-1 (MMP-3) COMPLEXED TO A HYDROXAMIC ACID,,,90.03262591362,,,,,hydrolase,metal_mediated
Smina,1hfs,CRYSTAL STRUCTURE OF THE CATALYTIC DOMAIN OF HUMAN,,,90.01339602470398,,,,,,
Smina,2flb,DISCOVERY OF A NOVEL HYDROXY PYRAZOLE BASED FACTOR IXA,5.488668441772461,5.488668441772461,40.9990975856781,-9.2,,,,hydrolase,standard
Smina,2b7d,"FACTOR VIIA INHIBITORS: CHEMICAL OPTIMIZATION, PRECLINICAL",,,90.0162672996521,,,,,other,standard
Smina,1j17,FACTOR XA SPECIFIC INHIBITOR IN COMPLEX WITH RAT TRYPSIN,,,90.01023745536804,,,,,hydrolase,standard
Smina,1v2o,TRYPSIN INHIBITOR IN COMPLEX WITH BOVINE TRYPSIN VARIANT,,,90.009530544281,,,,,hydrolase,standard
Smina,1jys,CRYSTAL STRUCTURE OF E. COLI MTA/ADOHCY NUCLEOSIDASE,0.7074057459831238,0.7074057459831238,2.9296278953552246,-5.1,,,,hydrolase,standard
Smina,1nc1,CRYSTAL STRUCTURE OF E. COLI MTA/ADOHCY NUCLEOSIDASE,3.8043832778930655,3.638444185256958,25.60546278953552,-9.1,,,,hydrolase,standard
Smina,1y6q,CYRSTAL STRUCTURE OF MTA/ADOHCY NUCLEOSIDASE COMPLEXED WITH,4.911027908325195,4.218172550201416,31.641438245773315,-9.7,,,,hydrolase,standard
Smina,1bma,BENZYL METHYL AMINIMIDE INHIBITOR COMPLEXED TO PORCINE,,,90.02257776260376,,,,,hydrolase,standard
Smina,1ela,ANALOGOUS INHIBITORS OF ELASTASE DO NOT ALWAYS BIND,,,90.00972628593445,,,,,hydrolase,standard
Smina,1elb,ANALOGOUS INHIBITORS OF ELASTASE DO NOT ALWAYS BIND,,,90.01230764389038,,,,,hydrolase,standard
Smina,1a69,PURINE NUCLEOSIDE PHOSPHORYLASE IN COMPLEX WITH FORMYCIN B,5.561700344085693,3.1970138549804688,14.62216329574585,-9.1,,,,transferase,standard
Smina,1k9s,PURINE NUCLEOSIDE PHOSPHORYLASE FROM E. COLI IN COMPLEX,2.461176633834839,2.461176633834839,19.61795854568481,-10.2,,,,,
Smina,3pce,"STRUCTURE OF PROTOCATECHUATE 3,4-DIOXYGENASE COMPLEXED WITH",3.002876043319702,2.796516895294189,10.321446895599363,-7.0,,,,oxidoreductase,metal_mediated
Smina,3pch,"STRUCTURE OF PROTOCATECHUATE 3,4-DIOXYGENASE COMPLEXED WITH",4.460239887237549,2.4376370906829834,9.871825218200684,-6.4,,,,oxidoreductase,metal_mediated
Smina,3pcj,"STRUCTURE OF PROTOCATECHUATE 3,4-DIOXYGENASE COMPLEXED WITH",3.4731245040893555,2.802440404891968,12.115652561187744,-6.5,,,,oxidoreductase,metal_mediated
Smina,2cgr,LOCAL AND TRANSMITTED CONFORMATIONAL CHANGES ON,,,90.01565361022949,,,,,other,standard
Smina,1flr,4-4-20 FAB FRAGMENT,0.6692960262298584,0.6692960262298584,26.987791538238525,-12.3,,,,other,standard
Smina,2gss,HUMAN GLUTATHIONE S-TRANSFERASE P1-1 IN COMPLEX WITH,3.53357195854187,2.945522785186768,23.63576030731201,-6.9,,,,transferase,standard
Smina,3gss,HUMAN GLUTATHIONE S-TRANSFERASE P1-1 IN COMPLEX WITH,6.713324546813965,4.161281585693359,51.26793360710144,-6.4,,,,transferase,multi_residue
Smina,10gs,"HUMAN GLUTATHIONE S-TRANSFERASE P1-1, COMPLEX WITH TER117",,,90.01240801811218,,,,,transferase,standard
Smina,2std,SCYTALONE DEHYDRATASE COMPLEXED WITH TIGHT-BINDING,6.131974697113037,3.1904916763305664,20.801823377609253,-9.8,,,,lyase,standard
Smina,3std,SCYTALONE DEHYDRATASE AND CYANOCINNOLINE INHIBITOR,3.43538761138916,3.43538761138916,53.09394454956055,-12.3,,,,lyase,standard
Smina,2d0k,METHIONINE-FREE MUTANT OF ESCHERICHIA COLI DIHYDROFOLATE,,,90.01132798194885,,,,,oxidoreductase,standard
Smina,1dhi,LONG-RANGE STRUCTURAL EFFECTS IN A SECOND-SITE REVERTANT OF,,,90.01062631607056,,,,,oxidoreductase,standard
Smina,2drc,INVESTIGATION OF THE FUNCTIONAL ROLE OF TRYPTOPHAN-22 IN,,,90.01092529296875,,,,,oxidoreductase,standard
Smina,1df8,S45A MUTANT OF STREPTAVIDIN IN COMPLEX WITH BIOTIN,6.316852569580078,3.266756057739258,18.378730058670044,-7.4,,,,transport,standard
Smina,2f01,EPI-BIOTIN COMPLEX WITH CORE STREPTAVIDIN,6.514402866363525,2.620558500289917,18.67543339729309,-7.9,,,,transport,multi_residue
Smina,2g8r,THE CRYSTAL STRUCTURE OF THE RNASE A-,7.0109734535217285,5.00150203704834,42.64073395729065,-6.2,,,,hydrolase,standard
Smina,1tyr,TRANSTHYRETIN COMPLEX WITH RETINOIC ACID,7.241424083709717,6.228792190551758,42.12785840034485,-5.1,,,,transport,standard
Smina,1e5a,STRUCTURE OF HUMAN TRANSTHYRETIN COMPLEXED WITH,5.177395343780518,2.927306890487671,2.891551733016968,-3.2,,,,transport,standard
Smina,2g5u,HUMAN TRANSTHYRETIN (TTR) COMPLEXED WITH HYDROXYLATED,2.0509581565856934,0.5637342929840088,12.474668502807615,-4.6,,,,other,standard
Smina,1sv3,STRUCTURE OF THE COMPLEX FORMED BETWEEN PHOSPHOLIPASE A2,4.1165313720703125,3.377631902694702,5.162184715270996,-5.9,,,,hydrolase,standard
Smina,1q7a,CRYSTAL STRUCTURE OF THE COMPLEX FORMED BETWEEN RUSSELL'S,5.987395286560059,4.127231121063232,27.38995742797852,-7.5,,,,hydrolase,standard
Smina,2f80,HIV-1 PROTEASE MUTANT D30N COMPLEXED WITH INHIBITOR TMC114,,,90.01317501068115,,,,,hydrolase,standard
Smina,2i0d,CRYSTAL STRUCTURE OF AD-81 COMPLEXED WITH WILD TYPE HIV-1,,,90.01394367218018,,,,,hydrolase,standard
Smina,1d7j,FKBP COMPLEXED WITH 4-HYDROXY-2-BUTANONE,2.004431962966919,1.6219102144241333,2.699218988418579,-3.7,,,,isomerase,standard
DQv2,1hk4,HUMAN SERUM ALBUMIN COMPLEXED WITH THYROXINE,0.1786201000213623,0.1786201000213623,68.50640935031561,-11.735359191894531,1.5974838733673096,1.0,proved,other,standard
DQv2,1gni,HUMAN SERUM ALBUMIN COMPLEXED WITH CIS-9-OCTADECENOIC ACID,0.3303086161613464,0.3303086161613464,41.18311144023846,-10.887539863586426,6.173075675964356,9.0,proved,other,standard
DQv2,1nhu,HEPATITIS C VIRUS RNA POLYMERASE IN COMPLEX WITH,0.2009455859661102,0.2009455859661102,59.16833792620082,-10.898902893066406,5.899140357971191,21.0,proved,transferase,standard
DQv2,2d3z,X-RAY CRYSTAL STRUCTURE OF HEPATITIS C VIRUS RNA-DEPENDENT,0.2848598957061767,0.2848598957061767,51.85926174574297,-13.37613582611084,6.529112815856934,11.0,proved,transferase,standard
DQv2,2d3u,X-RAY CRYSTAL STRUCTURE OF HEPATITIS C VIRUS RNA DEPENDENT,0.4101466834545135,0.4101466834545135,48.20995026407718,-13.820964813232422,6.565800666809082,9.0,proved,transferase,standard
DQv2,1ajp,"PENICILLIN ACYLASE COMPLEXED WITH 2,5-DIHYDROXYPHENYLACETIC",0.2834866642951965,0.2834866642951965,44.79738428104338,-8.196268081665039,3.1236300468444824,8.0,proved,hydrolase,standard
DQv2,1ai5,PENICILLIN ACYLASE COMPLEXED WITH M-NITROPHENYLACETIC ACID,0.32913339138031,0.32913339138031,44.91545440899927,-9.44145393371582,4.527464151382446,7.0,proved,hydrolase,standard
DQv2,1ajq,PENICILLIN ACYLASE COMPLEXED WITH THIOPHENEACETIC ACID,0.2725002467632293,0.2725002467632293,48.28936722937033,-8.647455215454102,4.640847444534302,4.0,proved,hydrolase,standard
DQv2,1gpk,STRUCTURE OF ACETYLCHOLINESTERASE COMPLEX WITH,0.3991294205188751,0.3991294205188751,61.93580357764358,-12.233433723449709,5.514779090881348,6.0,proved,hydrolase,standard
DQv2,1h23,STRUCTURE OF ACETYLCHOLINESTERASE (E.C. 3.1.1.7) COMPLEXED,0.1950334906578064,0.1950334906578064,64.11168380556728,-16.813190460205078,6.4045000076293945,6.0,proved,hydrolase,standard
DQv2,1e66,STRUCTURE OF ACETYLCHOLINESTERASE COMPLEXED WITH,0.290827065706253,0.290827065706253,64.04294148514509,-17.628541946411133,6.129152774810791,4.0,proved,hydrolase,standard
DQv2,2rkm,STRUCTURE OF OPPA COMPLEXED WITH LYS-LYS,0.1085055992007255,0.1085055992007255,49.63415631872249,-13.00676727294922,5.7992682456970215,5.0,proved,transport,multi_residue
DQv2,1u33,IN SITU EXTENSION AS AN APPROACH FOR IDENTIFYING NOVEL,0.2292676270008087,0.2292676270008087,42.515969419391695,-18.10456085205078,9.67575216293335,4.0,proved,hydrolase,standard
DQv2,1xd1,ACARBOSE REARRANGEMENT MECHANISM IMPLIED BY THE KINETIC AND,0.3054945170879364,0.3054945170879364,38.4522289317606,-19.664705276489254,4.086073398590088,2.0,proved,hydrolase,standard
DQv2,1uwt,STRUCTURE OF BETA-GLYCOSIDASE FROM SULFOLOBUS SOLFATARICUS,0.1290638744831085,0.1290638744831085,46.32526845963821,-12.69489860534668,6.8031206130981445,9.0,proved,hydrolase,standard
DQv2,2ceq,BETA-GLYCOSIDASE FROM SULFOLOBUS SOLFATARICUS IN COMPLEX,0.1666957437992096,0.1666957437992096,58.65227279389774,-13.555532455444336,6.333541393280029,25.0,proved,hydrolase,standard
DQv2,2cer,BETA-GLYCOSIDASE FROM SULFOLOBUS SOLFATARICUS IN COMPLEX,0.1422784924507141,0.1422784924507141,66.42159529293713,-16.84992218017578,8.413124084472656,5.0,proved,hydrolase,standard
DQv2,2qwb,THE X-RAY STRUCTURE OF A COMPLEX OF SIALIC ACID AND A DRUG,0.3720606863498688,0.3720606863498688,47.63059340225345,-12.570759773254396,8.73457956314087,16.0,proved,hydrolase,standard
DQv2,2qwd,THE X-RAY STRUCTURE OF A COMPLEX OF 4-AMINO-NEU5AC2EN AND A,0.2962600886821747,0.2962600886821747,48.69757410176817,-10.830970764160156,8.0286545753479,17.0,proved,hydrolase,standard
DQv2,2qwe,THE X-RAY STRUCTURE OF A COMPLEX OF 4-GUANIDINO-NEU5AC2EN,0.1566712856292724,0.1566712856292724,45.43279430119856,-13.112497329711914,7.201650857925415,4.0,proved,hydrolase,standard
DQv2,2j77,BETA-GLUCOSIDASE FROM THERMOTOGA MARITIMA IN COMPLEX WITH,0.1367945373058319,0.1367945373058319,51.30446883405284,-12.053832054138184,7.517584085464477,29.0,proved,hydrolase,standard
DQv2,2j78,BETA-GLUCOSIDASE FROM THERMOTOGA MARITIMA IN COMPLEX WITH,0.1117704212665557,0.1117704212665557,42.575326659562506,-12.885910034179688,7.309224843978882,5.0,proved,hydrolase,standard
DQv2,2cet,BETA-GLUCOSIDASE FROM THERMOTOGA MARITIMA IN COMPLEX WITH,0.0875362157821655,0.0875362157821655,47.007140133269786,-16.996620178222656,6.4236578941345215,6.0,proved,hydrolase,standard
DQv2,2g94,CRYSTAL STRUCTURE OF BETA-SECRETASE BOUND TO A POTENT AND,0.234868049621582,0.234868049621582,60.67354519336413,-22.820581436157227,3.1695375442504883,2.0,proved,hydrolase,standard
DQv2,1v16,CROSSTALK BETWEEN COFACTOR BINDING AND THE PHOSPHORYLATION,0.2655523121356964,0.2655523121356964,57.20059352051749,-68.98118591308594,37.7812442779541,25.0,proved,oxidoreductase,metal_mediated
DQv2,1olu,ROLES OF HIS291-ALPHA AND HIS146-BETA' IN THE REDUCTIVE,0.4139339625835418,0.4139339625835418,43.79335058948482,-68.05329132080078,37.84827947616577,25.0,proved,oxidoreductase,metal_mediated
DQv2,1ols,ROLES OF HIS291-ALPHA AND HIS146-BETA' IN THE REDUCTIVE,0.0763313993811607,0.0763313993811607,71.45048492433807,-69.51669311523438,42.29285144805908,10.0,proved,oxidoreductase,metal_mediated
DQv2,1n2v,CRYSTAL STRUCTURE OF TGT IN COMPLEX WITH,0.1741279065608978,0.1741279065608978,54.94988280663301,-9.440033912658691,5.63960599899292,16.0,proved,transferase,standard
DQv2,1k4g,CRYSTAL STRUCTURE OF TRNA-GUANINE TRANSGLYCOSYLASE (TGT),0.7840322256088257,0.7840322256088257,47.47565594837579,-11.773755073547363,6.52906608581543,21.0,proved,transferase,standard
DQv2,1s39,CRYSTAL STRUCTURE OF TGT IN COMPLEX WITH,0.1528828293085098,0.1528828293085098,45.98995065744384,-11.239774703979492,3.6287572383880615,9.0,proved,transferase,standard
DQv2,2bak,P38ALPHA MAP KINASE BOUND TO MPAQ,0.3643020689487457,0.3643020689487457,59.824104896604695,-19.42198181152344,7.893365859985352,3.0,proved,transferase,standard
DQv2,2baj,P38ALPHA BOUND TO PYRAZOLOUREA,0.3016025722026825,0.3016025722026825,64.48238122545263,-17.606487274169922,9.660374641418455,4.0,proved,transferase,standard
DQv2,1ndw,CRYSTAL STRUCTURE OF ADENOSINE DEAMINASE COMPLEXED WITH,0.2257508039474487,0.2257508039474487,67.09479552575249,-12.071229934692385,6.614026069641113,4.0,proved,hydrolase,metal_mediated
DQv2,1ndy,CRYSTAL STRUCTURE OF ADENOSINE DEAMINASE COMPLEXED WITH,0.0852986648678779,0.0852986648678779,66.01276430505368,-13.767141342163086,5.685948371887207,4.0,proved,hydrolase,metal_mediated
DQv2,1ndz,CRYSTAL STRUCTURE OF ADENOSINE DEAMINASE COMPLEXED WITH,0.4562320411205292,0.4562320411205292,69.43855587239159,-19.32021141052246,9.181589603424072,5.0,proved,hydrolase,metal_mediated
DQv2,1l2s,X-RAY CRYSTAL STRUCTURE OF AMPC BETA-LACTAMASE FROM E. COLI,0.2410141378641128,0.2410141378641128,63.66639206042419,-11.578968048095703,4.747989892959595,30.0,proved,hydrolase,standard
DQv2,1xgj,AMPC BETA-LACTAMASE IN COMPLEX WITH 3-(4-CARBOXY-2-HYDROXY-,0.3576225936412811,0.3576225936412811,51.117400414617805,-10.693520545959473,5.029218912124634,29.0,proved,hydrolase,standard
DQv2,1q8t,THE CATALYTIC SUBUNIT OF CAMP-DEPENDENT PROTEIN KINASE,0.970736563205719,0.970736563205719,49.5265299971943,-9.38120937347412,4.2796502113342285,9.0,proved,transferase,standard
DQv2,1ydt,"STRUCTURE OF CAMP-DEPENDENT PROTEIN KINASE, ALPHA-CATALYTIC",0.3143877983093261,0.3143877983093261,55.81535269214237,-15.606771469116213,2.996635913848877,2.0,proved,transferase,standard
DQv2,1re8,CRYSTAL STRUCTURE OF CAMP-DEPENDENT PROTEIN KINASE,0.3081405162811279,0.3081405162811279,64.4297259955938,-19.669649124145508,11.346038341522217,4.0,proved,transferase,standard
DQv2,1m2q,"CRYSTAL STRUCTURE OF 1,8-DI-HYDROXY-4-NITRO-XANTEN-9-ONE/CK2",0.3043228387832641,0.3043228387832641,57.20345621598244,-13.71530532836914,4.749349594116211,14.0,proved,transferase,standard
DQv2,1om1,CRYSTAL STRUCTURE OF MAIZE CK2 ALPHA IN COMPLEX WITH IQA,0.449386715888977,0.449386715888977,61.47232566065031,-13.804776191711426,8.314173221588135,11.0,proved,transferase,standard
DQv2,1zoe,CRYSTAL STRUCTURE OF PROTEIN KINASE CK2 IN COMPLEX WITH,0.1647946983575821,0.1647946983575821,62.29021458869192,-11.045781135559082,5.332332134246826,4.0,proved,transferase,standard
DQv2,2azr,CRYSTAL STRUCTURE OF PTP1B WITH BICYCLIC THIOPHENE INHIBITOR,0.2121285200119018,0.2121285200119018,53.03923812354242,-12.565433502197266,6.651235580444336,4.0,proved,hydrolase,standard
DQv2,1g7f,HUMAN PTP1B CATALYTIC DOMAIN COMPLEXED WITH PNU177496,0.2736097574234009,0.2736097574234009,58.4873437657352,-14.408252716064451,3.810553550720215,3.0,proved,hydrolase,standard
DQv2,1nny,"POTENT, SELECTIVE PROTEIN TYROSINE PHOSPHATASE 1B INHIBITOR",0.2131440192461013,0.2131440192461013,60.67236045425852,-21.87084007263184,10.03414011001587,5.0,proved,hydrolase,standard
DQv2,5er1,A RATIONAL APPROACH TO THE DESIGN OF ANTIHYPERTENSIVES.,0.2272072285413742,0.2272072285413742,57.16447159966901,-14.408618927001951,0.4562783241271972,1.0,proved,hydrolase,standard
DQv2,4tln,BINDING OF HYDROXAMIC ACID INHIBITORS TO CRYSTALLINE,0.2684638500213623,0.2684638500213623,54.16553353579548,-61.45307922363281,85.2248764038086,36.0,proved,hydrolase,metal_mediated
DQv2,1tmn,BINDING OF N-CARBOXYMETHYL DIPEPTIDE INHIBITORS TO,0.5669232606887817,0.5669232606887817,57.31395773638724,-63.27678680419922,67.44758415222168,29.0,proved,hydrolase,metal_mediated
DQv2,4tmn,SLOW-AND FAST-BINDING INHIBITORS OF THERMOLYSIN DISPLAY,0.419310063123703,0.419310063123703,57.69930728241252,-70.27387237548828,35.44672966003418,13.0,proved,hydrolase,metal_mediated
DQv2,1fh7,CRYSTAL STRUCTURE OF THE XYLANASE CEX WITH,0.1474525779485702,0.1474525779485702,58.198031243541664,-13.839872360229492,3.651567935943604,5.0,proved,hydrolase,multi_residue
DQv2,1fh9,CRYSTAL STRUCTURE OF THE XYLANASE CEX WITH,0.1969771236181259,0.1969771236181259,71.01028532187138,-15.148540496826172,8.828063011169434,11.0,proved,hydrolase,multi_residue
DQv2,1fh8,CRYSTAL STRUCTURE OF THE XYLANASE CEX WITH,0.1097296774387359,0.1097296774387359,57.029543846091656,-12.245676040649414,1.351656436920166,5.0,proved,hydrolase,multi_residue
DQv2,2ctc,THE HIGH RESOLUTION CRYSTAL STRUCTURE OF THE COMPLEX,3.3787407875061035,3.3787407875061035,58.659924363917526,-21.665637969970703,6.483893990516663,14.0,proved,hydrolase,metal_mediated
DQv2,8cpa,COMPARISON OF THE STRUCTURES OF THREE CARBOXYPEPTIDASE,0.321212500333786,0.321212500333786,55.8374543770351,-42.55902862548828,68.25289726257324,6.0,proved,hydrolase,metal_mediated
DQv2,7cpa,COMPARISON OF THE STRUCTURES OF THREE CARBOXYPEPTIDASE,0.4090295732021332,0.4090295732021332,52.37800015771609,-47.03770446777344,23.12719488143921,12.0,proved,hydrolase,metal_mediated
DQv2,1e1v,HUMAN CYCLIN DEPENDENT KINASE 2 COMPLEXED WITH THE,1.0748697519302368,1.0748697519302368,59.18151761067111,-9.92876148223877,6.400115489959717,7.0,proved,transferase,standard
DQv2,1b39,HUMAN CYCLIN-DEPENDENT KINASE 2 PHOSPHORYLATED ON THR 160,0.4357450008392334,0.4357450008392334,63.596700797634185,-58.530670166015625,51.86195182800293,8.0,proved,transferase,metal_mediated
DQv2,1pxo,HUMAN CYCLIN DEPENDENT KINASE 2 COMPLEXED WITH THE,0.1983174085617065,0.1983174085617065,53.41035793472293,-7.6611127853393555,2.579730033874512,19.0,proved,transferase,standard
DQv2,1vzq,COMPLEX OF THROMBIN WITH DESIGNED INHIBITOR 7165,0.2998351454734802,0.2998351454734802,61.0438461268277,-18.1829776763916,9.731812477111816,2.0,proved,hydrolase,standard
DQv2,1sl3,CRYSTAL STRUCTUE OF THROMBIN IN COMPLEX WITH A POTENT P1,0.2105497568845749,0.2105497568845749,68.22291395210232,-20.41341781616211,4.439583778381348,2.0,proved,hydrolase,standard
DQv2,2brb,STRUCTURE-BASED DESIGN OF NOVEL CHK1 INHIBITORS: INSIGHTS,0.4370453953742981,0.4370453953742981,57.83941176474946,-12.58906364440918,5.481180191040039,6.0,proved,transferase,standard
DQv2,2brm,STRUCTURE-BASED DESIGN OF NOVEL CHK1 INHIBITORS: INSIGHTS,0.5805869698524475,0.5805869698524475,57.443387207011256,-11.9429292678833,4.86177921295166,12.0,proved,transferase,standard
DQv2,1nvq,THE COMPLEX STRUCTURE OF CHECKPOINT KINASE CHK1/UCN-01,0.4499728679656982,0.4499728679656982,51.95247963753809,-18.851757049560547,10.31613540649414,11.0,proved,transferase,standard
DQv2,1jqd,CRYSTAL STRUCTURE ANALYSIS OF HUMAN HISTAMINE,0.2871429026126861,0.2871429026126861,56.88821890478084,-13.27445125579834,8.035707473754883,8.0,proved,transferase,standard
DQv2,2aov,HISTAMINE METHYLTRANSFERASE COMPLEXED WITH THE ANTIFOLATE,0.3099275529384613,0.3099275529384613,68.80385106148606,-9.838321685791016,4.78167724609375,5.0,proved,transferase,standard
DQv2,2aou,HISTAMINE METHYLTRANSFERASE COMPLEXED WITH THE ANTIMALARIAL,0.2049455791711807,0.2049455791711807,69.61981645166998,-14.171500205993652,6.819516658782959,4.0,proved,transferase,standard
DQv2,1pbq,CRYSTAL STRUCTURE OF THE NR1 LIGAND BINDING CORE IN COMPLEX,0.1484551131725311,0.1484551131725311,65.29522398784229,-12.487643241882324,5.857656002044678,5.0,proved,transport,standard
DQv2,1vfn,PURINE NUCLEOSIDE PHOSPHORYLASE,0.502251386642456,0.502251386642456,70.12924776645013,-7.476003646850586,4.331209182739258,25.0,proved,transferase,standard
DQv2,1p1q,CRYSTAL STRUCTURE OF THE GLUR2 LIGAND BINDING CORE (S1S2J),0.1911688148975372,0.1911688148975372,70.96989392384239,-12.428221702575684,5.625301837921143,3.0,proved,other,standard
DQv2,1syh,X-RAY STRUCTURE OF THE GLUR2 LIGAND-BINDING CORE (S1S2J) IN,0.0207861848175525,0.0207861848175525,69.64488546240591,-16.202991485595703,10.16285228729248,2.0,proved,other,standard
DQv2,1ftm,CRYSTAL STRUCTURE OF THE GLUR2 LIGAND BINDING CORE (S1S2J),0.1110051423311233,0.1110051423311233,70.21406852554719,-12.573270797729492,4.862888813018799,3.0,proved,other,standard
DQv2,1fcx,ISOTYPE SELECTIVITY OF THE HUMAN RETINOIC ACID NUCLEAR,1.1806459426879885,1.1806459426879885,52.98807373212821,-5.865977764129639,3.5889209508895874,25.0,proved,other,standard
DQv2,1fd0,ISOTYPE SELECTIVITY OF THE HUMAN RETINOIC ACID NUCLEAR,0.2575730979442596,0.2575730979442596,71.3024717243743,-18.278608322143555,9.380809783935549,6.0,proved,other,standard
DQv2,1fcz,ISOTYPE SELECTIVITY OF THE HUMAN RETINOIC ACID NUCLEAR,1.219587802886963,1.219587802886963,49.065294775437,-6.33369255065918,3.893545866012573,22.0,proved,other,standard
DQv2,1f4e,CRYSTAL STRUCTURE OF E. COLI THYMIDYLATE SYNTHASE COMPLEXED,0.2989470660686493,0.2989470660686493,56.14888358398912,-8.843109130859375,3.8505940437316895,12.0,proved,transferase,standard
DQv2,1f4f,CRYSTAL STRUCTURE OF E. COLI THYMIDYLATE SYNTHASE COMPLEXED,0.2028069049119949,0.2028069049119949,71.00416298227265,-10.736010551452637,4.17567253112793,8.0,proved,transferase,standard
DQv2,1f4g,CRYSTAL STRUCTURE OF E. COLI THYMIDYLATE SYNTHASE COMPLEXED,0.2526076734066009,0.2526076734066009,66.3470046651255,-14.197837829589844,8.184464454650879,5.0,proved,transferase,standard
DQv2,1sqa,SUBSTITUTED 2-NAPHTHAMIDINE INHIBITORS OF UROKINASE,0.0655773133039474,0.0655773133039474,81.4816394186355,-14.64517307281494,7.379866600036621,3.0,proved,hydrolase,standard
DQv2,2b1v,HUMAN ESTROGEN RECEPTOR ALPHA LIGAND-BINDING DOMAIN IN,0.9262993931770324,0.9262993931770324,44.498838336166045,-11.3384428024292,5.543582916259766,4.0,proved,other,standard
DQv2,2fai,HUMAN ESTROGEN RECEPTOR ALPHA LIGAND-BINDING DOMAIN IN,0.999282956123352,0.999282956123352,64.24112309782595,-11.636042594909668,5.970765829086304,3.0,proved,other,standard
DQv2,2ayr,A SERM DESIGNED FOR THE TREATMENT OF UTERINE LEIOMYOMA WITH,0.271703690290451,0.271703690290451,65.66356441181142,-19.6018180847168,7.438618183135986,5.0,proved,transcription,standard
DQv2,1ttm,HUMAN CARBONIC ANHYDRASE II COMPLEXED WITH 667-COUMATE,1.4283720254898071,1.4283720254898071,68.51716764931189,-77.16926574707031,78.40747833251953,26.0,proved,lyase,metal_mediated
DQv2,1if7,CARBONIC ANHYDRASE II COMPLEXED WITH,1.428775191307068,1.428775191307068,66.97045455070565,-56.65829086303711,72.76188659667969,30.0,proved,lyase,metal_mediated
DQv2,2bok,FACTOR XA - CATION,0.3126530945301056,0.3126530945301056,68.63915268405981,-16.470502853393555,9.547691345214844,5.0,proved,hydrolase,standard
DQv2,1nfy,CRYSTAL STRUCTURE OF HUMAN COAGULATION FACTOR XA COMPLEXED,0.358031302690506,0.358031302690506,63.04214983683323,-17.883647918701172,7.458137512207031,4.0,proved,hydrolase,standard
DQv2,1mq6,CRYSTAL STRUCTURE OF 3-CHLORO-N-[4-CHLORO-2-[[(5-CHLORO-2-PY,0.2066291868686676,0.2066291868686676,84.90371427891114,-19.0336971282959,8.10873794555664,4.0,proved,hydrolase,standard
DQv2,2usn,CRYSTAL STRUCTURE OF THE CATALYTIC DOMAIN OF HUMAN,0.2078498005867004,0.2078498005867004,64.10613685509907,-17.402278900146484,19.719401359558105,25.0,proved,hydrolase,metal_mediated
DQv2,2d1o,STROMELYSIN-1 (MMP-3) COMPLEXED TO A HYDROXAMIC ACID,0.2663058340549469,0.2663058340549469,69.50899708581164,-71.37137603759766,44.20159339904785,17.0,proved,hydrolase,metal_mediated
DQv2,2flb,DISCOVERY OF A NOVEL HYDROXY PYRAZOLE BASED FACTOR IXA,3.39988374710083,3.39988374710083,78.01535723135203,-6.768054962158203,9.448302745819092,25.0,proved,hydrolase,standard
DQv2,2b7d,"FACTOR VIIA INHIBITORS: CHEMICAL OPTIMIZATION, PRECLINICAL",0.3125342130661011,0.3125342130661011,63.544831094447545,-16.01065444946289,8.27089786529541,9.0,proved,other,standard
DQv2,1j17,FACTOR XA SPECIFIC INHIBITOR IN COMPLEX WITH RAT TRYPSIN,0.3686487078666687,0.3686487078666687,75.23018264186067,-18.60277366638184,9.26426124572754,4.0,proved,hydrolase,standard
DQv2,1v2o,TRYPSIN INHIBITOR IN COMPLEX WITH BOVINE TRYPSIN VARIANT,0.181242823600769,0.181242823600769,63.61307136551113,-11.096949577331545,0.2593436241149902,1.0,proved,hydrolase,standard
DQv2,1jys,CRYSTAL STRUCTURE OF E. COLI MTA/ADOHCY NUCLEOSIDASE,0.7085258960723877,0.7085258960723877,63.5279160644086,-6.779311180114746,3.065467357635498,21.0,proved,hydrolase,standard
DQv2,1nc1,CRYSTAL STRUCTURE OF E. COLI MTA/ADOHCY NUCLEOSIDASE,0.3266359865665436,0.3266359865665436,105.15146135624671,-15.726747512817385,0.9712014198303224,1.0,proved,hydrolase,standard
DQv2,1y6q,CYRSTAL STRUCTURE OF MTA/ADOHCY NUCLEOSIDASE COMPLEXED WITH,0.3324493765830993,0.3324493765830993,86.18432478260729,-15.336465835571287,8.04439115524292,4.0,proved,hydrolase,standard
DQv2,1bma,BENZYL METHYL AMINIMIDE INHIBITOR COMPLEXED TO PORCINE,0.1126147285103797,0.1126147285103797,62.263738833746174,-17.90583038330078,8.355865478515625,6.0,proved,hydrolase,standard
DQv2,1ela,ANALOGOUS INHIBITORS OF ELASTASE DO NOT ALWAYS BIND,0.1663339436054229,0.1663339436054229,66.94108032418808,-16.345714569091797,7.997688293457031,6.0,proved,hydrolase,standard
DQv2,1elb,ANALOGOUS INHIBITORS OF ELASTASE DO NOT ALWAYS BIND,0.2069786190986633,0.2069786190986633,64.16613212757875,-14.707846641540527,6.229772567749023,5.0,proved,hydrolase,standard
DQv2,1a69,PURINE NUCLEOSIDE PHOSPHORYLASE IN COMPLEX WITH FORMYCIN B,0.2846318781375885,0.2846318781375885,85.43342795793978,-14.430532455444336,1.2778682708740234,1.0,proved,transferase,standard
DQv2,3pce,"STRUCTURE OF PROTOCATECHUATE 3,4-DIOXYGENASE COMPLEXED WITH",0.3496566712856293,0.3496566712856293,77.84897330772947,-36.272220611572266,63.99151611328125,27.0,proved,oxidoreductase,metal_mediated
DQv2,3pch,"STRUCTURE OF PROTOCATECHUATE 3,4-DIOXYGENASE COMPLEXED WITH",0.3525802493095398,0.3525802493095398,149.39528132934356,-37.01991271972656,45.41429138183594,27.0,proved,oxidoreductase,metal_mediated
DQv2,3pcj,"STRUCTURE OF PROTOCATECHUATE 3,4-DIOXYGENASE COMPLEXED WITH",0.5571444630622864,0.5571444630622864,69.07294421174811,-63.15679931640625,86.28861618041992,29.0,proved,oxidoreductase,metal_mediated
DQv2,2cgr,LOCAL AND TRANSMITTED CONFORMATIONAL CHANGES ON,0.526958167552948,0.526958167552948,66.93537158413164,-17.845298767089844,4.939697265625,5.0,proved,other,standard
DQv2,1flr,4-4-20 FAB FRAGMENT,0.3517263233661651,0.3517263233661651,76.98403480034358,-19.061378479003903,9.954513549804688,6.0,proved,other,standard
DQv2,2gss,HUMAN GLUTATHIONE S-TRANSFERASE P1-1 IN COMPLEX WITH,0.4783722460269928,0.4783722460269928,69.0894645215867,-7.974225997924805,4.042173862457275,22.0,proved,transferase,standard
DQv2,3gss,HUMAN GLUTATHIONE S-TRANSFERASE P1-1 IN COMPLEX WITH,0.2304574698209762,0.2304574698209762,75.81511028788373,-17.63483238220215,3.5104222297668457,4.0,proved,transferase,multi_residue
DQv2,10gs,"HUMAN GLUTATHIONE S-TRANSFERASE P1-1, COMPLEX WITH TER117",0.1428786069154739,0.1428786069154739,63.30069436342456,-16.250642776489258,8.34625768661499,6.0,proved,transferase,standard
DQv2,2std,SCYTALONE DEHYDRATASE COMPLEXED WITH TIGHT-BINDING,0.0906552597880363,0.0906552597880363,68.69277623195558,-12.233017921447754,6.128861904144287,3.0,proved,lyase,standard
DQv2,3std,SCYTALONE DEHYDRATASE AND CYANOCINNOLINE INHIBITOR,0.1842161118984222,0.1842161118984222,55.28972977427293,-16.749168395996094,8.66463041305542,4.0,proved,lyase,standard
DQv2,1jaq,COMPLEX OF 1-HYDROXYLAMINE-2-ISOBUTYLMALONYL-ALA-GLY-NH2,0.7817434668540955,0.7817434668540955,48.60868179508543,-61.54121780395508,45.8056583404541,27.0,proved,hydrolase,metal_mediated
DQv2,1zs0,CRYSTAL STRUCTURE OF THE COMPLEX BETWEEN MMP-8 AND A,0.8822658658027649,0.8822658658027649,63.83620416354097,-45.63627624511719,65.13980674743652,22.0,proved,hydrolase,metal_mediated
DQv2,1zvx,CRYSTAL STRUCTURE OF THE COMPLEX BETWEEN MMP-8 AND A,0.3475327789783478,0.3475327789783478,60.52632087554957,-46.52389907836914,33.45639419555664,28.0,proved,hydrolase,metal_mediated
DQv2,2d0k,METHIONINE-FREE MUTANT OF ESCHERICHIA COLI DIHYDROFOLATE,0.3814463913440704,0.3814463913440704,60.44779296010529,-13.296061515808104,4.052887916564941,6.0,proved,oxidoreductase,standard
DQv2,1dhi,LONG-RANGE STRUCTURAL EFFECTS IN A SECOND-SITE REVERTANT OF,0.4307386875152588,0.4307386875152588,67.8903200806817,-12.680096626281738,4.3098344802856445,6.0,proved,oxidoreductase,standard
DQv2,2drc,INVESTIGATION OF THE FUNCTIONAL ROLE OF TRYPTOPHAN-22 IN,0.2795558273792267,0.2795558273792267,68.24412658354959,-12.734981536865234,6.383044719696045,2.0,proved,oxidoreductase,standard
DQv2,1df8,S45A MUTANT OF STREPTAVIDIN IN COMPLEX WITH BIOTIN,0.1915317624807357,0.1915317624807357,63.85273906770453,-12.060714721679688,4.653080463409424,4.0,proved,transport,standard
DQv2,2f01,EPI-BIOTIN COMPLEX WITH CORE STREPTAVIDIN,0.1165472865104675,0.1165472865104675,62.17938415764729,-12.550501823425291,7.1343913078308105,3.0,proved,transport,multi_residue
DQv2,1tyr,TRANSTHYRETIN COMPLEX WITH RETINOIC ACID,5.807258605957031,5.807258605957031,49.78898949885661,-5.080109596252441,2.8970766067504883,23.0,proved,transport,standard
DQv2,1e5a,STRUCTURE OF HUMAN TRANSTHYRETIN COMPLEXED WITH,3.4243948459625244,3.4243948459625244,68.34107186256733,-4.272365570068359,2.144607186317444,28.0,proved,transport,standard
DQv2,2g5u,HUMAN TRANSTHYRETIN (TTR) COMPLEXED WITH HYDROXYLATED,5.960180759429932,5.960180759429932,66.65789211069023,-6.419944286346436,3.6880502700805664,25.0,proved,other,standard
DQv2,1sv3,STRUCTURE OF THE COMPLEX FORMED BETWEEN PHOSPHOLIPASE A2,0.5580111742019653,0.5580111742019653,68.0399425445903,-7.008453845977783,2.3777384757995605,25.0,proved,hydrolase,standard
DQv2,1q7a,CRYSTAL STRUCTURE OF THE COMPLEX FORMED BETWEEN RUSSELL'S,0.15324667096138,0.15324667096138,64.0620514339007,-10.414112091064451,3.1613340377807617,11.0,proved,hydrolase,standard
DQv2,2f80,HIV-1 PROTEASE MUTANT D30N COMPLEXED WITH INHIBITOR TMC114,0.3312440514564514,0.3312440514564514,61.406095975558856,-20.035043716430664,10.785893440246582,4.0,proved,hydrolase,standard
DQv2,2i0d,CRYSTAL STRUCTURE OF AD-81 COMPLEXED WITH WILD TYPE HIV-1,0.0996395424008369,0.0996395424008369,67.75908637440807,-17.713420867919922,8.169755935668945,4.0,proved,hydrolase,standard
DQv2,1d7j,FKBP COMPLEXED WITH 4-HYDROXY-2-BUTANONE,0.3044476509094238,0.3044476509094238,54.786194197640725,-5.141541957855225,2.8309617042541504,26.0,proved,isomerase,standard
