method,engine_id,pdb_id,target_name,center_x,center_y,center_z,box_x,box_y,box_z,ligand_atoms,pocket_atoms,score_name,score,top_rmsd,best_mode_rmsd,time_s,dock_time_s,checkpoint_time_s,total_wall_time_s,pose_pdb,gap_proof,execution_path,certified_failure_reason,native_rank,energy_gap,receptor_pdb,native_ligand_pdb,target_class,binding_mode,status,error
DQ-Dock,dq_dock,1hk4,HUMAN SERUM ALBUMIN COMPLEXED WITH THYROXINE,20.921291666666672,11.52725,26.298791666666663,12.0,12.0,12.0,24,164,energy,-11.735359191894531,0.1786201000213623,0.1786201000213623,68.50640935031561,61.261810064315796,7.244225317999735,68.50640935031561,benchmark_results_metal_dqonly/pdb_redocking_20260322_210439_poses/1hk4_dq_dock_pose.pdb,proved,STRICT_CERTIFIED,,1,1.5974838733673096,benchmark_results_metal_dqonly/pdb_redocking_20260322_210439_poses/1hk4_receptor.pdb,benchmark_results_metal_dqonly/pdb_redocking_20260322_210439_poses/1hk4_native_ligand.pdb,other,standard,success,
DQ-Dock,dq_dock,1gni,HUMAN SERUM ALBUMIN COMPLEXED WITH CIS-9-OCTADECENOIC ACID,11.39145,1.0988000000000002,22.17425,12.0,12.0,12.0,20,222,energy,-10.887539863586426,0.33030861616134644,0.33030861616134644,41.18311144023846,34.86604332923889,6.316537465999772,41.18311144023846,benchmark_results_metal_dqonly/pdb_redocking_20260322_210439_poses/1gni_dq_dock_pose.pdb,proved,STRICT_CERTIFIED,,9,6.1730756759643555,benchmark_results_metal_dqonly/pdb_redocking_20260322_210439_poses/1gni_receptor.pdb,benchmark_results_metal_dqonly/pdb_redocking_20260322_210439_poses/1gni_native_ligand.pdb,other,standard,success,
DQ-Dock,dq_dock,1nhu,HEPATITIS C VIRUS RNA POLYMERASE IN COMPLEX WITH,9.102878787878788,33.06924242424242,77.70760606060607,12.0,12.0,12.0,33,120,energy,-10.898902893066406,0.20094558596611023,0.20094558596611023,59.16833792620082,53.91132402420044,5.256597964000321,59.16833792620082,benchmark_results_metal_dqonly/pdb_redocking_20260322_210439_poses/1nhu_dq_dock_pose.pdb,proved,STRICT_CERTIFIED,,21,5.899140357971191,benchmark_results_metal_dqonly/pdb_redocking_20260322_210439_poses/1nhu_receptor.pdb,benchmark_results_metal_dqonly/pdb_redocking_20260322_210439_poses/1nhu_native_ligand.pdb,transferase,standard,success,
DQ-Dock,dq_dock,2d3z,X-RAY CRYSTAL STRUCTURE OF HEPATITIS C VIRUS RNA-DEPENDENT,9.101653846153846,33.23038461538461,75.07757692307692,12.0,12.0,12.0,26,155,energy,-13.37613582611084,0.28485989570617676,0.28485989570617676,51.85926174574297,46.005868911743164,5.852833404999728,51.85926174574297,benchmark_results_metal_dqonly/pdb_redocking_20260322_210439_poses/2d3z_dq_dock_pose.pdb,proved,STRICT_CERTIFIED,,11,6.529112815856934,benchmark_results_metal_dqonly/pdb_redocking_20260322_210439_poses/2d3z_receptor.pdb,benchmark_results_metal_dqonly/pdb_redocking_20260322_210439_poses/2d3z_native_ligand.pdb,transferase,standard,success,
DQ-Dock,dq_dock,2d3u,X-RAY CRYSTAL STRUCTURE OF HEPATITIS C VIRUS RNA DEPENDENT,9.227185185185185,32.80062962962963,75.04985185185186,12.0,12.0,12.0,27,155,energy,-13.820964813232422,0.41014668345451355,0.41014668345451355,48.20995026407718,42.45175290107727,5.757831519999854,48.20995026407718,benchmark_results_metal_dqonly/pdb_redocking_20260322_210439_poses/2d3u_dq_dock_pose.pdb,proved,STRICT_CERTIFIED,,9,6.565800666809082,benchmark_results_metal_dqonly/pdb_redocking_20260322_210439_poses/2d3u_receptor.pdb,benchmark_results_metal_dqonly/pdb_redocking_20260322_210439_poses/2d3u_native_ligand.pdb,transferase,standard,success,
DQ-Dock,dq_dock,1ajp,"PENICILLIN ACYLASE COMPLEXED WITH 2,5-DIHYDROXYPHENYLACETIC",11.839166666666666,36.45483333333333,34.5015,12.0,12.0,12.0,12,203,energy,-8.196268081665039,0.28348666429519653,0.28348666429519653,44.79738428104338,39.07468128204346,5.722346504000143,44.79738428104338,benchmark_results_metal_dqonly/pdb_redocking_20260322_210439_poses/1ajp_dq_dock_pose.pdb,proved,STRICT_CERTIFIED,,8,3.1236300468444824,benchmark_results_metal_dqonly/pdb_redocking_20260322_210439_poses/1ajp_receptor.pdb,benchmark_results_metal_dqonly/pdb_redocking_20260322_210439_poses/1ajp_native_ligand.pdb,hydrolase,standard,success,
DQ-Dock,dq_dock,1ai5,PENICILLIN ACYLASE COMPLEXED WITH M-NITROPHENYLACETIC ACID,12.108076923076926,36.458615384615385,34.487923076923074,12.0,12.0,12.0,13,210,energy,-9.44145393371582,0.32913339138031006,0.32913339138031006,44.91545440899927,39.567060708999634,5.3479701379997096,44.91545440899927,benchmark_results_metal_dqonly/pdb_redocking_20260322_210439_poses/1ai5_dq_dock_pose.pdb,proved,STRICT_CERTIFIED,,7,4.527464151382446,benchmark_results_metal_dqonly/pdb_redocking_20260322_210439_poses/1ai5_receptor.pdb,benchmark_results_metal_dqonly/pdb_redocking_20260322_210439_poses/1ai5_native_ligand.pdb,hydrolase,standard,success,
DQ-Dock,dq_dock,1ajq,PENICILLIN ACYLASE COMPLEXED WITH THIOPHENEACETIC ACID,11.727999999999998,36.681,34.18066666666667,12.0,12.0,12.0,9,223,energy,-8.647455215454102,0.27250024676322937,0.27250024676322937,48.28936722937033,42.877840757369995,5.411210514000231,48.28936722937033,benchmark_results_metal_dqonly/pdb_redocking_20260322_210439_poses/1ajq_dq_dock_pose.pdb,proved,STRICT_CERTIFIED,,4,4.640847444534302,benchmark_results_metal_dqonly/pdb_redocking_20260322_210439_poses/1ajq_receptor.pdb,benchmark_results_metal_dqonly/pdb_redocking_20260322_210439_poses/1ajq_native_ligand.pdb,hydrolase,standard,success,
DQ-Dock,dq_dock,1gpk,STRUCTURE OF ACETYLCHOLINESTERASE COMPLEX WITH,2.841833333333334,67.45194444444445,63.05377777777778,12.0,12.0,12.0,18,233,energy,-12.233433723449707,0.3991294205188751,0.3991294205188751,61.93580357764358,56.21730303764343,5.718176095999752,61.93580357764358,benchmark_results_metal_dqonly/pdb_redocking_20260322_210439_poses/1gpk_dq_dock_pose.pdb,proved,STRICT_CERTIFIED,,6,5.514779090881348,benchmark_results_metal_dqonly/pdb_redocking_20260322_210439_poses/1gpk_receptor.pdb,benchmark_results_metal_dqonly/pdb_redocking_20260322_210439_poses/1gpk_native_ligand.pdb,hydrolase,standard,success,
DQ-Dock,dq_dock,1h23,STRUCTURE OF ACETYLCHOLINESTERASE (E.C. 3.1.1.7) COMPLEXED,2.5771666666666664,63.77041666666667,68.63872222222223,12.0,12.0,12.0,36,196,energy,-16.813190460205078,0.1950334906578064,0.1950334906578064,64.11168380556728,57.310025453567505,6.8011915980000595,64.11168380556728,benchmark_results_metal_dqonly/pdb_redocking_20260322_210439_poses/1h23_dq_dock_pose.pdb,proved,STRICT_CERTIFIED,,6,6.4045000076293945,benchmark_results_metal_dqonly/pdb_redocking_20260322_210439_poses/1h23_receptor.pdb,benchmark_results_metal_dqonly/pdb_redocking_20260322_210439_poses/1h23_native_ligand.pdb,hydrolase,standard,success,
DQ-Dock,dq_dock,1e66,STRUCTURE OF ACETYLCHOLINESTERASE COMPLEXED WITH,4.397380952380952,68.63257142857144,65.5042380952381,12.0,12.0,12.0,21,208,energy,-17.628541946411133,0.29082706570625305,0.29082706570625305,64.04294148514509,57.78944420814514,6.25314355699993,64.04294148514509,benchmark_results_metal_dqonly/pdb_redocking_20260322_210439_poses/1e66_dq_dock_pose.pdb,proved,STRICT_CERTIFIED,,4,6.129152774810791,benchmark_results_metal_dqonly/pdb_redocking_20260322_210439_poses/1e66_receptor.pdb,benchmark_results_metal_dqonly/pdb_redocking_20260322_210439_poses/1e66_native_ligand.pdb,hydrolase,standard,success,
DQ-Dock,dq_dock,2rkm,STRUCTURE OF OPPA COMPLEXED WITH LYS-LYS,5.252947368421054,19.607,15.714315789473684,12.0,12.0,12.0,19,207,energy,-13.006767272949219,0.10850559920072556,0.10850559920072556,49.63415631872249,42.95159435272217,6.6820022060001065,49.63415631872249,benchmark_results_metal_dqonly/pdb_redocking_20260322_210439_poses/2rkm_dq_dock_pose.pdb,proved,STRICT_CERTIFIED,,5,5.7992682456970215,benchmark_results_metal_dqonly/pdb_redocking_20260322_210439_poses/2rkm_receptor.pdb,benchmark_results_metal_dqonly/pdb_redocking_20260322_210439_poses/2rkm_native_ligand.pdb,transport,multi_residue,success,
DQ-Dock,dq_dock,1u33,IN SITU EXTENSION AS AN APPROACH FOR IDENTIFYING NOVEL,13.829222222222223,15.455694444444443,39.18902777777779,12.0,12.0,12.0,36,168,energy,-18.10456085205078,0.22926762700080872,0.22926762700080872,42.515969419391695,35.5736026763916,6.941894208000122,42.515969419391695,benchmark_results_metal_dqonly/pdb_redocking_20260322_210439_poses/1u33_dq_dock_pose.pdb,proved,STRICT_CERTIFIED,,4,9.67575216293335,benchmark_results_metal_dqonly/pdb_redocking_20260322_210439_poses/1u33_receptor.pdb,benchmark_results_metal_dqonly/pdb_redocking_20260322_210439_poses/1u33_native_ligand.pdb,hydrolase,standard,success,
DQ-Dock,dq_dock,1xd1,ACARBOSE REARRANGEMENT MECHANISM IMPLIED BY THE KINETIC AND,8.764318181818181,16.375212121212122,40.43363636363637,12.0,12.0,12.0,66,145,energy,-19.664705276489258,0.3054945170879364,0.3054945170879364,38.4522289317606,31.13982629776001,7.311837554000249,38.4522289317606,benchmark_results_metal_dqonly/pdb_redocking_20260322_210439_poses/1xd1_dq_dock_pose.pdb,proved,STRICT_CERTIFIED,,2,4.086073398590088,benchmark_results_metal_dqonly/pdb_redocking_20260322_210439_poses/1xd1_receptor.pdb,benchmark_results_metal_dqonly/pdb_redocking_20260322_210439_poses/1xd1_native_ligand.pdb,hydrolase,standard,success,
DQ-Dock,dq_dock,1uwt,STRUCTURE OF BETA-GLYCOSIDASE FROM SULFOLOBUS SOLFATARICUS,119.84200000000001,38.88753846153847,63.638461538461534,12.0,12.0,12.0,13,233,energy,-12.69489860534668,0.12906387448310852,0.12906387448310852,46.32526845963821,40.17026114463806,6.154708018000292,46.32526845963821,benchmark_results_metal_dqonly/pdb_redocking_20260322_210439_poses/1uwt_dq_dock_pose.pdb,proved,STRICT_CERTIFIED,,9,6.8031206130981445,benchmark_results_metal_dqonly/pdb_redocking_20260322_210439_poses/1uwt_receptor.pdb,benchmark_results_metal_dqonly/pdb_redocking_20260322_210439_poses/1uwt_native_ligand.pdb,hydrolase,standard,success,
DQ-Dock,dq_dock,2ceq,BETA-GLYCOSIDASE FROM SULFOLOBUS SOLFATARICUS IN COMPLEX,119.63578571428572,39.12407142857143,62.38664285714286,12.0,12.0,12.0,14,226,energy,-13.555532455444336,0.1666957437992096,0.1666957437992096,58.65227279389774,52.54457664489746,6.107384768999964,58.65227279389774,benchmark_results_metal_dqonly/pdb_redocking_20260322_210439_poses/2ceq_dq_dock_pose.pdb,proved,STRICT_CERTIFIED,,25,6.333541393280029,benchmark_results_metal_dqonly/pdb_redocking_20260322_210439_poses/2ceq_receptor.pdb,benchmark_results_metal_dqonly/pdb_redocking_20260322_210439_poses/2ceq_native_ligand.pdb,hydrolase,standard,success,
DQ-Dock,dq_dock,2cer,BETA-GLYCOSIDASE FROM SULFOLOBUS SOLFATARICUS IN COMPLEX,63.5390909090909,-69.13377272727273,5.484818181818181,12.0,12.0,12.0,22,218,energy,-16.84992218017578,0.1422784924507141,0.1422784924507141,66.42159529293713,58.84520697593689,7.576008638000076,66.42159529293713,benchmark_results_metal_dqonly/pdb_redocking_20260322_210439_poses/2cer_dq_dock_pose.pdb,proved,STRICT_CERTIFIED,,5,8.413124084472656,benchmark_results_metal_dqonly/pdb_redocking_20260322_210439_poses/2cer_receptor.pdb,benchmark_results_metal_dqonly/pdb_redocking_20260322_210439_poses/2cer_native_ligand.pdb,hydrolase,standard,success,
DQ-Dock,dq_dock,2qwb,THE X-RAY STRUCTURE OF A COMPLEX OF SIALIC ACID AND A DRUG,26.17828571428571,17.950380952380954,63.212380952380954,12.0,12.0,12.0,21,173,energy,-12.570759773254395,0.3720606863498688,0.3720606863498688,47.63059340225345,40.184269428253174,7.4458363910002845,47.63059340225345,benchmark_results_metal_dqonly/pdb_redocking_20260322_210439_poses/2qwb_dq_dock_pose.pdb,proved,STRICT_CERTIFIED,,16,8.73457956314087,benchmark_results_metal_dqonly/pdb_redocking_20260322_210439_poses/2qwb_receptor.pdb,benchmark_results_metal_dqonly/pdb_redocking_20260322_210439_poses/2qwb_native_ligand.pdb,hydrolase,standard,success,
DQ-Dock,dq_dock,2qwd,THE X-RAY STRUCTURE OF A COMPLEX OF 4-AMINO-NEU5AC2EN AND A,26.112600000000004,17.89495,63.09375,12.0,12.0,12.0,20,175,energy,-10.830970764160156,0.2962600886821747,0.2962600886821747,48.69757410176817,41.98761868476868,6.709594402999755,48.69757410176817,benchmark_results_metal_dqonly/pdb_redocking_20260322_210439_poses/2qwd_dq_dock_pose.pdb,proved,STRICT_CERTIFIED,,17,8.0286545753479,benchmark_results_metal_dqonly/pdb_redocking_20260322_210439_poses/2qwd_receptor.pdb,benchmark_results_metal_dqonly/pdb_redocking_20260322_210439_poses/2qwd_native_ligand.pdb,hydrolase,standard,success,
DQ-Dock,dq_dock,2qwe,THE X-RAY STRUCTURE OF A COMPLEX OF 4-GUANIDINO-NEU5AC2EN,25.91034782608695,17.370304347826085,62.871913043478266,12.0,12.0,12.0,23,179,energy,-13.112497329711914,0.15667128562927246,0.15667128562927246,45.432794301198555,38.44845390319824,6.983837405000031,45.432794301198555,benchmark_results_metal_dqonly/pdb_redocking_20260322_210439_poses/2qwe_dq_dock_pose.pdb,proved,STRICT_CERTIFIED,,4,7.201650857925415,benchmark_results_metal_dqonly/pdb_redocking_20260322_210439_poses/2qwe_receptor.pdb,benchmark_results_metal_dqonly/pdb_redocking_20260322_210439_poses/2qwe_native_ligand.pdb,hydrolase,standard,success,
DQ-Dock,dq_dock,2j77,BETA-GLUCOSIDASE FROM THERMOTOGA MARITIMA IN COMPLEX WITH,-1.2500909090909091,10.767999999999999,9.08609090909091,12.0,12.0,12.0,11,227,energy,-12.053832054138184,0.1367945373058319,0.1367945373058319,51.30446883405284,45.17094659805298,6.133181028999843,51.30446883405284,benchmark_results_metal_dqonly/pdb_redocking_20260322_210439_poses/2j77_dq_dock_pose.pdb,proved,STRICT_CERTIFIED,,29,7.5175840854644775,benchmark_results_metal_dqonly/pdb_redocking_20260322_210439_poses/2j77_receptor.pdb,benchmark_results_metal_dqonly/pdb_redocking_20260322_210439_poses/2j77_native_ligand.pdb,hydrolase,standard,success,
DQ-Dock,dq_dock,2j78,BETA-GLUCOSIDASE FROM THERMOTOGA MARITIMA IN COMPLEX WITH,-0.19230769230769232,11.332076923076924,9.053923076923079,12.0,12.0,12.0,13,224,energy,-12.885910034179688,0.11177042126655579,0.11177042126655579,42.575326659562506,36.26732611656189,6.307418861000315,42.575326659562506,benchmark_results_metal_dqonly/pdb_redocking_20260322_210439_poses/2j78_dq_dock_pose.pdb,proved,STRICT_CERTIFIED,,5,7.309224843978882,benchmark_results_metal_dqonly/pdb_redocking_20260322_210439_poses/2j78_receptor.pdb,benchmark_results_metal_dqonly/pdb_redocking_20260322_210439_poses/2j78_native_ligand.pdb,hydrolase,standard,success,
DQ-Dock,dq_dock,2cet,BETA-GLUCOSIDASE FROM THERMOTOGA MARITIMA IN COMPLEX WITH,-0.6183181818181817,9.064318181818182,10.290045454545456,12.0,12.0,12.0,22,204,energy,-16.996620178222656,0.08753621578216553,0.08753621578216553,47.007140133269786,40.22838306427002,6.778403208999862,47.007140133269786,benchmark_results_metal_dqonly/pdb_redocking_20260322_210439_poses/2cet_dq_dock_pose.pdb,proved,STRICT_CERTIFIED,,6,6.4236578941345215,benchmark_results_metal_dqonly/pdb_redocking_20260322_210439_poses/2cet_receptor.pdb,benchmark_results_metal_dqonly/pdb_redocking_20260322_210439_poses/2cet_native_ligand.pdb,hydrolase,standard,success,
DQ-Dock,dq_dock,2g94,CRYSTAL STRUCTURE OF BETA-SECRETASE BOUND TO A POTENT AND,-4.265955555555555,-3.6737111111111114,31.35746666666667,12.0,12.0,12.0,45,165,energy,-22.820581436157227,0.23486804962158203,0.23486804962158203,60.673545193364134,51.66739082336426,9.005679139999756,60.673545193364134,benchmark_results_metal_dqonly/pdb_redocking_20260322_210439_poses/2g94_dq_dock_pose.pdb,proved,STRICT_CERTIFIED,,2,3.1695375442504883,benchmark_results_metal_dqonly/pdb_redocking_20260322_210439_poses/2g94_receptor.pdb,benchmark_results_metal_dqonly/pdb_redocking_20260322_210439_poses/2g94_native_ligand.pdb,hydrolase,standard,success,
DQ-Dock,dq_dock,1v16,CROSSTALK BETWEEN COFACTOR BINDING AND THE PHOSPHORYLATION,73.1545384615385,2.8664230769230765,7.808346153846154,12.0,12.0,12.0,26,147,energy,-68.98118591308594,0.2655523121356964,0.2655523121356964,57.20059352051749,49.24690628051758,7.953257925999878,57.20059352051749,benchmark_results_metal_dqonly/pdb_redocking_20260322_210439_poses/1v16_dq_dock_pose.pdb,proved,STRICT_CERTIFIED,,25,37.7812442779541,benchmark_results_metal_dqonly/pdb_redocking_20260322_210439_poses/1v16_receptor.pdb,benchmark_results_metal_dqonly/pdb_redocking_20260322_210439_poses/1v16_native_ligand.pdb,oxidoreductase,metal_mediated,success,
DQ-Dock,dq_dock,1olu,ROLES OF HIS291-ALPHA AND HIS146-BETA' IN THE REDUCTIVE,73.2668846153846,2.6796923076923074,7.944384615384615,12.0,12.0,12.0,26,143,energy,-68.05329132080078,0.41393396258354187,0.41393396258354187,43.79335058948482,36.44230818748474,7.350502960000085,43.79335058948482,benchmark_results_metal_dqonly/pdb_redocking_20260322_210439_poses/1olu_dq_dock_pose.pdb,proved,STRICT_CERTIFIED,,25,37.84827947616577,benchmark_results_metal_dqonly/pdb_redocking_20260322_210439_poses/1olu_receptor.pdb,benchmark_results_metal_dqonly/pdb_redocking_20260322_210439_poses/1olu_native_ligand.pdb,oxidoreductase,metal_mediated,success,
DQ-Dock,dq_dock,1ols,ROLES OF HIS291-ALPHA AND HIS146-BETA' IN THE REDUCTIVE,73.0715,2.769884615384615,7.903384615384615,12.0,12.0,12.0,26,161,energy,-69.51669311523438,0.07633139938116074,0.07633139938116074,71.45048492433807,64.00921559333801,7.440889552000044,71.45048492433807,benchmark_results_metal_dqonly/pdb_redocking_20260322_210439_poses/1ols_dq_dock_pose.pdb,proved,STRICT_CERTIFIED,,10,42.29285144805908,benchmark_results_metal_dqonly/pdb_redocking_20260322_210439_poses/1ols_receptor.pdb,benchmark_results_metal_dqonly/pdb_redocking_20260322_210439_poses/1ols_native_ligand.pdb,oxidoreductase,metal_mediated,success,
DQ-Dock,dq_dock,1n2v,CRYSTAL STRUCTURE OF TGT IN COMPLEX WITH,16.22866666666667,17.404266666666665,20.8774,12.0,12.0,12.0,15,193,energy,-9.440033912658691,0.17412790656089783,0.17412790656089783,54.94988280663301,47.41011047363281,7.539446346000204,54.94988280663301,benchmark_results_metal_dqonly/pdb_redocking_20260322_210439_poses/1n2v_dq_dock_pose.pdb,proved,STRICT_CERTIFIED,,16,5.63960599899292,benchmark_results_metal_dqonly/pdb_redocking_20260322_210439_poses/1n2v_receptor.pdb,benchmark_results_metal_dqonly/pdb_redocking_20260322_210439_poses/1n2v_native_ligand.pdb,transferase,standard,success,
DQ-Dock,dq_dock,1k4g,CRYSTAL STRUCTURE OF TRNA-GUANINE TRANSGLYCOSYLASE (TGT),16.3548,16.88325,19.5911,12.0,12.0,12.0,20,181,energy,-11.773755073547363,0.7840322256088257,0.7840322256088257,47.47565594837579,39.35000944137573,8.125199399999929,47.47565594837579,benchmark_results_metal_dqonly/pdb_redocking_20260322_210439_poses/1k4g_dq_dock_pose.pdb,proved,STRICT_CERTIFIED,,21,6.52906608581543,benchmark_results_metal_dqonly/pdb_redocking_20260322_210439_poses/1k4g_receptor.pdb,benchmark_results_metal_dqonly/pdb_redocking_20260322_210439_poses/1k4g_native_ligand.pdb,transferase,standard,success,
DQ-Dock,dq_dock,1s39,CRYSTAL STRUCTURE OF TGT IN COMPLEX WITH,16.730083333333337,17.075000000000003,21.69441666666667,12.0,12.0,12.0,12,206,energy,-11.239774703979492,0.15288282930850983,0.15288282930850983,45.98995065744384,39.067469358444214,6.922130404999734,45.98995065744384,benchmark_results_metal_dqonly/pdb_redocking_20260322_210439_poses/1s39_dq_dock_pose.pdb,proved,STRICT_CERTIFIED,,9,3.6287572383880615,benchmark_results_metal_dqonly/pdb_redocking_20260322_210439_poses/1s39_receptor.pdb,benchmark_results_metal_dqonly/pdb_redocking_20260322_210439_poses/1s39_native_ligand.pdb,transferase,standard,success,
DQ-Dock,dq_dock,2bak,P38ALPHA MAP KINASE BOUND TO MPAQ,-2.066790697674419,1.7892093023255808,19.72158139534884,12.0,12.0,12.0,43,171,energy,-19.421981811523438,0.3643020689487457,0.3643020689487457,59.824104896604695,50.67165946960449,9.151990275000117,59.824104896604695,benchmark_results_metal_dqonly/pdb_redocking_20260322_210439_poses/2bak_dq_dock_pose.pdb,proved,STRICT_CERTIFIED,,3,7.893365859985352,benchmark_results_metal_dqonly/pdb_redocking_20260322_210439_poses/2bak_receptor.pdb,benchmark_results_metal_dqonly/pdb_redocking_20260322_210439_poses/2bak_native_ligand.pdb,transferase,standard,success,
DQ-Dock,dq_dock,2baj,P38ALPHA BOUND TO PYRAZOLOUREA,12.431370370370367,-0.7558888888888889,30.497999999999994,12.0,12.0,12.0,27,186,energy,-17.606487274169922,0.3016025722026825,0.3016025722026825,64.48238122545263,55.61557126045227,8.866436217000228,64.48238122545263,benchmark_results_metal_dqonly/pdb_redocking_20260322_210439_poses/2baj_dq_dock_pose.pdb,proved,STRICT_CERTIFIED,,4,9.660374641418457,benchmark_results_metal_dqonly/pdb_redocking_20260322_210439_poses/2baj_receptor.pdb,benchmark_results_metal_dqonly/pdb_redocking_20260322_210439_poses/2baj_native_ligand.pdb,transferase,standard,success,
DQ-Dock,dq_dock,1ndw,CRYSTAL STRUCTURE OF ADENOSINE DEAMINASE COMPLEXED WITH,49.03884210526316,55.43105263157895,20.959,12.0,12.0,12.0,19,198,energy,-12.071229934692383,0.22575080394744873,0.22575080394744873,67.09479552575249,58.78702664375305,8.307337014999575,67.09479552575249,benchmark_results_metal_dqonly/pdb_redocking_20260322_210439_poses/1ndw_dq_dock_pose.pdb,proved,STRICT_CERTIFIED,,4,6.614026069641113,benchmark_results_metal_dqonly/pdb_redocking_20260322_210439_poses/1ndw_receptor.pdb,benchmark_results_metal_dqonly/pdb_redocking_20260322_210439_poses/1ndw_native_ligand.pdb,hydrolase,metal_mediated,success,
DQ-Dock,dq_dock,1ndy,CRYSTAL STRUCTURE OF ADENOSINE DEAMINASE COMPLEXED WITH,49.394652173913045,54.96521739130435,19.78430434782609,12.0,12.0,12.0,23,200,energy,-13.767141342163086,0.08529866486787796,0.08529866486787796,66.01276430505368,57.92723202705383,8.085136267999587,66.01276430505368,benchmark_results_metal_dqonly/pdb_redocking_20260322_210439_poses/1ndy_dq_dock_pose.pdb,proved,STRICT_CERTIFIED,,4,5.685948371887207,benchmark_results_metal_dqonly/pdb_redocking_20260322_210439_poses/1ndy_receptor.pdb,benchmark_results_metal_dqonly/pdb_redocking_20260322_210439_poses/1ndy_native_ligand.pdb,hydrolase,metal_mediated,success,
DQ-Dock,dq_dock,1ndz,CRYSTAL STRUCTURE OF ADENOSINE DEAMINASE COMPLEXED WITH,48.48859459459459,52.61837837837838,19.260027027027025,12.0,12.0,12.0,37,185,energy,-19.32021141052246,0.4562320411205292,0.4562320411205292,69.43855587239159,60.785194635391235,8.652929871000197,69.43855587239159,benchmark_results_metal_dqonly/pdb_redocking_20260322_210439_poses/1ndz_dq_dock_pose.pdb,proved,STRICT_CERTIFIED,,5,9.181589603424072,benchmark_results_metal_dqonly/pdb_redocking_20260322_210439_poses/1ndz_receptor.pdb,benchmark_results_metal_dqonly/pdb_redocking_20260322_210439_poses/1ndz_native_ligand.pdb,hydrolase,metal_mediated,success,
DQ-Dock,dq_dock,1l2s,X-RAY CRYSTAL STRUCTURE OF AMPC BETA-LACTAMASE FROM E. COLI,23.556736842105266,5.735105263157895,14.399105263157892,12.0,12.0,12.0,19,165,energy,-11.578968048095703,0.24101413786411285,0.24101413786411285,63.66639206042419,55.77338647842407,7.892659516999629,63.66639206042419,benchmark_results_metal_dqonly/pdb_redocking_20260322_210439_poses/1l2s_dq_dock_pose.pdb,proved,STRICT_CERTIFIED,,30,4.747989892959595,benchmark_results_metal_dqonly/pdb_redocking_20260322_210439_poses/1l2s_receptor.pdb,benchmark_results_metal_dqonly/pdb_redocking_20260322_210439_poses/1l2s_native_ligand.pdb,hydrolase,standard,success,
DQ-Dock,dq_dock,1xgj,AMPC BETA-LACTAMASE IN COMPLEX WITH 3-(4-CARBOXY-2-HYDROXY-,-58.09881818181817,5.772272727272727,58.09222727272727,12.0,12.0,12.0,22,152,energy,-10.693520545959473,0.35762259364128113,0.35762259364128113,51.117400414617805,43.4037401676178,7.713064609999492,51.117400414617805,benchmark_results_metal_dqonly/pdb_redocking_20260322_210439_poses/1xgj_dq_dock_pose.pdb,proved,STRICT_CERTIFIED,,29,5.029218912124634,benchmark_results_metal_dqonly/pdb_redocking_20260322_210439_poses/1xgj_receptor.pdb,benchmark_results_metal_dqonly/pdb_redocking_20260322_210439_poses/1xgj_native_ligand.pdb,hydrolase,standard,success,
DQ-Dock,dq_dock,1q8t,THE CATALYTIC SUBUNIT OF CAMP-DEPENDENT PROTEIN KINASE,8.667555555555557,9.133611111111113,3.1005,12.0,12.0,12.0,18,204,energy,-9.381209373474121,0.970736563205719,0.970736563205719,49.5265299971943,40.83976411819458,8.68639854399953,49.5265299971943,benchmark_results_metal_dqonly/pdb_redocking_20260322_210439_poses/1q8t_dq_dock_pose.pdb,proved,STRICT_CERTIFIED,,9,4.2796502113342285,benchmark_results_metal_dqonly/pdb_redocking_20260322_210439_poses/1q8t_receptor.pdb,benchmark_results_metal_dqonly/pdb_redocking_20260322_210439_poses/1q8t_native_ligand.pdb,transferase,standard,success,
DQ-Dock,dq_dock,1ydt,"STRUCTURE OF CAMP-DEPENDENT PROTEIN KINASE, ALPHA-CATALYTIC",9.236703703703702,10.365407407407409,2.562740740740741,12.0,12.0,12.0,27,201,energy,-15.606771469116211,0.31438779830932617,0.31438779830932617,55.81535269214237,46.99802303314209,8.816958376000002,55.81535269214237,benchmark_results_metal_dqonly/pdb_redocking_20260322_210439_poses/1ydt_dq_dock_pose.pdb,proved,STRICT_CERTIFIED,,2,2.996635913848877,benchmark_results_metal_dqonly/pdb_redocking_20260322_210439_poses/1ydt_receptor.pdb,benchmark_results_metal_dqonly/pdb_redocking_20260322_210439_poses/1ydt_native_ligand.pdb,transferase,standard,success,
DQ-Dock,dq_dock,1re8,CRYSTAL STRUCTURE OF CAMP-DEPENDENT PROTEIN KINASE,8.794685714285716,41.859971428571434,17.067285714285717,12.0,12.0,12.0,35,178,energy,-19.669649124145508,0.30814051628112793,0.30814051628112793,64.4297259955938,54.951921224594116,9.477221946999634,64.4297259955938,benchmark_results_metal_dqonly/pdb_redocking_20260322_210439_poses/1re8_dq_dock_pose.pdb,proved,STRICT_CERTIFIED,,4,11.346038341522217,benchmark_results_metal_dqonly/pdb_redocking_20260322_210439_poses/1re8_receptor.pdb,benchmark_results_metal_dqonly/pdb_redocking_20260322_210439_poses/1re8_native_ligand.pdb,transferase,standard,success,
DQ-Dock,dq_dock,1m2q,"CRYSTAL STRUCTURE OF 1,8-DI-HYDROXY-4-NITRO-XANTEN-9-ONE/CK2",25.05675,6.4116,15.89095,12.0,12.0,12.0,20,212,energy,-13.71530532836914,0.30432283878326416,0.30432283878326416,57.20345621598244,48.53727340698242,8.665763384000456,57.20345621598244,benchmark_results_metal_dqonly/pdb_redocking_20260322_210439_poses/1m2q_dq_dock_pose.pdb,proved,STRICT_CERTIFIED,,14,4.749349594116211,benchmark_results_metal_dqonly/pdb_redocking_20260322_210439_poses/1m2q_receptor.pdb,benchmark_results_metal_dqonly/pdb_redocking_20260322_210439_poses/1m2q_native_ligand.pdb,transferase,standard,success,
DQ-Dock,dq_dock,1om1,CRYSTAL STRUCTURE OF MAIZE CK2 ALPHA IN COMPLEX WITH IQA,22.455227272727274,7.511181818181819,18.688045454545453,12.0,12.0,12.0,22,203,energy,-13.804776191711426,0.44938671588897705,0.44938671588897705,61.47232566065031,52.3424596786499,9.129443380999874,61.47232566065031,benchmark_results_metal_dqonly/pdb_redocking_20260322_210439_poses/1om1_dq_dock_pose.pdb,proved,STRICT_CERTIFIED,,11,8.314173221588135,benchmark_results_metal_dqonly/pdb_redocking_20260322_210439_poses/1om1_receptor.pdb,benchmark_results_metal_dqonly/pdb_redocking_20260322_210439_poses/1om1_native_ligand.pdb,transferase,standard,success,
DQ-Dock,dq_dock,1zoe,CRYSTAL STRUCTURE OF PROTEIN KINASE CK2 IN COMPLEX WITH,22.961374999999997,6.781625,19.40375,12.0,12.0,12.0,16,204,energy,-11.045781135559082,0.1647946983575821,0.1647946983575821,62.290214588691924,53.11550760269165,9.174356331999661,62.290214588691924,benchmark_results_metal_dqonly/pdb_redocking_20260322_210439_poses/1zoe_dq_dock_pose.pdb,proved,STRICT_CERTIFIED,,4,5.332332134246826,benchmark_results_metal_dqonly/pdb_redocking_20260322_210439_poses/1zoe_receptor.pdb,benchmark_results_metal_dqonly/pdb_redocking_20260322_210439_poses/1zoe_native_ligand.pdb,transferase,standard,success,
DQ-Dock,dq_dock,2azr,CRYSTAL STRUCTURE OF PTP1B WITH BICYCLIC THIOPHENE INHIBITOR,45.75629411764705,14.780470588235293,2.5229411764705882,12.0,12.0,12.0,17,173,energy,-12.565433502197266,0.21212852001190186,0.21212852001190186,53.03923812354242,44.609307527542114,8.429587405999882,53.03923812354242,benchmark_results_metal_dqonly/pdb_redocking_20260322_210439_poses/2azr_dq_dock_pose.pdb,proved,STRICT_CERTIFIED,,4,6.651235580444336,benchmark_results_metal_dqonly/pdb_redocking_20260322_210439_poses/2azr_receptor.pdb,benchmark_results_metal_dqonly/pdb_redocking_20260322_210439_poses/2azr_native_ligand.pdb,hydrolase,standard,success,
DQ-Dock,dq_dock,1g7f,HUMAN PTP1B CATALYTIC DOMAIN COMPLEXED WITH PNU177496,9.662384615384614,18.383205128205123,9.115051282051281,12.0,12.0,12.0,39,97,energy,-14.408252716064453,0.2736097574234009,0.2736097574234009,58.487343765735204,48.98597311973572,9.500928007999391,58.487343765735204,benchmark_results_metal_dqonly/pdb_redocking_20260322_210439_poses/1g7f_dq_dock_pose.pdb,proved,STRICT_CERTIFIED,,3,3.810553550720215,benchmark_results_metal_dqonly/pdb_redocking_20260322_210439_poses/1g7f_receptor.pdb,benchmark_results_metal_dqonly/pdb_redocking_20260322_210439_poses/1g7f_native_ligand.pdb,hydrolase,standard,success,
DQ-Dock,dq_dock,1nny,"POTENT, SELECTIVE PROTEIN TYROSINE PHOSPHATASE 1B INHIBITOR",31.15167924528302,28.65728301886791,21.49262264150944,12.0,12.0,12.0,53,132,energy,-21.870840072631836,0.21314401924610138,0.21314401924610138,60.67236045425852,50.2688570022583,10.402988095999717,60.67236045425852,benchmark_results_metal_dqonly/pdb_redocking_20260322_210439_poses/1nny_dq_dock_pose.pdb,proved,STRICT_CERTIFIED,,5,10.03414011001587,benchmark_results_metal_dqonly/pdb_redocking_20260322_210439_poses/1nny_receptor.pdb,benchmark_results_metal_dqonly/pdb_redocking_20260322_210439_poses/1nny_native_ligand.pdb,hydrolase,standard,success,
DQ-Dock,dq_dock,5er1,A RATIONAL APPROACH TO THE DESIGN OF ANTIHYPERTENSIVES.,37.98086486486486,-12.83162162162162,5.06927027027027,12.0,12.0,12.0,37,135,energy,-14.408618927001953,0.2272072285413742,0.2272072285413742,57.164471599669014,47.541930198669434,9.622025513999688,57.164471599669014,benchmark_results_metal_dqonly/pdb_redocking_20260322_210439_poses/5er1_dq_dock_pose.pdb,proved,STRICT_CERTIFIED,,1,0.45627832412719727,benchmark_results_metal_dqonly/pdb_redocking_20260322_210439_poses/5er1_receptor.pdb,benchmark_results_metal_dqonly/pdb_redocking_20260322_210439_poses/5er1_native_ligand.pdb,hydrolase,standard,success,
DQ-Dock,dq_dock,4tln,BINDING OF HYDROXAMIC ACID INHIBITORS TO CRYSTALLINE,36.480999999999995,42.3499,-4.3102,12.0,12.0,12.0,10,189,energy,-61.45307922363281,0.2684638500213623,0.2684638500213623,54.165533535795475,45.73064064979553,8.434482177999598,54.165533535795475,benchmark_results_metal_dqonly/pdb_redocking_20260322_210439_poses/4tln_dq_dock_pose.pdb,proved,STRICT_CERTIFIED,,36,85.2248764038086,benchmark_results_metal_dqonly/pdb_redocking_20260322_210439_poses/4tln_receptor.pdb,benchmark_results_metal_dqonly/pdb_redocking_20260322_210439_poses/4tln_native_ligand.pdb,hydrolase,metal_mediated,success,
DQ-Dock,dq_dock,1tmn,BINDING OF N-CARBOXYMETHYL DIPEPTIDE INHIBITORS TO,37.04977142857143,39.22222857142856,-4.230342857142856,12.0,12.0,12.0,35,145,energy,-63.27678680419922,0.5669232606887817,0.5669232606887817,57.31395773638724,47.82646942138672,9.48704639800053,57.31395773638724,benchmark_results_metal_dqonly/pdb_redocking_20260322_210439_poses/1tmn_dq_dock_pose.pdb,proved,STRICT_CERTIFIED,,29,67.44758415222168,benchmark_results_metal_dqonly/pdb_redocking_20260322_210439_poses/1tmn_receptor.pdb,benchmark_results_metal_dqonly/pdb_redocking_20260322_210439_poses/1tmn_native_ligand.pdb,hydrolase,metal_mediated,success,
DQ-Dock,dq_dock,4tmn,SLOW-AND FAST-BINDING INHIBITORS OF THERMOLYSIN DISPLAY,35.23863888888889,41.43425,-6.981305555555556,12.0,12.0,12.0,36,171,energy,-70.27387237548828,0.419310063123703,0.419310063123703,57.69930728241252,46.8993616104126,10.79937777699979,57.69930728241252,benchmark_results_metal_dqonly/pdb_redocking_20260322_210439_poses/4tmn_dq_dock_pose.pdb,proved,STRICT_CERTIFIED,,13,35.44672966003418,benchmark_results_metal_dqonly/pdb_redocking_20260322_210439_poses/4tmn_receptor.pdb,benchmark_results_metal_dqonly/pdb_redocking_20260322_210439_poses/4tmn_native_ligand.pdb,hydrolase,metal_mediated,success,
DQ-Dock,dq_dock,1fh7,CRYSTAL STRUCTURE OF THE XYLANASE CEX WITH,17.6485,66.18138888888889,38.32105555555555,12.0,12.0,12.0,18,171,energy,-13.839872360229492,0.14745257794857025,0.14745257794857025,58.198031243541664,47.84802508354187,10.349444696999853,58.198031243541664,benchmark_results_metal_dqonly/pdb_redocking_20260322_210439_poses/1fh7_dq_dock_pose.pdb,proved,STRICT_CERTIFIED,,5,3.6515679359436035,benchmark_results_metal_dqonly/pdb_redocking_20260322_210439_poses/1fh7_receptor.pdb,benchmark_results_metal_dqonly/pdb_redocking_20260322_210439_poses/1fh7_native_ligand.pdb,hydrolase,multi_residue,success,
DQ-Dock,dq_dock,1fh9,CRYSTAL STRUCTURE OF THE XYLANASE CEX WITH,17.933699999999998,66.51595,38.04095,12.0,12.0,12.0,20,177,energy,-15.148540496826172,0.19697712361812592,0.19697712361812592,71.01028532187138,44.29285931587219,26.71705575499982,71.01028532187138,benchmark_results_metal_dqonly/pdb_redocking_20260322_210439_poses/1fh9_dq_dock_pose.pdb,proved,STRICT_CERTIFIED,,11,8.828063011169434,benchmark_results_metal_dqonly/pdb_redocking_20260322_210439_poses/1fh9_receptor.pdb,benchmark_results_metal_dqonly/pdb_redocking_20260322_210439_poses/1fh9_native_ligand.pdb,hydrolase,multi_residue,success,
DQ-Dock,dq_dock,1fh8,CRYSTAL STRUCTURE OF THE XYLANASE CEX WITH,-63.07552941176471,17.33535294117647,57.136117647058825,12.0,12.0,12.0,17,166,energy,-12.245676040649414,0.10972967743873596,0.10972967743873596,57.029543846091656,47.23850059509277,9.790703867999582,57.029543846091656,benchmark_results_metal_dqonly/pdb_redocking_20260322_210439_poses/1fh8_dq_dock_pose.pdb,proved,STRICT_CERTIFIED,,5,1.351656436920166,benchmark_results_metal_dqonly/pdb_redocking_20260322_210439_poses/1fh8_receptor.pdb,benchmark_results_metal_dqonly/pdb_redocking_20260322_210439_poses/1fh8_native_ligand.pdb,hydrolase,multi_residue,success,
DQ-Dock,dq_dock,2ctc,THE HIGH RESOLUTION CRYSTAL STRUCTURE OF THE COMPLEX,-1.95275,29.711250000000003,-10.32475,12.0,12.0,12.0,12,228,energy,-21.665637969970703,3.3787407875061035,3.3787407875061035,58.659924363917526,49.924378871917725,8.735222209000312,58.659924363917526,benchmark_results_metal_dqonly/pdb_redocking_20260322_210439_poses/2ctc_dq_dock_pose.pdb,proved,STRICT_CERTIFIED,,14,6.483893990516663,benchmark_results_metal_dqonly/pdb_redocking_20260322_210439_poses/2ctc_receptor.pdb,benchmark_results_metal_dqonly/pdb_redocking_20260322_210439_poses/2ctc_native_ligand.pdb,hydrolase,metal_mediated,success,
DQ-Dock,dq_dock,8cpa,COMPARISON OF THE STRUCTURES OF THREE CARBOXYPEPTIDASE,46.014593749999996,21.433562499999997,37.77571875,12.0,12.0,12.0,32,169,energy,-42.55902862548828,0.321212500333786,0.321212500333786,55.8374543770351,44.742087841033936,11.09490032300073,55.8374543770351,benchmark_results_metal_dqonly/pdb_redocking_20260322_210439_poses/8cpa_dq_dock_pose.pdb,proved,STRICT_CERTIFIED,,6,68.25289726257324,benchmark_results_metal_dqonly/pdb_redocking_20260322_210439_poses/8cpa_receptor.pdb,benchmark_results_metal_dqonly/pdb_redocking_20260322_210439_poses/8cpa_native_ligand.pdb,hydrolase,metal_mediated,success,
DQ-Dock,dq_dock,7cpa,COMPARISON OF THE STRUCTURES OF THREE CARBOXYPEPTIDASE,49.8560487804878,17.71248780487805,36.2300487804878,12.0,12.0,12.0,41,154,energy,-47.03770446777344,0.4090295732021332,0.4090295732021332,52.37800015771609,42.64131689071655,9.736214569999902,52.37800015771609,benchmark_results_metal_dqonly/pdb_redocking_20260322_210439_poses/7cpa_dq_dock_pose.pdb,proved,STRICT_CERTIFIED,,12,23.12719488143921,benchmark_results_metal_dqonly/pdb_redocking_20260322_210439_poses/7cpa_receptor.pdb,benchmark_results_metal_dqonly/pdb_redocking_20260322_210439_poses/7cpa_native_ligand.pdb,hydrolase,metal_mediated,success,
DQ-Dock,dq_dock,1e1v,HUMAN CYCLIN DEPENDENT KINASE 2 COMPLEXED WITH THE,1.1616111111111111,28.393333333333334,8.569833333333333,12.0,12.0,12.0,18,211,energy,-9.92876148223877,1.0748697519302368,1.0748697519302368,59.18151761067111,48.863739013671875,10.317424044999825,59.18151761067111,benchmark_results_metal_dqonly/pdb_redocking_20260322_210439_poses/1e1v_dq_dock_pose.pdb,proved,STRICT_CERTIFIED,,7,6.400115489959717,benchmark_results_metal_dqonly/pdb_redocking_20260322_210439_poses/1e1v_receptor.pdb,benchmark_results_metal_dqonly/pdb_redocking_20260322_210439_poses/1e1v_native_ligand.pdb,transferase,standard,success,
DQ-Dock,dq_dock,1b39,HUMAN CYCLIN-DEPENDENT KINASE 2 PHOSPHORYLATED ON THR 160,-0.6719032258064518,26.806516129032257,11.0341935483871,12.0,12.0,12.0,31,192,energy,-58.530670166015625,0.4357450008392334,0.4357450008392334,63.596700797634185,51.8916494846344,11.704652688000351,63.596700797634185,benchmark_results_metal_dqonly/pdb_redocking_20260322_210439_poses/1b39_dq_dock_pose.pdb,proved,STRICT_CERTIFIED,,8,51.86195182800293,benchmark_results_metal_dqonly/pdb_redocking_20260322_210439_poses/1b39_receptor.pdb,benchmark_results_metal_dqonly/pdb_redocking_20260322_210439_poses/1b39_native_ligand.pdb,transferase,metal_mediated,success,
DQ-Dock,dq_dock,1pxo,HUMAN CYCLIN DEPENDENT KINASE 2 COMPLEXED WITH THE,13.4995,-8.222857142857142,13.031714285714285,12.0,12.0,12.0,14,210,energy,-7.6611127853393555,0.19831740856170654,0.19831740856170654,53.410357934722924,43.18335151672363,10.226556415999767,53.410357934722924,benchmark_results_metal_dqonly/pdb_redocking_20260322_210439_poses/1pxo_dq_dock_pose.pdb,proved,STRICT_CERTIFIED,,19,2.5797300338745117,benchmark_results_metal_dqonly/pdb_redocking_20260322_210439_poses/1pxo_receptor.pdb,benchmark_results_metal_dqonly/pdb_redocking_20260322_210439_poses/1pxo_native_ligand.pdb,transferase,standard,success,
DQ-Dock,dq_dock,1vzq,COMPLEX OF THROMBIN WITH DESIGNED INHIBITOR 7165,17.375757575757575,-12.367606060606061,21.671212121212122,12.0,12.0,12.0,33,167,energy,-18.1829776763916,0.2998351454734802,0.2998351454734802,61.0438461268277,50.25030064582825,10.793078085999696,61.0438461268277,benchmark_results_metal_dqonly/pdb_redocking_20260322_210439_poses/1vzq_dq_dock_pose.pdb,proved,STRICT_CERTIFIED,,2,9.731812477111816,benchmark_results_metal_dqonly/pdb_redocking_20260322_210439_poses/1vzq_receptor.pdb,benchmark_results_metal_dqonly/pdb_redocking_20260322_210439_poses/1vzq_native_ligand.pdb,hydrolase,standard,success,
DQ-Dock,dq_dock,1sl3,CRYSTAL STRUCTUE OF THROMBIN IN COMPLEX WITH A POTENT P1,16.59213513513514,-14.009324324324322,22.807405405405405,12.0,12.0,12.0,37,161,energy,-20.41341781616211,0.2105497568845749,0.2105497568845749,68.22291395210232,56.67026710510254,11.552155886999572,68.22291395210232,benchmark_results_metal_dqonly/pdb_redocking_20260322_210439_poses/1sl3_dq_dock_pose.pdb,proved,STRICT_CERTIFIED,,2,4.439583778381348,benchmark_results_metal_dqonly/pdb_redocking_20260322_210439_poses/1sl3_receptor.pdb,benchmark_results_metal_dqonly/pdb_redocking_20260322_210439_poses/1sl3_native_ligand.pdb,hydrolase,standard,success,
DQ-Dock,dq_dock,2brb,STRUCTURE-BASED DESIGN OF NOVEL CHK1 INHIBITORS: INSIGHTS,17.147280000000002,-2.4228799999999997,10.187879999999998,12.0,12.0,12.0,25,181,energy,-12.58906364440918,0.4370453953742981,0.4370453953742981,57.83941176474946,47.425947427749634,10.41298354599985,57.83941176474946,benchmark_results_metal_dqonly/pdb_redocking_20260322_210439_poses/2brb_dq_dock_pose.pdb,proved,STRICT_CERTIFIED,,6,5.481180191040039,benchmark_results_metal_dqonly/pdb_redocking_20260322_210439_poses/2brb_receptor.pdb,benchmark_results_metal_dqonly/pdb_redocking_20260322_210439_poses/2brb_native_ligand.pdb,transferase,standard,success,
DQ-Dock,dq_dock,2brm,STRUCTURE-BASED DESIGN OF NOVEL CHK1 INHIBITORS: INSIGHTS,3.2541200000000003,-4.996160000000001,18.812800000000003,12.0,12.0,12.0,25,186,energy,-11.9429292678833,0.5805869698524475,0.5805869698524475,57.443387207011256,46.39311981201172,11.049821380999674,57.443387207011256,benchmark_results_metal_dqonly/pdb_redocking_20260322_210439_poses/2brm_dq_dock_pose.pdb,proved,STRICT_CERTIFIED,,12,4.86177921295166,benchmark_results_metal_dqonly/pdb_redocking_20260322_210439_poses/2brm_receptor.pdb,benchmark_results_metal_dqonly/pdb_redocking_20260322_210439_poses/2brm_native_ligand.pdb,transferase,standard,success,
DQ-Dock,dq_dock,1nvq,THE COMPLEX STRUCTURE OF CHECKPOINT KINASE CHK1/UCN-01,5.06263888888889,6.464194444444446,16.85761111111112,12.0,12.0,12.0,36,185,energy,-18.851757049560547,0.44997286796569824,0.44997286796569824,51.95247963753809,40.51038336753845,11.441615128999729,51.95247963753809,benchmark_results_metal_dqonly/pdb_redocking_20260322_210439_poses/1nvq_dq_dock_pose.pdb,proved,STRICT_CERTIFIED,,11,10.31613540649414,benchmark_results_metal_dqonly/pdb_redocking_20260322_210439_poses/1nvq_receptor.pdb,benchmark_results_metal_dqonly/pdb_redocking_20260322_210439_poses/1nvq_native_ligand.pdb,transferase,standard,success,
DQ-Dock,dq_dock,1jqd,CRYSTAL STRUCTURE ANALYSIS OF HUMAN HISTAMINE,39.96338461538461,-26.132384615384623,3.0556153846153844,12.0,12.0,12.0,26,176,energy,-13.27445125579834,0.28714290261268616,0.28714290261268616,56.88821890478084,44.02265191078186,12.86514529499982,56.88821890478084,benchmark_results_metal_dqonly/pdb_redocking_20260322_210439_poses/1jqd_dq_dock_pose.pdb,proved,STRICT_CERTIFIED,,8,8.035707473754883,benchmark_results_metal_dqonly/pdb_redocking_20260322_210439_poses/1jqd_receptor.pdb,benchmark_results_metal_dqonly/pdb_redocking_20260322_210439_poses/1jqd_native_ligand.pdb,transferase,standard,success,
DQ-Dock,dq_dock,2aov,HISTAMINE METHYLTRANSFERASE COMPLEXED WITH THE ANTIFOLATE,41.99270588235294,-35.08511764705882,-3.3348235294117656,12.0,12.0,12.0,17,212,energy,-9.838321685791016,0.3099275529384613,0.3099275529384613,68.80385106148606,56.71009421348572,12.093374314000357,68.80385106148606,benchmark_results_metal_dqonly/pdb_redocking_20260322_210439_poses/2aov_dq_dock_pose.pdb,proved,STRICT_CERTIFIED,,5,4.78167724609375,benchmark_results_metal_dqonly/pdb_redocking_20260322_210439_poses/2aov_receptor.pdb,benchmark_results_metal_dqonly/pdb_redocking_20260322_210439_poses/2aov_native_ligand.pdb,transferase,standard,success,
DQ-Dock,dq_dock,2aou,HISTAMINE METHYLTRANSFERASE COMPLEXED WITH THE ANTIMALARIAL,43.01569565217392,-31.654347826086966,0.3944782608695652,12.0,12.0,12.0,23,187,energy,-14.171500205993652,0.20494557917118073,0.20494557917118073,69.61981645166998,57.62676668167114,11.992655051999463,69.61981645166998,benchmark_results_metal_dqonly/pdb_redocking_20260322_210439_poses/2aou_dq_dock_pose.pdb,proved,STRICT_CERTIFIED,,4,6.819516658782959,benchmark_results_metal_dqonly/pdb_redocking_20260322_210439_poses/2aou_receptor.pdb,benchmark_results_metal_dqonly/pdb_redocking_20260322_210439_poses/2aou_native_ligand.pdb,transferase,standard,success,
DQ-Dock,dq_dock,1pbq,CRYSTAL STRUCTURE OF THE NR1 LIGAND BINDING CORE IN COMPLEX,5.637625,37.816874999999996,-17.061562499999994,12.0,12.0,12.0,16,184,energy,-12.487643241882324,0.14845511317253113,0.14845511317253113,65.29522398784229,54.19938611984253,11.09549230399989,65.29522398784229,benchmark_results_metal_dqonly/pdb_redocking_20260322_210439_poses/1pbq_dq_dock_pose.pdb,proved,STRICT_CERTIFIED,,5,5.857656002044678,benchmark_results_metal_dqonly/pdb_redocking_20260322_210439_poses/1pbq_receptor.pdb,benchmark_results_metal_dqonly/pdb_redocking_20260322_210439_poses/1pbq_native_ligand.pdb,transport,standard,success,
DQ-Dock,dq_dock,1vfn,PURINE NUCLEOSIDE PHOSPHORYLASE,73.4531,48.22359999999999,49.996,12.0,12.0,12.0,10,206,energy,-7.476003646850586,0.502251386642456,0.502251386642456,70.12924776645013,58.82956290245056,11.299369106000086,70.12924776645013,benchmark_results_metal_dqonly/pdb_redocking_20260322_210439_poses/1vfn_dq_dock_pose.pdb,proved,STRICT_CERTIFIED,,25,4.331209182739258,benchmark_results_metal_dqonly/pdb_redocking_20260322_210439_poses/1vfn_receptor.pdb,benchmark_results_metal_dqonly/pdb_redocking_20260322_210439_poses/1vfn_native_ligand.pdb,transferase,standard,success,
DQ-Dock,dq_dock,1p1q,CRYSTAL STRUCTURE OF THE GLUR2 LIGAND BINDING CORE (S1S2J),76.82807692307694,27.027153846153848,41.40400000000001,12.0,12.0,12.0,13,233,energy,-12.428221702575684,0.19116881489753723,0.19116881489753723,70.96989392384239,60.07590293884277,10.89351263899971,70.96989392384239,benchmark_results_metal_dqonly/pdb_redocking_20260322_210439_poses/1p1q_dq_dock_pose.pdb,proved,STRICT_CERTIFIED,,3,5.625301837921143,benchmark_results_metal_dqonly/pdb_redocking_20260322_210439_poses/1p1q_receptor.pdb,benchmark_results_metal_dqonly/pdb_redocking_20260322_210439_poses/1p1q_native_ligand.pdb,other,standard,success,
DQ-Dock,dq_dock,1syh,X-RAY STRUCTURE OF THE GLUR2 LIGAND-BINDING CORE (S1S2J) IN,21.941235294117647,13.80405882352941,23.325176470588232,12.0,12.0,12.0,17,215,energy,-16.202991485595703,0.020786184817552567,0.020786184817552567,69.64488546240591,58.24100184440613,11.403471206999711,69.64488546240591,benchmark_results_metal_dqonly/pdb_redocking_20260322_210439_poses/1syh_dq_dock_pose.pdb,proved,STRICT_CERTIFIED,,2,10.16285228729248,benchmark_results_metal_dqonly/pdb_redocking_20260322_210439_poses/1syh_receptor.pdb,benchmark_results_metal_dqonly/pdb_redocking_20260322_210439_poses/1syh_native_ligand.pdb,other,standard,success,
DQ-Dock,dq_dock,1ftm,CRYSTAL STRUCTURE OF THE GLUR2 LIGAND BINDING CORE (S1S2J),76.75323076923075,26.86053846153846,41.594307692307694,12.0,12.0,12.0,13,236,energy,-12.573270797729492,0.11100514233112335,0.11100514233112335,70.21406852554719,59.11164569854736,11.1019766419995,70.21406852554719,benchmark_results_metal_dqonly/pdb_redocking_20260322_210439_poses/1ftm_dq_dock_pose.pdb,proved,STRICT_CERTIFIED,,3,4.862888813018799,benchmark_results_metal_dqonly/pdb_redocking_20260322_210439_poses/1ftm_receptor.pdb,benchmark_results_metal_dqonly/pdb_redocking_20260322_210439_poses/1ftm_native_ligand.pdb,other,standard,success,
DQ-Dock,dq_dock,1fcx,ISOTYPE SELECTIVITY OF THE HUMAN RETINOIC ACID NUCLEAR,43.30320000000001,26.25094285714286,95.92874285714286,12.0,12.0,12.0,35,80,energy,-5.865977764129639,1.1806459426879883,1.1806459426879883,52.988073732128214,39.78786301612854,13.199694318000184,52.988073732128214,benchmark_results_metal_dqonly/pdb_redocking_20260322_210439_poses/1fcx_dq_dock_pose.pdb,proved,STRICT_CERTIFIED,,25,3.5889209508895874,benchmark_results_metal_dqonly/pdb_redocking_20260322_210439_poses/1fcx_receptor.pdb,benchmark_results_metal_dqonly/pdb_redocking_20260322_210439_poses/1fcx_native_ligand.pdb,other,standard,success,
DQ-Dock,dq_dock,1fd0,ISOTYPE SELECTIVITY OF THE HUMAN RETINOIC ACID NUCLEAR,40.1126,15.309200000000002,84.45313333333333,12.0,12.0,12.0,30,212,energy,-18.278608322143555,0.25757309794425964,0.25757309794425964,71.3024717243743,59.090254068374634,12.211833157999536,71.3024717243743,benchmark_results_metal_dqonly/pdb_redocking_20260322_210439_poses/1fd0_dq_dock_pose.pdb,proved,STRICT_CERTIFIED,,6,9.380809783935547,benchmark_results_metal_dqonly/pdb_redocking_20260322_210439_poses/1fd0_receptor.pdb,benchmark_results_metal_dqonly/pdb_redocking_20260322_210439_poses/1fd0_native_ligand.pdb,other,standard,success,
DQ-Dock,dq_dock,1fcz,ISOTYPE SELECTIVITY OF THE HUMAN RETINOIC ACID NUCLEAR,43.23608571428572,26.452428571428573,96.17982857142857,12.0,12.0,12.0,35,81,energy,-6.33369255065918,1.219587802886963,1.219587802886963,49.065294775436996,36.4622905254364,12.602472233000299,49.065294775436996,benchmark_results_metal_dqonly/pdb_redocking_20260322_210439_poses/1fcz_dq_dock_pose.pdb,proved,STRICT_CERTIFIED,,22,3.8935458660125732,benchmark_results_metal_dqonly/pdb_redocking_20260322_210439_poses/1fcz_receptor.pdb,benchmark_results_metal_dqonly/pdb_redocking_20260322_210439_poses/1fcz_native_ligand.pdb,other,standard,success,
DQ-Dock,dq_dock,1f4e,CRYSTAL STRUCTURE OF E. COLI THYMIDYLATE SYNTHASE COMPLEXED,36.137888888888895,59.545722222222224,81.24744444444444,12.0,12.0,12.0,18,168,energy,-8.843109130859375,0.2989470660686493,0.2989470660686493,56.14888358398912,43.5714955329895,12.576962594999713,56.14888358398912,benchmark_results_metal_dqonly/pdb_redocking_20260322_210439_poses/1f4e_dq_dock_pose.pdb,proved,STRICT_CERTIFIED,,12,3.8505940437316895,benchmark_results_metal_dqonly/pdb_redocking_20260322_210439_poses/1f4e_receptor.pdb,benchmark_results_metal_dqonly/pdb_redocking_20260322_210439_poses/1f4e_native_ligand.pdb,transferase,standard,success,
DQ-Dock,dq_dock,1f4f,CRYSTAL STRUCTURE OF E. COLI THYMIDYLATE SYNTHASE COMPLEXED,45.402620689655166,40.56651724137932,21.738344827586204,12.0,12.0,12.0,29,159,energy,-10.736010551452637,0.20280690491199493,0.20280690491199493,71.00416298227265,58.956005573272705,12.047748564999893,71.00416298227265,benchmark_results_metal_dqonly/pdb_redocking_20260322_210439_poses/1f4f_dq_dock_pose.pdb,proved,STRICT_CERTIFIED,,8,4.17567253112793,benchmark_results_metal_dqonly/pdb_redocking_20260322_210439_poses/1f4f_receptor.pdb,benchmark_results_metal_dqonly/pdb_redocking_20260322_210439_poses/1f4f_native_ligand.pdb,transferase,standard,success,
DQ-Dock,dq_dock,1f4g,CRYSTAL STRUCTURE OF E. COLI THYMIDYLATE SYNTHASE COMPLEXED,15.108411764705883,14.920529411764706,34.64867647058823,12.0,12.0,12.0,34,173,energy,-14.197837829589844,0.25260767340660095,0.25260767340660095,66.3470046651255,53.97170567512512,12.374828449000233,66.3470046651255,benchmark_results_metal_dqonly/pdb_redocking_20260322_210439_poses/1f4g_dq_dock_pose.pdb,proved,STRICT_CERTIFIED,,5,8.184464454650879,benchmark_results_metal_dqonly/pdb_redocking_20260322_210439_poses/1f4g_receptor.pdb,benchmark_results_metal_dqonly/pdb_redocking_20260322_210439_poses/1f4g_native_ligand.pdb,transferase,standard,success,
DQ-Dock,dq_dock,1sqa,SUBSTITUTED 2-NAPHTHAMIDINE INHIBITORS OF UROKINASE,23.388258064516126,16.340838709677417,33.38151612903226,12.0,12.0,12.0,31,162,energy,-14.645173072814941,0.06557731330394745,0.06557731330394745,81.4816394186355,67.69763565063477,13.777715691000594,81.4816394186355,benchmark_results_metal_dqonly/pdb_redocking_20260322_210439_poses/1sqa_dq_dock_pose.pdb,proved,STRICT_CERTIFIED,,3,7.379866600036621,benchmark_results_metal_dqonly/pdb_redocking_20260322_210439_poses/1sqa_receptor.pdb,benchmark_results_metal_dqonly/pdb_redocking_20260322_210439_poses/1sqa_native_ligand.pdb,hydrolase,standard,success,
DQ-Dock,dq_dock,2b1v,HUMAN ESTROGEN RECEPTOR ALPHA LIGAND-BINDING DOMAIN IN,4.062473684210526,4.107052631578947,-6.091157894736842,12.0,12.0,12.0,19,220,energy,-11.3384428024292,0.9262993931770325,0.9262993931770325,44.498838336166045,32.14320135116577,12.355179869000494,44.498838336166045,benchmark_results_metal_dqonly/pdb_redocking_20260322_210439_poses/2b1v_dq_dock_pose.pdb,proved,STRICT_CERTIFIED,,4,5.543582916259766,benchmark_results_metal_dqonly/pdb_redocking_20260322_210439_poses/2b1v_receptor.pdb,benchmark_results_metal_dqonly/pdb_redocking_20260322_210439_poses/2b1v_native_ligand.pdb,other,standard,success,
DQ-Dock,dq_dock,2fai,HUMAN ESTROGEN RECEPTOR ALPHA LIGAND-BINDING DOMAIN IN,-1.8991499999999988,-7.692699999999999,22.201300000000003,12.0,12.0,12.0,20,217,energy,-11.636042594909668,0.999282956123352,0.999282956123352,64.24112309782595,49.89876890182495,14.341943248000462,64.24112309782595,benchmark_results_metal_dqonly/pdb_redocking_20260322_210439_poses/2fai_dq_dock_pose.pdb,proved,STRICT_CERTIFIED,,3,5.970765829086304,benchmark_results_metal_dqonly/pdb_redocking_20260322_210439_poses/2fai_receptor.pdb,benchmark_results_metal_dqonly/pdb_redocking_20260322_210439_poses/2fai_native_ligand.pdb,other,standard,success,
DQ-Dock,dq_dock,2ayr,A SERM DESIGNED FOR THE TREATMENT OF UTERINE LEIOMYOMA WITH,31.79745945945946,-1.2207027027027026,25.493891891891895,12.0,12.0,12.0,37,191,energy,-19.601818084716797,0.27170369029045105,0.27170369029045105,65.66356441181142,49.45640516281128,16.20668412899977,65.66356441181142,benchmark_results_metal_dqonly/pdb_redocking_20260322_210439_poses/2ayr_dq_dock_pose.pdb,proved,STRICT_CERTIFIED,,5,7.438618183135986,benchmark_results_metal_dqonly/pdb_redocking_20260322_210439_poses/2ayr_receptor.pdb,benchmark_results_metal_dqonly/pdb_redocking_20260322_210439_poses/2ayr_native_ligand.pdb,transcription,standard,success,
DQ-Dock,dq_dock,1ttm,HUMAN CARBONIC ANHYDRASE II COMPLEXED WITH 667-COUMATE,22.043761904761908,30.78833333333333,20.272761904761904,12.0,12.0,12.0,21,185,energy,-77.16926574707031,1.4283720254898071,1.4283720254898071,68.51716764931189,57.088667154312134,11.428103944000213,68.51716764931189,benchmark_results_metal_dqonly/pdb_redocking_20260322_210439_poses/1ttm_dq_dock_pose.pdb,proved,STRICT_CERTIFIED,,26,78.40747833251953,benchmark_results_metal_dqonly/pdb_redocking_20260322_210439_poses/1ttm_receptor.pdb,benchmark_results_metal_dqonly/pdb_redocking_20260322_210439_poses/1ttm_native_ligand.pdb,lyase,metal_mediated,success,
DQ-Dock,dq_dock,1if7,CARBONIC ANHYDRASE II COMPLEXED WITH,-3.3592307692307695,5.52796153846154,14.382038461538464,12.0,12.0,12.0,26,147,energy,-56.65829086303711,1.4287751913070679,1.4287751913070679,66.97045455070565,55.673749923706055,11.296328043999893,66.97045455070565,benchmark_results_metal_dqonly/pdb_redocking_20260322_210439_poses/1if7_dq_dock_pose.pdb,proved,STRICT_CERTIFIED,,30,72.76188659667969,benchmark_results_metal_dqonly/pdb_redocking_20260322_210439_poses/1if7_receptor.pdb,benchmark_results_metal_dqonly/pdb_redocking_20260322_210439_poses/1if7_native_ligand.pdb,lyase,metal_mediated,success,
DQ-Dock,dq_dock,2bok,FACTOR XA - CATION,-4.30548275862069,10.081931034482755,22.54255172413793,12.0,12.0,12.0,29,156,energy,-16.470502853393555,0.3126530945301056,0.3126530945301056,68.63915268405981,55.02657198905945,13.612176599999657,68.63915268405981,benchmark_results_metal_dqonly/pdb_redocking_20260322_210439_poses/2bok_dq_dock_pose.pdb,proved,STRICT_CERTIFIED,,5,9.547691345214844,benchmark_results_metal_dqonly/pdb_redocking_20260322_210439_poses/2bok_receptor.pdb,benchmark_results_metal_dqonly/pdb_redocking_20260322_210439_poses/2bok_native_ligand.pdb,hydrolase,standard,success,
DQ-Dock,dq_dock,1nfy,CRYSTAL STRUCTURE OF HUMAN COAGULATION FACTOR XA COMPLEXED,7.805533333333333,5.563566666666667,22.40363333333333,12.0,12.0,12.0,30,155,energy,-17.883647918701172,0.358031302690506,0.358031302690506,63.04214983683323,49.575132846832275,13.466583489000186,63.04214983683323,benchmark_results_metal_dqonly/pdb_redocking_20260322_210439_poses/1nfy_dq_dock_pose.pdb,proved,STRICT_CERTIFIED,,4,7.458137512207031,benchmark_results_metal_dqonly/pdb_redocking_20260322_210439_poses/1nfy_receptor.pdb,benchmark_results_metal_dqonly/pdb_redocking_20260322_210439_poses/1nfy_native_ligand.pdb,hydrolase,standard,success,
DQ-Dock,dq_dock,1mq6,CRYSTAL STRUCTURE OF 3-CHLORO-N-[4-CHLORO-2-[[(5-CHLORO-2-PY,7.384250000000002,5.739722222222221,21.969166666666663,12.0,12.0,12.0,36,139,energy,-19.0336971282959,0.2066291868686676,0.2066291868686676,84.90371427891114,71.37777328491211,13.52548349799963,84.90371427891114,benchmark_results_metal_dqonly/pdb_redocking_20260322_210439_poses/1mq6_dq_dock_pose.pdb,proved,STRICT_CERTIFIED,,4,8.10873794555664,benchmark_results_metal_dqonly/pdb_redocking_20260322_210439_poses/1mq6_receptor.pdb,benchmark_results_metal_dqonly/pdb_redocking_20260322_210439_poses/1mq6_native_ligand.pdb,hydrolase,standard,success,
DQ-Dock,dq_dock,2usn,CRYSTAL STRUCTURE OF THE CATALYTIC DOMAIN OF HUMAN,26.280142857142856,43.37975000000001,47.809642857142855,12.0,12.0,12.0,28,156,energy,-17.402278900146484,0.20784980058670044,0.20784980058670044,64.10613685509907,49.472814083099365,14.632701956999881,64.10613685509907,benchmark_results_metal_dqonly/pdb_redocking_20260322_210439_poses/2usn_dq_dock_pose.pdb,proved,STRICT_CERTIFIED,,25,19.719401359558105,benchmark_results_metal_dqonly/pdb_redocking_20260322_210439_poses/2usn_receptor.pdb,benchmark_results_metal_dqonly/pdb_redocking_20260322_210439_poses/2usn_native_ligand.pdb,hydrolase,metal_mediated,success,
DQ-Dock,dq_dock,2d1o,STROMELYSIN-1 (MMP-3) COMPLEXED TO A HYDROXAMIC ACID,28.76160606060606,6.733151515151515,14.320303030303027,12.0,12.0,12.0,33,177,energy,-71.37137603759766,0.2663058340549469,0.2663058340549469,69.50899708581164,51.27151274681091,18.236961579000308,69.50899708581164,benchmark_results_metal_dqonly/pdb_redocking_20260322_210439_poses/2d1o_dq_dock_pose.pdb,proved,STRICT_CERTIFIED,,17,44.20159339904785,benchmark_results_metal_dqonly/pdb_redocking_20260322_210439_poses/2d1o_receptor.pdb,benchmark_results_metal_dqonly/pdb_redocking_20260322_210439_poses/2d1o_native_ligand.pdb,hydrolase,metal_mediated,success,
DQ-Dock,dq_dock,2flb,DISCOVERY OF A NOVEL HYDROXY PYRAZOLE BASED FACTOR IXA,9.881208333333332,7.338249999999999,51.15820833333334,12.0,12.0,12.0,24,155,energy,-6.768054962158203,3.39988374710083,3.39988374710083,78.01535723135203,63.76233410835266,14.252637692999997,78.01535723135203,benchmark_results_metal_dqonly/pdb_redocking_20260322_210439_poses/2flb_dq_dock_pose.pdb,proved,STRICT_CERTIFIED,,25,9.448302745819092,benchmark_results_metal_dqonly/pdb_redocking_20260322_210439_poses/2flb_receptor.pdb,benchmark_results_metal_dqonly/pdb_redocking_20260322_210439_poses/2flb_native_ligand.pdb,hydrolase,standard,success,
DQ-Dock,dq_dock,2b7d,"FACTOR VIIA INHIBITORS: CHEMICAL OPTIMIZATION, PRECLINICAL",-13.692435897435894,4.42997435897436,10.010076923076923,12.0,12.0,12.0,39,137,energy,-16.01065444946289,0.3125342130661011,0.3125342130661011,63.544831094447545,46.49017596244812,17.054015189999518,63.544831094447545,benchmark_results_metal_dqonly/pdb_redocking_20260322_210439_poses/2b7d_dq_dock_pose.pdb,proved,STRICT_CERTIFIED,,9,8.27089786529541,benchmark_results_metal_dqonly/pdb_redocking_20260322_210439_poses/2b7d_receptor.pdb,benchmark_results_metal_dqonly/pdb_redocking_20260322_210439_poses/2b7d_native_ligand.pdb,other,standard,success,
DQ-Dock,dq_dock,1j17,FACTOR XA SPECIFIC INHIBITOR IN COMPLEX WITH RAT TRYPSIN,10.616235294117647,49.49079411764706,59.5550294117647,12.0,12.0,12.0,34,139,energy,-18.602773666381836,0.3686487078666687,0.3686487078666687,75.23018264186067,58.512792348861694,16.716866961999585,75.23018264186067,benchmark_results_metal_dqonly/pdb_redocking_20260322_210439_poses/1j17_dq_dock_pose.pdb,proved,STRICT_CERTIFIED,,4,9.264261245727539,benchmark_results_metal_dqonly/pdb_redocking_20260322_210439_poses/1j17_receptor.pdb,benchmark_results_metal_dqonly/pdb_redocking_20260322_210439_poses/1j17_native_ligand.pdb,hydrolase,standard,success,
DQ-Dock,dq_dock,1v2o,TRYPSIN INHIBITOR IN COMPLEX WITH BOVINE TRYPSIN VARIANT,-1.2995333333333332,19.621566666666663,17.227266666666665,12.0,12.0,12.0,30,118,energy,-11.096949577331543,0.18124282360076904,0.18124282360076904,63.61307136551113,48.84049963951111,14.77201068300019,63.61307136551113,benchmark_results_metal_dqonly/pdb_redocking_20260322_210439_poses/1v2o_dq_dock_pose.pdb,proved,STRICT_CERTIFIED,,1,0.25934362411499023,benchmark_results_metal_dqonly/pdb_redocking_20260322_210439_poses/1v2o_receptor.pdb,benchmark_results_metal_dqonly/pdb_redocking_20260322_210439_poses/1v2o_native_ligand.pdb,hydrolase,standard,success,
DQ-Dock,dq_dock,1jys,CRYSTAL STRUCTURE OF E. COLI MTA/ADOHCY NUCLEOSIDASE,-5.6331999999999995,-37.2485,-0.04630000000000012,12.0,12.0,12.0,10,175,energy,-6.779311180114746,0.7085258960723877,0.7085258960723877,63.5279160644086,43.69562315940857,19.83190651299992,63.5279160644086,benchmark_results_metal_dqonly/pdb_redocking_20260322_210439_poses/1jys_dq_dock_pose.pdb,proved,STRICT_CERTIFIED,,21,3.065467357635498,benchmark_results_metal_dqonly/pdb_redocking_20260322_210439_poses/1jys_receptor.pdb,benchmark_results_metal_dqonly/pdb_redocking_20260322_210439_poses/1jys_native_ligand.pdb,hydrolase,standard,success,
DQ-Dock,dq_dock,1nc1,CRYSTAL STRUCTURE OF E. COLI MTA/ADOHCY NUCLEOSIDASE,56.09855,73.21419999999998,20.585199999999997,12.0,12.0,12.0,20,223,energy,-15.726747512817383,0.3266359865665436,0.3266359865665436,105.15146135624673,90.13289523124695,15.018041369999992,105.15146135624673,benchmark_results_metal_dqonly/pdb_redocking_20260322_210439_poses/1nc1_dq_dock_pose.pdb,proved,STRICT_CERTIFIED,,1,0.9712014198303223,benchmark_results_metal_dqonly/pdb_redocking_20260322_210439_poses/1nc1_receptor.pdb,benchmark_results_metal_dqonly/pdb_redocking_20260322_210439_poses/1nc1_native_ligand.pdb,hydrolase,standard,success,
DQ-Dock,dq_dock,1y6q,CYRSTAL STRUCTURE OF MTA/ADOHCY NUCLEOSIDASE COMPLEXED WITH,56.31579999999999,73.0299,20.8522,12.0,12.0,12.0,20,222,energy,-15.336465835571289,0.33244937658309937,0.33244937658309937,86.18432478260729,71.82244539260864,14.361461918999339,86.18432478260729,benchmark_results_metal_dqonly/pdb_redocking_20260322_210439_poses/1y6q_dq_dock_pose.pdb,proved,STRICT_CERTIFIED,,4,8.04439115524292,benchmark_results_metal_dqonly/pdb_redocking_20260322_210439_poses/1y6q_receptor.pdb,benchmark_results_metal_dqonly/pdb_redocking_20260322_210439_poses/1y6q_native_ligand.pdb,hydrolase,standard,success,
DQ-Dock,dq_dock,1bma,BENZYL METHYL AMINIMIDE INHIBITOR COMPLEXED TO PORCINE,37.998000000000005,20.38845945945946,37.56989189189189,12.0,12.0,12.0,37,130,energy,-17.90583038330078,0.11261472851037979,0.11261472851037979,62.263738833746174,47.23413562774658,15.029109520999555,62.263738833746174,benchmark_results_metal_dqonly/pdb_redocking_20260322_210439_poses/1bma_dq_dock_pose.pdb,proved,STRICT_CERTIFIED,,6,8.355865478515625,benchmark_results_metal_dqonly/pdb_redocking_20260322_210439_poses/1bma_receptor.pdb,benchmark_results_metal_dqonly/pdb_redocking_20260322_210439_poses/1bma_native_ligand.pdb,hydrolase,standard,success,
DQ-Dock,dq_dock,1ela,ANALOGOUS INHIBITORS OF ELASTASE DO NOT ALWAYS BIND,38.62825,19.671937500000002,38.34618749999999,12.0,12.0,12.0,32,138,energy,-16.345714569091797,0.16633394360542297,0.16633394360542297,66.94108032418808,48.60545063018799,18.335082687999602,66.94108032418808,benchmark_results_metal_dqonly/pdb_redocking_20260322_210439_poses/1ela_dq_dock_pose.pdb,proved,STRICT_CERTIFIED,,6,7.997688293457031,benchmark_results_metal_dqonly/pdb_redocking_20260322_210439_poses/1ela_receptor.pdb,benchmark_results_metal_dqonly/pdb_redocking_20260322_210439_poses/1ela_native_ligand.pdb,hydrolase,standard,success,
DQ-Dock,dq_dock,1elb,ANALOGOUS INHIBITORS OF ELASTASE DO NOT ALWAYS BIND,40.17381818181818,19.89439393939394,37.447090909090896,12.0,12.0,12.0,33,133,energy,-14.707846641540527,0.20697861909866333,0.20697861909866333,64.16613212757875,48.710105657577515,15.455563293000523,64.16613212757875,benchmark_results_metal_dqonly/pdb_redocking_20260322_210439_poses/1elb_dq_dock_pose.pdb,proved,STRICT_CERTIFIED,,5,6.229772567749023,benchmark_results_metal_dqonly/pdb_redocking_20260322_210439_poses/1elb_receptor.pdb,benchmark_results_metal_dqonly/pdb_redocking_20260322_210439_poses/1elb_native_ligand.pdb,hydrolase,standard,success,
DQ-Dock,dq_dock,1a69,PURINE NUCLEOSIDE PHOSPHORYLASE IN COMPLEX WITH FORMYCIN B,-18.284368421052633,70.95347368421054,68.21189473684211,12.0,12.0,12.0,19,214,energy,-14.430532455444336,0.2846318781375885,0.2846318781375885,85.43342795793978,70.99273085594177,14.440312242999426,85.43342795793978,benchmark_results_metal_dqonly/pdb_redocking_20260322_210439_poses/1a69_dq_dock_pose.pdb,proved,STRICT_CERTIFIED,,1,1.2778682708740234,benchmark_results_metal_dqonly/pdb_redocking_20260322_210439_poses/1a69_receptor.pdb,benchmark_results_metal_dqonly/pdb_redocking_20260322_210439_poses/1a69_native_ligand.pdb,transferase,standard,success,
DQ-Dock,dq_dock,3pce,"STRUCTURE OF PROTOCATECHUATE 3,4-DIOXYGENASE COMPLEXED WITH",23.36909090909091,11.406181818181818,37.20663636363636,12.0,12.0,12.0,11,209,energy,-36.272220611572266,0.3496566712856293,0.3496566712856293,77.84897330772947,58.84582543373108,19.00270805099899,77.84897330772947,benchmark_results_metal_dqonly/pdb_redocking_20260322_210439_poses/3pce_dq_dock_pose.pdb,proved,STRICT_CERTIFIED,,27,63.99151611328125,benchmark_results_metal_dqonly/pdb_redocking_20260322_210439_poses/3pce_receptor.pdb,benchmark_results_metal_dqonly/pdb_redocking_20260322_210439_poses/3pce_native_ligand.pdb,oxidoreductase,metal_mediated,success,
DQ-Dock,dq_dock,3pch,"STRUCTURE OF PROTOCATECHUATE 3,4-DIOXYGENASE COMPLEXED WITH",23.601090909090907,11.691545454545455,36.10481818181818,12.0,12.0,12.0,11,221,energy,-37.01991271972656,0.3525802493095398,0.3525802493095398,149.39528132934356,99.74354958534241,49.65136019000056,149.39528132934356,benchmark_results_metal_dqonly/pdb_redocking_20260322_210439_poses/3pch_dq_dock_pose.pdb,proved,STRICT_CERTIFIED,,27,45.41429138183594,benchmark_results_metal_dqonly/pdb_redocking_20260322_210439_poses/3pch_receptor.pdb,benchmark_results_metal_dqonly/pdb_redocking_20260322_210439_poses/3pch_native_ligand.pdb,oxidoreductase,metal_mediated,success,
DQ-Dock,dq_dock,3pcj,"STRUCTURE OF PROTOCATECHUATE 3,4-DIOXYGENASE COMPLEXED WITH",23.40563636363636,11.147636363636364,36.37490909090909,12.0,12.0,12.0,11,222,energy,-63.15679931640625,0.5571444630622864,0.5571444630622864,69.07294421174811,54.45201301574707,14.620417632000681,69.07294421174811,benchmark_results_metal_dqonly/pdb_redocking_20260322_210439_poses/3pcj_dq_dock_pose.pdb,proved,STRICT_CERTIFIED,,29,86.28861618041992,benchmark_results_metal_dqonly/pdb_redocking_20260322_210439_poses/3pcj_receptor.pdb,benchmark_results_metal_dqonly/pdb_redocking_20260322_210439_poses/3pcj_native_ligand.pdb,oxidoreductase,metal_mediated,success,
DQ-Dock,dq_dock,2cgr,LOCAL AND TRANSMITTED CONFORMATIONAL CHANGES ON,-9.897034482758619,39.6259655172414,17.342655172413796,12.0,12.0,12.0,29,156,energy,-17.845298767089844,0.526958167552948,0.526958167552948,66.93537158413164,52.26786470413208,14.661673448999863,66.93537158413164,benchmark_results_metal_dqonly/pdb_redocking_20260322_210439_poses/2cgr_dq_dock_pose.pdb,proved,STRICT_CERTIFIED,,5,4.939697265625,benchmark_results_metal_dqonly/pdb_redocking_20260322_210439_poses/2cgr_receptor.pdb,benchmark_results_metal_dqonly/pdb_redocking_20260322_210439_poses/2cgr_native_ligand.pdb,other,standard,success,
DQ-Dock,dq_dock,1flr,4-4-20 FAB FRAGMENT,25.2496,23.104159999999997,41.04592,12.0,12.0,12.0,25,178,energy,-19.061378479003906,0.35172632336616516,0.35172632336616516,76.98403480034358,59.89262104034424,17.090990347000115,76.98403480034358,benchmark_results_metal_dqonly/pdb_redocking_20260322_210439_poses/1flr_dq_dock_pose.pdb,proved,STRICT_CERTIFIED,,6,9.954513549804688,benchmark_results_metal_dqonly/pdb_redocking_20260322_210439_poses/1flr_receptor.pdb,benchmark_results_metal_dqonly/pdb_redocking_20260322_210439_poses/1flr_native_ligand.pdb,other,standard,success,
DQ-Dock,dq_dock,2gss,HUMAN GLUTATHIONE S-TRANSFERASE P1-1 IN COMPLEX WITH,7.214736842105264,3.4391578947368417,27.186157894736844,12.0,12.0,12.0,19,143,energy,-7.974225997924805,0.4783722460269928,0.4783722460269928,69.0894645215867,53.60411858558655,15.484993738000412,69.0894645215867,benchmark_results_metal_dqonly/pdb_redocking_20260322_210439_poses/2gss_dq_dock_pose.pdb,proved,STRICT_CERTIFIED,,22,4.042173862457275,benchmark_results_metal_dqonly/pdb_redocking_20260322_210439_poses/2gss_receptor.pdb,benchmark_results_metal_dqonly/pdb_redocking_20260322_210439_poses/2gss_native_ligand.pdb,transferase,standard,success,
DQ-Dock,dq_dock,3gss,HUMAN GLUTATHIONE S-TRANSFERASE P1-1 IN COMPLEX WITH,8.255589743589741,6.429333333333332,26.28525641025641,12.0,12.0,12.0,39,121,energy,-17.63483238220215,0.23045746982097626,0.23045746982097626,75.81511028788373,57.7534556388855,18.061193704999823,75.81511028788373,benchmark_results_metal_dqonly/pdb_redocking_20260322_210439_poses/3gss_dq_dock_pose.pdb,proved,STRICT_CERTIFIED,,4,3.5104222297668457,benchmark_results_metal_dqonly/pdb_redocking_20260322_210439_poses/3gss_receptor.pdb,benchmark_results_metal_dqonly/pdb_redocking_20260322_210439_poses/3gss_native_ligand.pdb,transferase,multi_residue,success,
DQ-Dock,dq_dock,10gs,"HUMAN GLUTATHIONE S-TRANSFERASE P1-1, COMPLEX WITH TER117",9.826515151515151,6.737060606060607,28.122545454545456,12.0,12.0,12.0,33,130,energy,-16.250642776489258,0.14287860691547394,0.14287860691547394,63.300694363424554,47.60779690742493,15.684160463999433,63.300694363424554,benchmark_results_metal_dqonly/pdb_redocking_20260322_210439_poses/10gs_dq_dock_pose.pdb,proved,STRICT_CERTIFIED,,6,8.34625768661499,benchmark_results_metal_dqonly/pdb_redocking_20260322_210439_poses/10gs_receptor.pdb,benchmark_results_metal_dqonly/pdb_redocking_20260322_210439_poses/10gs_native_ligand.pdb,transferase,standard,success,
DQ-Dock,dq_dock,2std,SCYTALONE DEHYDRATASE COMPLEXED WITH TIGHT-BINDING,29.592399999999998,37.312599999999996,22.4937,12.0,12.0,12.0,20,221,energy,-12.233017921447754,0.09065525978803635,0.09065525978803635,68.69277623195558,54.01211857795715,14.680333038999379,68.69277623195558,benchmark_results_metal_dqonly/pdb_redocking_20260322_210439_poses/2std_dq_dock_pose.pdb,proved,STRICT_CERTIFIED,,3,6.128861904144287,benchmark_results_metal_dqonly/pdb_redocking_20260322_210439_poses/2std_receptor.pdb,benchmark_results_metal_dqonly/pdb_redocking_20260322_210439_poses/2std_native_ligand.pdb,lyase,standard,success,
DQ-Dock,dq_dock,3std,SCYTALONE DEHYDRATASE AND CYANOCINNOLINE INHIBITOR,27.484999999999992,10.88860714285714,33.49939285714286,12.0,12.0,12.0,28,207,energy,-16.749168395996094,0.18421611189842224,0.18421611189842224,55.28972977427293,40.464680433273315,14.824529585999699,55.28972977427293,benchmark_results_metal_dqonly/pdb_redocking_20260322_210439_poses/3std_dq_dock_pose.pdb,proved,STRICT_CERTIFIED,,4,8.66463041305542,benchmark_results_metal_dqonly/pdb_redocking_20260322_210439_poses/3std_receptor.pdb,benchmark_results_metal_dqonly/pdb_redocking_20260322_210439_poses/3std_native_ligand.pdb,lyase,standard,success,
DQ-Dock,dq_dock,1jaq,COMPLEX OF 1-HYDROXYLAMINE-2-ISOBUTYLMALONYL-ALA-GLY-NH2,27.581809523809522,59.28499999999998,51.60199999999999,12.0,12.0,12.0,21,168,energy,-61.54121780395508,0.7817434668540955,0.7817434668540955,48.60868179508543,33.95666790008545,14.651626119999491,48.60868179508543,benchmark_results_metal_dqonly/pdb_redocking_20260322_210439_poses/1jaq_dq_dock_pose.pdb,proved,STRICT_CERTIFIED,,27,45.8056583404541,benchmark_results_metal_dqonly/pdb_redocking_20260322_210439_poses/1jaq_receptor.pdb,benchmark_results_metal_dqonly/pdb_redocking_20260322_210439_poses/1jaq_native_ligand.pdb,hydrolase,metal_mediated,success,
DQ-Dock,dq_dock,1zs0,CRYSTAL STRUCTURE OF THE COMPLEX BETWEEN MMP-8 AND A,10.325115384615385,22.476307692307692,14.472692307692306,12.0,12.0,12.0,26,189,energy,-45.63627624511719,0.8822658658027649,0.8822658658027649,63.83620416354097,48.16292476654053,15.672831437999776,63.83620416354097,benchmark_results_metal_dqonly/pdb_redocking_20260322_210439_poses/1zs0_dq_dock_pose.pdb,proved,STRICT_CERTIFIED,,22,65.13980674743652,benchmark_results_metal_dqonly/pdb_redocking_20260322_210439_poses/1zs0_receptor.pdb,benchmark_results_metal_dqonly/pdb_redocking_20260322_210439_poses/1zs0_native_ligand.pdb,hydrolase,metal_mediated,success,
DQ-Dock,dq_dock,1zvx,CRYSTAL STRUCTURE OF THE COMPLEX BETWEEN MMP-8 AND A,-1.9321153846153847,24.43815384615384,8.145538461538463,12.0,12.0,12.0,26,187,energy,-46.52389907836914,0.3475327789783478,0.3475327789783478,60.52632087554957,45.78741669654846,14.733346775999962,60.52632087554957,benchmark_results_metal_dqonly/pdb_redocking_20260322_210439_poses/1zvx_dq_dock_pose.pdb,proved,STRICT_CERTIFIED,,28,33.45639419555664,benchmark_results_metal_dqonly/pdb_redocking_20260322_210439_poses/1zvx_receptor.pdb,benchmark_results_metal_dqonly/pdb_redocking_20260322_210439_poses/1zvx_native_ligand.pdb,hydrolase,metal_mediated,success,
DQ-Dock,dq_dock,2d0k,METHIONINE-FREE MUTANT OF ESCHERICHIA COLI DIHYDROFOLATE,29.194906249999995,4.269968749999999,4.7145937500000015,12.0,12.0,12.0,32,149,energy,-13.296061515808105,0.38144639134407043,0.38144639134407043,60.44779296010529,45.85947132110596,14.587884691,60.44779296010529,benchmark_results_metal_dqonly/pdb_redocking_20260322_210439_poses/2d0k_dq_dock_pose.pdb,proved,STRICT_CERTIFIED,,6,4.052887916564941,benchmark_results_metal_dqonly/pdb_redocking_20260322_210439_poses/2d0k_receptor.pdb,benchmark_results_metal_dqonly/pdb_redocking_20260322_210439_poses/2d0k_native_ligand.pdb,oxidoreductase,standard,success,
DQ-Dock,dq_dock,1dhi,LONG-RANGE STRUCTURAL EFFECTS IN A SECOND-SITE REVERTANT OF,19.666454545454542,62.687969696969695,24.893878787878787,12.0,12.0,12.0,33,159,energy,-12.680096626281738,0.4307386875152588,0.4307386875152588,67.8903200806817,52.63815450668335,15.251745888999722,67.8903200806817,benchmark_results_metal_dqonly/pdb_redocking_20260322_210439_poses/1dhi_dq_dock_pose.pdb,proved,STRICT_CERTIFIED,,6,4.3098344802856445,benchmark_results_metal_dqonly/pdb_redocking_20260322_210439_poses/1dhi_receptor.pdb,benchmark_results_metal_dqonly/pdb_redocking_20260322_210439_poses/1dhi_native_ligand.pdb,oxidoreductase,standard,success,
DQ-Dock,dq_dock,2drc,INVESTIGATION OF THE FUNCTIONAL ROLE OF TRYPTOPHAN-22 IN,19.738121212121218,62.38812121212123,24.893606060606057,12.0,12.0,12.0,33,158,energy,-12.734981536865234,0.2795558273792267,0.2795558273792267,68.24412658354959,52.46643948554993,15.777218891000302,68.24412658354959,benchmark_results_metal_dqonly/pdb_redocking_20260322_210439_poses/2drc_dq_dock_pose.pdb,proved,STRICT_CERTIFIED,,2,6.383044719696045,benchmark_results_metal_dqonly/pdb_redocking_20260322_210439_poses/2drc_receptor.pdb,benchmark_results_metal_dqonly/pdb_redocking_20260322_210439_poses/2drc_native_ligand.pdb,oxidoreductase,standard,success,
DQ-Dock,dq_dock,1df8,S45A MUTANT OF STREPTAVIDIN IN COMPLEX WITH BIOTIN,29.527249999999995,14.7803125,12.32825,12.0,12.0,12.0,16,200,energy,-12.060714721679688,0.19153176248073578,0.19153176248073578,63.85273906770453,49.096954345703125,14.755252943999949,63.85273906770453,benchmark_results_metal_dqonly/pdb_redocking_20260322_210439_poses/1df8_dq_dock_pose.pdb,proved,STRICT_CERTIFIED,,4,4.653080463409424,benchmark_results_metal_dqonly/pdb_redocking_20260322_210439_poses/1df8_receptor.pdb,benchmark_results_metal_dqonly/pdb_redocking_20260322_210439_poses/1df8_native_ligand.pdb,transport,standard,success,
DQ-Dock,dq_dock,2f01,EPI-BIOTIN COMPLEX WITH CORE STREPTAVIDIN,29.6338125,14.8331875,12.392124999999998,12.0,12.0,12.0,16,208,energy,-12.550501823425293,0.11654728651046753,0.11654728651046753,62.17938415764729,46.81491827964783,15.364097550000224,62.17938415764729,benchmark_results_metal_dqonly/pdb_redocking_20260322_210439_poses/2f01_dq_dock_pose.pdb,proved,STRICT_CERTIFIED,,3,7.1343913078308105,benchmark_results_metal_dqonly/pdb_redocking_20260322_210439_poses/2f01_receptor.pdb,benchmark_results_metal_dqonly/pdb_redocking_20260322_210439_poses/2f01_native_ligand.pdb,transport,multi_residue,success,
DQ-Dock,dq_dock,2g8r,THE CRYSTAL STRUCTURE OF THE RNASE A-,36.41628000000001,-8.4832,16.357039999999998,12.0,12.0,12.0,25,95,energy,0.06556244939565659,81.55392456054688,81.55392456054688,70.65818170318744,55.17490077018738,15.482875384999716,70.65818170318744,benchmark_results_metal_dqonly/pdb_redocking_20260322_210439_poses/2g8r_dq_dock_pose.pdb,proved,STRICT_CERTIFIED,,1,153.5308873653412,benchmark_results_metal_dqonly/pdb_redocking_20260322_210439_poses/2g8r_receptor.pdb,benchmark_results_metal_dqonly/pdb_redocking_20260322_210439_poses/2g8r_native_ligand.pdb,hydrolase,standard,success,
DQ-Dock,dq_dock,1tyr,TRANSTHYRETIN COMPLEX WITH RETINOIC ACID,23.02136363636363,43.26509090909091,39.1255,12.0,12.0,12.0,22,106,energy,-5.080109596252441,5.807258605957031,5.807258605957031,49.78898949885661,35.13370895385742,14.649346291998881,49.78898949885661,benchmark_results_metal_dqonly/pdb_redocking_20260322_210439_poses/1tyr_dq_dock_pose.pdb,proved,STRICT_CERTIFIED,,23,2.8970766067504883,benchmark_results_metal_dqonly/pdb_redocking_20260322_210439_poses/1tyr_receptor.pdb,benchmark_results_metal_dqonly/pdb_redocking_20260322_210439_poses/1tyr_native_ligand.pdb,transport,standard,success,
DQ-Dock,dq_dock,1e5a,STRUCTURE OF HUMAN TRANSTHYRETIN COMPLEXED WITH,42.484500000000004,0.16599999999999998,27.4865,12.0,12.0,12.0,10,100,energy,-4.272365570068359,3.4243948459625244,3.4243948459625244,68.34107186256733,54.45215702056885,13.888574436999988,68.34107186256733,benchmark_results_metal_dqonly/pdb_redocking_20260322_210439_poses/1e5a_dq_dock_pose.pdb,proved,STRICT_CERTIFIED,,28,2.144607186317444,benchmark_results_metal_dqonly/pdb_redocking_20260322_210439_poses/1e5a_receptor.pdb,benchmark_results_metal_dqonly/pdb_redocking_20260322_210439_poses/1e5a_native_ligand.pdb,transport,standard,success,
DQ-Dock,dq_dock,2g5u,HUMAN TRANSTHYRETIN (TTR) COMPLEXED WITH HYDROXYLATED,21.520611111111112,42.87755555555555,6.454611111111111,12.0,12.0,12.0,18,99,energy,-6.4199442863464355,5.960180759429932,5.960180759429932,66.65789211069023,52.257877826690674,14.399682524999662,66.65789211069023,benchmark_results_metal_dqonly/pdb_redocking_20260322_210439_poses/2g5u_dq_dock_pose.pdb,proved,STRICT_CERTIFIED,,25,3.6880502700805664,benchmark_results_metal_dqonly/pdb_redocking_20260322_210439_poses/2g5u_receptor.pdb,benchmark_results_metal_dqonly/pdb_redocking_20260322_210439_poses/2g5u_native_ligand.pdb,other,standard,success,
DQ-Dock,dq_dock,1sv3,STRUCTURE OF THE COMPLEX FORMED BETWEEN PHOSPHOLIPASE A2,48.90954545454545,31.49481818181818,4.721636363636364,12.0,12.0,12.0,11,188,energy,-7.008453845977783,0.5580111742019653,0.5580111742019653,68.0399425445903,52.93765640258789,15.101833714001259,68.0399425445903,benchmark_results_metal_dqonly/pdb_redocking_20260322_210439_poses/1sv3_dq_dock_pose.pdb,proved,STRICT_CERTIFIED,,25,2.3777384757995605,benchmark_results_metal_dqonly/pdb_redocking_20260322_210439_poses/1sv3_receptor.pdb,benchmark_results_metal_dqonly/pdb_redocking_20260322_210439_poses/1sv3_native_ligand.pdb,hydrolase,standard,success,
DQ-Dock,dq_dock,1q7a,CRYSTAL STRUCTURE OF THE COMPLEX FORMED BETWEEN RUSSELL'S,8.12008333333333,22.79370833333334,-7.487333333333335,12.0,12.0,12.0,24,142,energy,-10.414112091064453,0.15324667096138,0.15324667096138,64.0620514339007,47.88504409790039,16.17658008699982,64.0620514339007,benchmark_results_metal_dqonly/pdb_redocking_20260322_210439_poses/1q7a_dq_dock_pose.pdb,proved,STRICT_CERTIFIED,,11,3.1613340377807617,benchmark_results_metal_dqonly/pdb_redocking_20260322_210439_poses/1q7a_receptor.pdb,benchmark_results_metal_dqonly/pdb_redocking_20260322_210439_poses/1q7a_native_ligand.pdb,hydrolase,standard,success,
DQ-Dock,dq_dock,2f80,HIV-1 PROTEASE MUTANT D30N COMPLEXED WITH INHIBITOR TMC114,15.749789473684206,22.53442105263158,16.78321052631579,12.0,12.0,12.0,38,204,energy,-20.035043716430664,0.3312440514564514,0.3312440514564514,61.406095975558856,44.15168619155884,17.25389297500078,61.406095975558856,benchmark_results_metal_dqonly/pdb_redocking_20260322_210439_poses/2f80_dq_dock_pose.pdb,proved,STRICT_CERTIFIED,,4,10.785893440246582,benchmark_results_metal_dqonly/pdb_redocking_20260322_210439_poses/2f80_receptor.pdb,benchmark_results_metal_dqonly/pdb_redocking_20260322_210439_poses/2f80_native_ligand.pdb,hydrolase,standard,success,
DQ-Dock,dq_dock,2i0d,CRYSTAL STRUCTURE OF AD-81 COMPLEXED WITH WILD TYPE HIV-1,19.03697777777777,29.475799999999996,12.62084444444445,12.0,12.0,12.0,45,185,energy,-17.713420867919922,0.09963954240083694,0.09963954240083694,67.75908637440807,50.52917122840881,17.229433652999433,67.75908637440807,benchmark_results_metal_dqonly/pdb_redocking_20260322_210439_poses/2i0d_dq_dock_pose.pdb,proved,STRICT_CERTIFIED,,4,8.169755935668945,benchmark_results_metal_dqonly/pdb_redocking_20260322_210439_poses/2i0d_receptor.pdb,benchmark_results_metal_dqonly/pdb_redocking_20260322_210439_poses/2i0d_native_ligand.pdb,hydrolase,standard,success,
DQ-Dock,dq_dock,1d7j,FKBP COMPLEXED WITH 4-HYDROXY-2-BUTANONE,60.29566666666667,-4.825666666666667,-0.9243333333333333,12.0,12.0,12.0,6,182,energy,-5.141541957855225,0.30444765090942383,0.30444765090942383,54.786194197640725,40.11946964263916,14.66644513600113,54.786194197640725,benchmark_results_metal_dqonly/pdb_redocking_20260322_210439_poses/1d7j_dq_dock_pose.pdb,proved,STRICT_CERTIFIED,,26,2.8309617042541504,benchmark_results_metal_dqonly/pdb_redocking_20260322_210439_poses/1d7j_receptor.pdb,benchmark_results_metal_dqonly/pdb_redocking_20260322_210439_poses/1d7j_native_ligand.pdb,isomerase,standard,success,
